Year,temp_winter,Location,temp_summer,temp_winter_europe,temp_summer_europe,loc_id,lon,lat,PDSI,PDSI_europe,PDSI_southern,precip_winter,precip_summer,precip_winter_europe,precip_summer_europe,nino3,nino34,nino4,nino12,JSL,NAO_cal,NAO_model,LocationSpecies,Price,Species,Latitude,Longitude,Deaths,ongoing_wars,started_wars,total_duration,Death_ratio,logprice
1500,-0.9294907034852802,Amsterdam,0.046393009193508805,-0.5834294586441428,0.09511927213084587,2,4.75,52.25,-0.49215714211124634,-0.7212960747905117,-1.5841478344397173,-11.69461789906812,-7.862071972092759,3.423454242090361,1.530405032374305,-0.15503659999999986,-0.1625159799999998,-0.13941193333333346,-0.11759397959183532,0.902820899,0.143463,1.13431,AmsterdamHerring,42.36,Herring,52.3730796,4.8924534,28533.333333333332,9.0,3.0,8.0,3170.3703703703704,3.7462045207332055
1501,0.7192245652940965,Amsterdam,-0.06648502807382509,0.4245532779980156,-0.055762120148231065,2,4.75,52.25,-0.9937036096681763,-0.37525003134016544,-0.3930212572800374,7.6256932747388,1.670305655932776,7.30808137153389,2.2341296365767267,-0.47998326666666646,-0.48515997999999977,-0.4374619333333334,-0.4283796938775495,-3.077853339,-0.599483,-0.479673,AmsterdamHerring,36.0,Herring,52.3730796,4.8924534,29233.333333333332,10.0,4.0,28.0,2923.333333333333,3.58351893845611
1502,-0.3731684384808321,Amsterdam,-0.032025532005349744,-0.2296429507281909,-0.005292222817839968,2,4.75,52.25,-2.8926946810576752,-0.456032011489104,-0.6171353319790184,-10.412834562779777,-3.451373039593652,5.254800622217371,1.9735186730346514,0.12936673333333348,0.14872002000000026,0.12036806666666663,0.05569173469387874,0.244743395,-0.213222,0.0599184,AmsterdamHerring,32.4,Herring,52.3730796,4.8924534,32066.666666666664,11.0,2.0,4.0,2915.151515151515,3.4781584227982836
1503,-0.6610772425950885,Amsterdam,0.17172443540518462,-0.38755460569533745,-0.03872800417267792,2,4.75,52.25,-4.137562746397887,-0.8398783388309022,-0.14462525795209086,-6.4652636471458385,-11.886023498546837,4.07659427657758,3.4738911269439883,0.06338340000000012,0.045396020000000224,0.019038066666666537,0.06606928571428701,-2.057649767,-0.58143,-0.0461077,AmsterdamHerring,35.16,Herring,52.3730796,4.8924534,28733.333333333332,10.0,2.0,9.0,2873.333333333333,3.559909072816976
1504,0.10908727608487691,Amsterdam,0.34032370821475405,-0.07732019690983417,0.016196902867204273,2,4.75,52.25,-1.4639523257394944,-0.8442011599841958,0.4046766400492545,-1.9110702213787778,-15.075740838037852,6.74238718387196,3.4689996153633214,0.37381673333333343,0.3842140200000002,0.3630880666666667,0.3433856122448993,-0.611973948,-0.622003,-0.645609,AmsterdamHerring,48.0,Herring,52.3730796,4.8924534,4533.333333333334,7.0,0.0,0.0,647.6190476190477,3.871201010907891
1505,0.4994037396965328,Amsterdam,-0.10455411647863484,0.3627894469629121,-0.2126905655682648,2,4.75,52.25,0.03520997042131333,0.18732466858199776,-0.5885949200512093,1.9967479841845304,5.285278025165514,6.359450872655395,4.293057060826501,-0.07281659999999983,-0.08424397999999984,-0.06831526666666678,-0.022093979591835414,-2.215751038,-0.385059,0.187286,AmsterdamHerring,33.6,Herring,52.3730796,4.8924534,1200.0,7.0,2.0,2.0,171.42857142857142,3.5145260669691587
1506,1.3386959885318073,Amsterdam,0.08428486720537254,0.3079332758543404,-0.15304167178135356,2,4.75,52.25,0.6775963196634965,0.26670224844887697,0.03881609587099142,17.03458023947139,-6.368358049855018,6.52022726942553,3.702005240415833,-0.5610899333333333,-0.5686119799999998,-0.5076152666666667,-0.4943184693877536,-1.532747851,-0.330529,0.0606492,AmsterdamHerring,31.2,Herring,52.3730796,4.8924534,3000.0,9.0,4.0,6.0,333.3333333333333,3.4404180948154366
1507,0.7435957135507656,Amsterdam,0.05048703127056241,0.12070757064689303,-0.05168947407272664,2,4.75,52.25,0.1064123550510803,1.2108266754058252,0.044647183797323166,16.58810032803522,-1.5011232890186483,6.6306195229584555,2.8588540697042957,0.13066006666666682,0.15687602000000017,0.1306980666666666,0.04330397959183823,-0.330155781,0.229714,-0.321967,AmsterdamHerring,46.8,Herring,52.3730796,4.8924534,3600.0,9.0,3.0,4.0,400.0,3.845883202923601
1508,-0.7939842834919135,Amsterdam,-0.1992837615082941,-0.39420152736549424,-0.28665900167837094,2,4.75,52.25,-0.3763554616144825,0.319480956735225,-0.017326590365277443,0.45836459173218724,0.7409905278860234,5.666115612824379,4.270606144450575,0.32778673333333347,0.3175640200000003,0.26630806666666657,0.293691734693879,-2.481220902,0.476179,0.968338,AmsterdamHerring,48.0,Herring,52.3730796,4.8924534,5733.333333333334,6.0,1.0,3.0,955.5555555555557,3.871201010907891
1509,-0.412694754560976,Amsterdam,-0.04902783436864,-0.32535945423416296,-0.2674854424195612,2,4.75,52.25,0.3317561657474856,0.5181480724100913,0.2974919597362635,-9.886798119532017,-5.8493642167299384,2.707227989484224,3.478154420919609,-0.32638493333333324,-0.35337197999999986,-0.31284860000000003,-0.2325939795918354,-0.196707436,0.52842,0.586647,AmsterdamHerring,42.0,Herring,52.3730796,4.8924534,4333.333333333334,6.0,2.0,4.0,722.2222222222223,3.7376696182833684
1510,0.14078394724998236,Amsterdam,-0.20143415694270606,-0.050444809890155644,-0.14530208116856402,2,4.75,52.25,0.5398862131268044,0.8247971096656982,-0.5291699039814893,-3.2972406257023485,3.3364612267765184,4.033906232007276,3.152895093444983,-0.38413826666666656,-0.3732659799999998,-0.33341526666666665,-0.36647153061224325,-0.401114591,-0.261194,0.0629704,AmsterdamHerring,44.16,Herring,52.3730796,4.8924534,4333.333333333334,5.0,2.0,2.0,866.6666666666667,3.78781940196884
1511,-0.8964313275210786,Amsterdam,-0.6480961009250852,-0.5459354177694768,-0.40294047945810385,2,4.75,52.25,0.8153064262001888,0.22411778472159716,-0.6016402589258072,-14.804473405788167,4.5009128560465586,4.983657915021553,4.124886067089575,1.1041134000000001,1.1547380200000001,1.0408680666666668,0.9029264285714301,0.979323606,0.80343,0.998086,AmsterdamHerring,42.0,Herring,52.3730796,4.8924534,5375.0,4.0,2.0,6.0,1343.75,3.7376696182833684
1512,-0.8672001280445114,Amsterdam,0.045802241217022026,-0.5296088570327996,-0.015366485079211735,2,4.75,52.25,0.42173720126861974,-0.40878816849756805,-0.7579632581616116,-8.041399092858793,-2.6963555526817204,6.080401119359919,3.9713450999442452,-0.5314765999999999,-0.6089179799999997,-0.5625352666666666,-0.3376347959183658,0.715458876,0.181379,0.196449,AmsterdamHerring,45.0,Herring,52.3730796,4.8924534,9775.0,8.0,5.0,14.0,1221.875,3.8066624897703196
1513,-0.8997790127211704,Amsterdam,-0.20744226726357687,-0.707702584495999,-0.26368194141020307,2,4.75,52.25,-1.0077875978367017,-0.22612221265583365,-0.041810161124125396,-9.48553013133543,4.30764959074029,5.216505677071998,3.5868688647969433,-0.31243326666666654,-0.27889197999999976,-0.20875193333333328,-0.30665520408163105,-2.809514715,0.185614,0.246433,AmsterdamHerring,45.0,Herring,52.3730796,4.8924534,19775.0,7.0,3.0,4.0,2825.0,3.8066624897703196
1514,-0.9415344932992579,Amsterdam,-0.28721957480835514,-0.728896750358846,-0.344842907724199,2,4.75,52.25,0.3567943669359751,0.11995870331112227,0.07469039908859622,-7.389189840570345,1.483626669014959,3.389973227613923,2.8710659402300394,0.2613484000000001,0.2826560200000001,0.22621139999999987,0.1649570408163279,-0.4215496,0.484727,0.254751,AmsterdamHerring,49.2,Herring,52.3730796,4.8924534,10775.0,5.0,1.0,1.0,2155.0,3.8958936234982624
1515,1.33276467804788,Amsterdam,-0.2786357161100018,0.6559344645920296,-0.3309925518356834,2,4.75,52.25,-0.10562991126394,0.0753238895548347,-1.046132062076625,19.572625151330474,2.5597189982037722,7.251386214093012,3.8483757473113105,0.08990506666666681,0.06580402000000021,0.04863139999999992,0.10801826530612389,-0.227701333,0.395779,0.316102,AmsterdamHerring,40.8,Herring,52.3730796,4.8924534,8275.0,6.0,5.0,16.0,1379.1666666666667,3.708682081410116
1516,0.404384618358395,Amsterdam,0.11554830852105427,0.02752597259207981,-0.028731212803614428,2,4.75,52.25,-3.85588298302738,-0.654480670113631,-0.7311693697332542,6.844741026558835,-14.380370670399842,5.423680599760406,0.2004881071690765,-0.5438599333333332,-0.5649799799999997,-0.5048219333333334,-0.44657357142857,0.080545355,0.182902,-0.042252,AmsterdamHerring,41.4,Herring,52.3730796,4.8924534,7275.0,8.0,4.0,6.0,909.375,3.7232808808312687
1519,0.12656613128253322,Amsterdam,-0.13242654960928232,-0.2602042242779845,-0.32729403774644067,2,4.75,52.25,-0.11110701777392207,-0.5188662823182252,0.40105831964051675,5.26092179307309,2.7616812872583534,5.374308370179719,4.666839116547857,0.19687006666666687,0.17511802000000026,0.1408114,0.20232438775510345,0.277732678,0.443957,0.297566,AmsterdamHerring,40.32,Herring,52.3730796,4.8924534,3400.0,9.0,6.0,17.0,377.77777777777777,3.696847623763113
1520,0.8182766626850508,Amsterdam,0.02353619618323434,0.12285971108349383,-0.15670662901032795,2,4.75,52.25,0.6134359291179923,-0.20567585599468818,0.3161458940459108,15.562320745090366,-7.388524171911536,6.562316190648609,2.238079945497836,0.5186450666666667,0.5334340200000002,0.5085314000000001,0.48767132653061374,-1.860499453,0.427161,0.980838,AmsterdamHerring,48.12,Herring,52.3730796,4.8924534,2400.0,8.0,2.0,8.0,300.0,3.873697891106478
1521,0.9930888453806731,Amsterdam,-0.05702683277027133,0.2844244690654424,-0.11239960116721402,2,4.75,52.25,0.0015648875742805925,0.5889048226754061,-1.3959180572088625,11.699147366614895,1.1693008489925025,4.7661385852393225,2.681106696748122,-0.23443159999999982,-0.25172997999999985,-0.21420526666666678,-0.14855316326530477,0.596623356,0.288109,0.505441,AmsterdamHerring,60.36,Herring,52.3730796,4.8924534,15633.333333333332,10.0,4.0,13.0,1563.3333333333333,4.100326633899648
1522,-0.12571542539639227,Amsterdam,-0.33045788300742435,-0.18614394329274955,-0.25960351706900864,2,4.75,52.25,-0.11267190534820265,-0.322694722026859,-0.10781246309037777,5.012859819743096,5.810706908855851,6.304348924718179,3.069127708186722,-0.5741515999999997,-0.5718259799999997,-0.5061919333333335,-0.5254103061224475,0.632770955,-0.366288,0.881716,AmsterdamHerring,60.6,Herring,52.3730796,4.8924534,70733.33333333333,13.0,5.0,11.0,5441.025641025641,4.104294893075269
1524,0.8061147192757758,Amsterdam,-0.5288495848712234,0.13914683544857756,-0.40202893416867347,2,4.75,52.25,-0.6509932309007265,0.4750754740501036,-1.1367759719145272,6.22702485007526,-5.488707492971057,5.5187612056049105,0.888697183254536,0.012816733333333427,-0.0010799799999999067,-0.0328752666666668,-0.007542959183672127,2.45276074,-0.15987,0.531597,AmsterdamHerring,61.92,Herring,52.3730796,4.8924534,84533.33333333333,6.0,1.0,2.0,14088.888888888889,4.125843229281472
1526,-0.07253843060622657,Amsterdam,-0.05350585563040999,-0.07544403195529943,-0.1790423714759077,2,4.75,52.25,1.6626930476731296,0.6194041864494285,-1.1251334278375615,-7.721303738811819,4.2431749567454755,4.354936616818438,2.7864606779498673,1.3827784,1.4262300200000002,1.3213247333333333,1.2341815306122461,0.482735407,0.840192,1.56755,AmsterdamHerring,61.56,Herring,52.3730796,4.8924534,21650.0,9.0,7.0,19.0,2405.5555555555557,4.120012308970678
1529,0.5553612824293629,Amsterdam,-0.4866510283107709,0.06471071770828564,-0.1252310715478251,2,4.75,52.25,0.27542021307338427,0.5916916329851186,0.0019472858618366266,-8.000422136589329,7.066492354878587,3.293610980391705,2.7760696159573355,-0.06406493333333317,-0.03485197999999979,-0.00010526666666670791,-0.08263479591836595,1.091738668,-0.117546,-0.219368,AmsterdamHerring,54.0,Herring,52.3730796,4.8924534,12630.0,8.0,3.0,7.0,1578.75,3.9889840465642745
1530,1.3601763121568677,Amsterdam,-0.33320495409808804,0.6738025261689067,-0.24033919458377417,2,4.75,52.25,-0.14944676334379658,-0.04479796887136633,-0.3408945588794987,16.1006824025546,-7.666229392851676,8.075487112424456,2.1871238029062816,0.5065234000000002,0.5253320200000001,0.4783080666666667,0.41500806122449135,2.337307871,-0.471792,-0.991856,AmsterdamHerring,52.44,Herring,52.3730796,4.8924534,13230.0,6.0,1.0,2.0,2205.0,3.959669658895499
1531,0.8507689013918251,Amsterdam,-0.2922115642096686,0.517067476941395,-0.2770180686249592,2,4.75,52.25,-1.4373492369767242,-0.6105544859889357,0.13100719121515797,9.860456138200083,7.284624185925102,6.980857764049006,3.454998099443572,0.09781840000000011,0.07342802000000022,0.07391140000000003,0.14521214285714434,-0.662463483,-0.158193,-0.0933321,AmsterdamHerring,53.28,Herring,52.3730796,4.8924534,10680.0,8.0,4.0,11.0,1335.0,3.9755610262321337
1534,-0.5762902226097021,Amsterdam,0.3271850284176875,-0.49528667477002764,0.06731789349059923,2,4.75,52.25,-2.4208810774120764,0.03231476492759545,-0.5521882420787414,0.274046172969624,-13.424881347248457,3.4659152498477663,2.8615444633678377,0.1981167333333335,0.20696202000000027,0.1544647333333334,0.11148765306122597,0.277854428,-0.560081,-0.0299837,AmsterdamHerring,41.04,Herring,52.3730796,4.8924534,5166.666666666667,10.0,6.0,14.0,516.6666666666667,3.714547200862514
1535,-0.05051460044279844,Amsterdam,-0.2686930910657289,-0.28598173844613406,-0.2162903218892582,2,4.75,52.25,-1.9287239353008303,0.2574831991653731,0.4445413723055276,-4.6315862302013935,-4.542523231944743,3.262309809187387,3.799124984162491,-0.1289015999999998,-0.16037197999999978,-0.1666252666666667,-0.08234908163265149,1.443935708,0.046025,0.702188,AmsterdamHerring,46.56,Herring,52.3730796,4.8924534,3066.6666666666665,10.0,3.0,4.0,306.66666666666663,3.8407418034231826
1536,-0.6981617177057536,Amsterdam,0.27851165483493956,-0.7190395128700005,-0.30432298297801696,2,4.75,52.25,-0.27307288171196337,-0.15214909010074748,0.41790122366897137,-11.852015070901691,-16.663149297301608,1.652679805060556,3.510383610532651,-0.5004949333333332,-0.5106979799999998,-0.46241526666666666,-0.4346756122448966,0.435934728,0.750011,0.95194,AmsterdamHerring,44.4,Herring,52.3730796,4.8924534,40066.666666666664,9.0,2.0,4.0,4451.851851851851,3.7932394694381792
1540,1.2048515957789567,Amsterdam,0.39344556466044756,0.27463790029537305,0.10837105809425505,2,4.75,52.25,-1.7722351778727712,-0.6090592577612677,0.8835919619159518,1.1660154029932006,-17.937666257791516,5.640052191399015,-0.04351642435854638,0.3823684000000001,0.3564360200000002,0.2997313999999999,0.3934366326530627,-4.112306683,0.49769,0.889875,AmsterdamHerring,60.0,Herring,52.3730796,4.8924534,1500.0,5.0,4.0,42.0,300.0,4.0943445622221
1542,0.7234229563803293,Amsterdam,-0.7459036471122407,0.2182662061709425,-0.5192002536679402,2,4.75,52.25,0.4874624793884046,0.3176349101106851,-0.3641122113712516,12.844284869223237,10.269397874377077,8.3240305103983,3.115382786905957,-0.7084649333333332,-0.7167119799999998,-0.6421286000000002,-0.6196449999999986,-4.607169341,-0.792067,0.588939,AmsterdamHerring,42.72,Herring,52.3730796,4.8924534,31966.666666666668,7.0,4.0,7.0,4566.666666666667,3.7546671946519394
1545,0.42559712716744785,Amsterdam,0.16194131771456313,0.16069631452440228,-0.029108281160481263,2,4.75,52.25,-1.4475210062095483,0.11857170001388963,-1.2651568210710327,5.1948782133408535,-3.8705873087983704,6.719244060247903,3.7673733390282944,0.6384850666666669,0.6848040200000002,0.6935147333333332,0.5835590816326546,-1.031382445,0.244261,2.15176,AmsterdamHerring,52.56,Herring,52.3730796,4.8924534,4125.0,5.0,1.0,1.0,825.0,3.961955374176355
1546,-0.9070257665660754,Amsterdam,-0.15038589609448122,-0.7097430691039994,-0.3091297347903413,2,4.75,52.25,-1.547673810963506,-0.26100696408765306,0.3431323933564222,-19.904617355118788,-3.4635526768205294,3.209201671323659,2.2036731442128175,-0.7422682666666666,-0.7790639799999997,-0.7101052666666666,-0.5939103061224477,-1.808056936,0.153583,1.02079,AmsterdamHerring,54.0,Herring,52.3730796,4.8924534,8125.0,4.0,1.0,2.0,2031.25,3.9889840465642745
1547,0.4093234386418246,Amsterdam,-0.08779402898570418,0.2362693709822579,-0.13835340353325923,2,4.75,52.25,-1.338761319797047,-0.06825724006549233,0.23643463678479,3.5549359319448235,-5.615846403851802,5.895655133889945,3.016128909426767,0.05320173333333347,0.09601402000000013,0.10709473333333326,-0.035757244897957736,-1.195537448,-0.54261,0.299431,AmsterdamHerring,54.0,Herring,52.3730796,4.8924534,7887.5,5.0,2.0,5.0,1577.5,3.9889840465642745
1548,-0.4430917361778104,Amsterdam,-0.17489685943891872,-0.2687783657764956,-0.20162164940222677,2,4.75,52.25,-1.618876195593273,-0.5273592419762294,-0.6067161616398392,-15.202258498735196,0.30727240951705737,1.94307573298907,3.844375322878635,-0.21017493333333317,-0.2370919799999998,-0.2561186000000001,-0.19318581632652918,-2.405657378,-0.342524,0.280105,AmsterdamHerring,54.96,Herring,52.3730796,4.8924534,3412.5,4.0,2.0,4.0,853.125,4.006605647914094
1550,-0.20716263708803975,Amsterdam,-0.1756884885274111,-0.069100442752346,-0.24297203688453692,2,4.75,52.25,-0.16274830772518162,0.3019128901573048,-0.20877060232102182,-7.04184953234896,-3.6620964165676613,4.583107228077431,3.981486502545427,0.5679817333333336,0.5987140200000003,0.5365614000000001,0.45856928571428723,-2.141803587,0.542368,0.500753,AmsterdamHerring,54.0,Herring,52.3730796,4.8924534,5020.833333333333,7.0,2.0,5.0,717.2619047619047,3.9889840465642745
1551,0.02997950558011712,Amsterdam,-0.11222819249319844,-0.038628360058943795,-0.051980623251128504,2,4.75,52.25,0.16274830772518162,-0.17298732371764755,-0.5925193848590532,-4.107613724879299,1.900020669267596,2.764043355391993,2.8918803247033598,-0.2039882666666665,-0.2414559799999998,-0.23012859999999993,-0.1162878571428558,0.066745428,0.0304779,-0.324878,AmsterdamHerring,63.72,Herring,52.3730796,4.8924534,22333.333333333332,7.0,4.0,20.0,3190.4761904761904,4.154498485041848
1553,0.07586248508725897,Amsterdam,-0.13884819751369393,-0.03473576763804657,-0.22687167854667056,2,4.75,52.25,-0.8043522131802245,0.18804564304174443,0.5845536527020669,5.2552630010009524,1.5654199448757107,5.8767871213512795,3.6711322798329196,0.14168506666666686,0.16902002000000024,0.13516806666666673,0.049855000000001454,-2.197206251,-0.202003,-0.674087,AmsterdamHerring,68.4,Herring,52.3730796,4.8924534,21000.0,6.0,2.0,4.0,3500.0,4.225372824628505
1554,-0.9424167068108115,Amsterdam,-0.017770300732723114,-0.5045588233111231,-0.029060716907434885,2,4.75,52.25,0.8098293196902066,0.09946517776795334,0.8237930555606623,-15.801017113304844,-9.931391378595324,6.750975791202047,1.4730954053025622,0.06345840000000015,0.04233802000000022,0.012811399999999983,0.06530397959183822,-2.756035313,-0.144866,-0.991299,AmsterdamHerring,72.24,Herring,52.3730796,4.8924534,24120.0,8.0,4.0,14.0,3015.0,4.27999390910873
1555,0.3703406291000486,Amsterdam,-0.49788743522354995,0.4747224063305296,-0.18597342559768473,2,4.75,52.25,-1.1314137162048683,0.3723666456257394,0.6897365783759702,8.23588630012776,12.243309590189202,6.844603720514301,5.326477026248687,0.7995400666666667,0.8239180200000001,0.7698313999999998,0.7164570408163281,0.01422284,0.0367793,-0.592899,AmsterdamHerring,51.0,Herring,52.3730796,4.8924534,23120.0,8.0,1.0,1.0,2890.0,3.9318256327243257
1556,0.1600587370961585,Amsterdam,0.2706839791464894,0.08485724092534984,-0.07889649264273457,2,4.75,52.25,-1.6313952961875178,-0.49488120431027266,0.10973525885704723,2.325863331100043,-11.231715625413573,5.689908155327819,3.1026753370842197,0.46527340000000017,0.4581200200000002,0.43950139999999993,0.49273255102040964,2.026692122,0.274097,-0.279891,AmsterdamHerring,51.0,Herring,52.3730796,4.8924534,7170.0,7.0,2.0,6.0,1024.2857142857142,3.9318256327243257
1557,-0.4511104268453247,Amsterdam,0.013906678166499375,-0.5744763872596718,-0.21781493058964246,2,4.75,52.25,-0.5664893018895745,-0.22945373993899046,-0.5592414397597509,-10.431261536877907,-5.649489291783257,4.285156808985204,3.3661385324142783,-0.2617515999999998,-0.2673139799999999,-0.19862860000000016,-0.1704307142857129,-3.38786428,-0.0874869,-0.202042,AmsterdamHerring,70.8,Herring,52.3730796,4.8924534,17036.666666666664,9.0,3.0,6.0,1892.9629629629626,4.259859000699674
1558,0.6495060671623002,Amsterdam,0.4435367813867638,0.0967760033774913,0.2569087445615839,2,4.75,52.25,-1.190879444027531,0.08332522170588476,0.23357103574100585,2.7040239765297986,-8.306801917292425,5.347794292292605,2.6359100206295025,-0.30814159999999985,-0.29175597999999986,-0.2510686000000001,-0.3065225510204066,-2.863641771,-0.226926,-0.0699885,AmsterdamHerring,86.76,Herring,52.3730796,4.8924534,15536.666666666666,8.0,2.0,8.0,1942.0833333333333,4.463145685958674
1559,0.7837994435772808,Amsterdam,0.019111344039348152,0.19602495487354912,-0.07252970006418022,2,4.75,52.25,-0.900592798998481,-0.039729692047912664,-1.7348956330046568,5.638157560658802,-10.519738728460638,7.4359458202562845,1.0007343913909916,-0.3306982666666664,-0.3377779799999998,-0.3315119333333334,-0.33504295918367216,0.671999685,-0.730687,-0.0742834,AmsterdamHerring,72.0,Herring,52.3730796,4.8924534,16754.126984126986,12.0,5.0,20.0,1396.1772486772488,4.276666119016055
1560,0.020487833424562396,Amsterdam,-0.15736286589679038,-0.13158161346852887,-0.17400988760578273,2,4.75,52.25,-0.24099268643921126,0.017957469505624626,-2.176977742035733,-9.207516719192652,7.608751581441538,4.192809413661595,3.843905030135202,-0.36287826666666645,-0.3780399799999997,-0.3697552666666667,-0.3485123469387742,0.640080799,-0.384954,-0.224802,AmsterdamHerring,132.0,Herring,52.3730796,4.8924534,8817.460317460316,9.0,2.0,3.0,979.7178130511462,4.882801922586371
1561,-0.539197870592684,Amsterdam,0.09376669322798575,-0.3386144785455068,0.025095782894946034,2,4.75,52.25,0.6674245504306727,-0.37392278128672085,-0.7054880606126249,-7.487411867608269,-9.810336581900524,7.909112049394028,0.5008208092125698,-0.7886782666666664,-0.8146039799999999,-0.7741952666666666,-0.7195225510204066,-1.096945832,0.138198,0.974452,AmsterdamHerring,57.72,Herring,52.3730796,4.8924534,10072.005772005772,9.0,2.0,21.0,1119.1117524450858,4.05560373390567
1562,0.8484058294858778,Amsterdam,-0.28583717774337597,0.4980133875047845,-0.18551979137000485,2,4.75,52.25,2.091472243026012,0.9575565268316464,-0.444461567320578,5.651113152142668,-1.1952007752233154,7.875799581272507,1.9040589186544454,-0.2897599333333332,-0.2801879799999999,-0.29070526666666674,-0.3368694897959169,2.105954239,-0.419434,-0.349194,AmsterdamHerring,84.0,Herring,52.3730796,4.8924534,17072.005772005774,10.0,4.0,12.0,1707.2005772005773,4.430816798843313
1563,0.13235565745210387,Amsterdam,-0.0034441773029180722,0.13261011351750862,-0.2118773480435478,2,4.75,52.25,0.5430159882753656,0.5090167919210307,-0.2795378387923564,-7.404725354461292,3.845783545354435,3.023463217444007,2.4070257106167494,-0.2858665999999999,-0.30733597999999984,-0.3290619333333334,-0.28287969387754974,-3.030663254,-0.757609,-0.478447,AmsterdamHerring,78.6,Herring,52.3730796,4.8924534,15072.005772005772,9.0,1.0,8.0,1674.6673080006412,4.364371699435161
1565,-0.6158480463152588,Amsterdam,-0.011762190411852294,-0.26514556865783534,-0.13848757550859367,2,4.75,52.25,-0.5516228699339089,0.13387190723365228,-0.031086217896577895,-4.371150364873659,-2.2238213151772874,6.380783340590281,4.505151245715778,1.2199134000000003,1.2247320200000005,1.1309813999999998,1.1614876530612261,-0.871489753,-0.464675,-0.560512,AmsterdamHerring,57.0,Herring,52.3730796,4.8924534,8072.005772005772,12.0,3.0,5.0,672.6671476671477,4.04305126783455
1566,0.975208267959006,Amsterdam,-0.05954941202986999,0.5499171718603465,-0.0015633736577814051,2,4.75,52.25,-3.1203858231155017,0.2870472438586016,0.7812544313530713,16.76308721612915,-3.98327941478979,7.198708420885265,3.6004795047564997,-0.34006159999999996,-0.3763719799999999,-0.28113526666666677,-0.14585928571428422,3.310799938,-0.42807,0.157446,AmsterdamHerring,53.52,Herring,52.3730796,4.8924534,32248.737373737375,12.0,3.0,48.0,2687.394781144781,3.9800554158199732
1567,1.542038326038566,Amsterdam,-0.01841423782709372,0.5788230220852844,-0.15902096565698362,2,4.75,52.25,-0.5985694971623267,-0.41648537126478635,0.8499063742255915,16.93467396120167,-8.627202268062643,5.485617775461399,1.7990190247861777,-1.1125449333333333,-1.10012198,-0.9599186000000001,-1.007022551020407,1.870760001,-0.137184,-0.418342,AmsterdamHerring,75.0,Herring,52.3730796,4.8924534,12248.737373737373,12.0,2.0,3.0,1020.7281144781144,4.31748811353631
1568,-0.661053611876029,Amsterdam,-0.2147973285708376,-0.15320789820194802,-0.1730342129087937,2,4.75,52.25,-0.9279783315483914,-0.37902314936514214,0.7892867898578314,-1.5585092211166451,-8.772138992718657,6.4492230165072355,3.2317906531974496,0.05974673333333351,0.10283402000000023,0.055811399999999955,-0.10293071428571289,-1.742855021,0.113872,0.490706,AmsterdamHerring,83.04,Herring,52.3730796,4.8924534,12834.848484848484,12.0,3.0,9.0,1069.570707070707,4.419322419417578
1569,-0.6614474571936869,Amsterdam,-0.06875357710353441,-0.3233310992870652,-0.05869006299191398,2,4.75,52.25,0.10562991126394,-0.26351495530420754,0.30256956933163065,9.280691593880311,12.301587846865027,8.965695720169656,1.5881822289496683,-0.07370493333333317,-0.11872197999999984,-0.16525193333333335,-0.06414499999999852,0.064385045,-0.415703,-0.574185,AmsterdamHerring,72.0,Herring,52.3730796,4.8924534,10368.181818181818,14.0,6.0,35.0,740.5844155844155,4.276666119016055
1570,0.40773230355848683,Amsterdam,-0.10209061401668484,0.23728377753423283,-0.1606654462737947,2,4.75,52.25,-0.1470994319823757,0.1749388526233285,-0.05272940565954257,18.68513184329428,0.46296677171472567,9.082667612037689,2.4818742439199695,0.3870700666666669,0.3943460200000002,0.3684614,0.35721214285714425,0.144179403,-0.442139,-0.891617,AmsterdamHerring,72.36,Herring,52.3730796,4.8924534,19268.181818181816,15.0,4.0,13.0,1284.5454545454545,4.281653660527095
1572,-0.6473320410088288,Amsterdam,0.12711554550066592,-0.3337362719862434,0.006586803689478522,2,4.75,52.25,-1.6752121482673743,-0.9459691452632385,0.21357287645463335,2.933274421289665,0.8444624536334524,6.712942877049082,2.7772067064986126,-0.12494826666666649,-0.08971197999999976,-0.07709860000000002,-0.19070622448979435,-1.362456854,0.411505,1.45267,AmsterdamHerring,64.56,Herring,52.3730796,4.8924534,30638.636363636364,16.0,7.0,30.0,1914.9147727272727,4.1675950239616935
1573,-1.35217337530206,Amsterdam,-0.25179121925844133,-1.0897827517318075,-0.26108729686550397,2,4.75,52.25,-0.2558591183948769,-0.0324227971772889,0.2061421547733983,-18.56212309003586,7.091578145217731,2.295562479493041,4.424788417397422,-0.32921659999999986,-0.3540379799999998,-0.36769193333333333,-0.31564499999999857,-1.303428321,-0.561738,0.423973,AmsterdamHerring,102.0,Herring,52.3730796,4.8924534,30638.636363636364,12.0,0.0,0.0,2553.219696969697,4.624972813284271
1574,0.35902151467056137,Amsterdam,-0.1496828822024619,0.2843892821323772,-0.1321254845506715,2,4.75,52.25,0.0015648875742805925,0.4092318856223003,-0.3303835485874675,12.74876445904556,2.042970884093773,7.965093575933979,4.503143503545789,0.12730340000000023,0.13169402000000033,0.1103447333333334,0.08677336734694051,0.375256409,-0.0650749,0.6229,AmsterdamHerring,79.56,Herring,52.3730796,4.8924534,20605.303030303032,10.0,2.0,4.0,2060.530303030303,4.3765114539857715
1575,-0.031932978355700116,Amsterdam,0.3086112832369423,-0.22760775052155705,-0.018287517786641436,2,4.75,52.25,-2.1360715388930087,-0.3731678894247315,-0.11098370510379263,-16.550708490355973,-3.5508185522400773,1.234794493196694,2.5386049949389533,-0.02610159999999988,-0.038911979999999805,-0.05002860000000004,-0.0057674489795904995,-0.844364747,-0.329609,0.444777,AmsterdamHerring,102.0,Herring,52.3730796,4.8924534,5205.303030303031,10.0,3.0,4.0,520.5303030303031,4.624972813284271
1576,0.6676150748682091,Amsterdam,-0.13096144502759502,0.3196913177243366,-0.19890177627072758,2,4.75,52.25,-1.0030929351138598,0.39402029286589607,0.12308615909980833,15.214625089065743,5.968302442648079,6.25808454464326,4.346360479206773,-0.0619782666666665,-0.06043197999999981,-0.05008193333333343,-0.05100214285714127,-1.111388441,-0.275874,0.455884,AmsterdamHerring,102.0,Herring,52.3730796,4.8924534,7205.303030303031,8.0,1.0,8.0,900.6628787878789,4.624972813284271
1577,1.1152202783863787,Amsterdam,0.038281764876345,0.43572286114683906,-0.21684687599714564,2,4.75,52.25,-0.7081116273619682,0.7282174228570987,-0.07598332999595053,6.416894969791177,4.067467637488814,3.950046095604484,6.04203466141553,0.0015450666666668115,0.005294020000000138,0.0019913999999999397,-0.00826744897959033,-1.3427136,-0.523993,-0.344948,AmsterdamHerring,102.0,Herring,52.3730796,4.8924534,11513.636363636364,8.0,3.0,8.0,1439.2045454545455,4.624972813284271
1579,0.7048728419186436,Amsterdam,-0.758865096516361,0.3609004960362698,-0.34555541817666946,2,4.75,52.25,-0.7221956155304935,0.44850060519973634,-0.25876173610344594,14.318861425992504,10.61659488737986,8.123274594335237,4.331655573678404,-0.7490182666666666,-0.7609479799999996,-0.7097719333333335,-0.6978184693877536,0.418401172,-0.33618,0.380213,AmsterdamHerring,96.0,Herring,52.3730796,4.8924534,12046.969696969698,9.0,2.0,5.0,1338.5521885521887,4.564348191467836
1580,0.4980804194292023,Amsterdam,-0.046174425042208714,0.26432173994000113,-0.2744462574295007,2,4.75,52.25,-0.5312793314682612,-0.030320355789878264,-0.05519797209201405,8.856104514568392,-0.05536854230066779,5.705759554355442,4.8700566257322055,-0.6264899333333331,-0.6322999799999998,-0.6194686,-0.6317878571428555,-1.38954313,-0.66621,-0.0912118,AmsterdamHerring,132.0,Herring,52.3730796,4.8924534,12846.969696969698,10.0,1.0,1.0,1284.6969696969697,4.882801922586371
1581,-0.1406421629356255,Amsterdam,-0.25071011386147046,0.09834891377876968,-0.08919037551876123,2,4.75,52.25,-0.5539702012953297,0.11158581933021715,0.1326663055273988,-2.749179920320922,10.581898277602068,5.833695311533356,6.1356427920463945,0.36763840000000014,0.3815320200000002,0.3031080666666666,0.24938561224489944,-0.789170335,-0.27579,0.191452,AmsterdamHerring,102.0,Herring,52.3730796,4.8924534,11046.969696969698,7.0,0.0,0.0,1578.1385281385283,4.624972813284271
1582,0.674215922392155,Amsterdam,0.020995893884341074,0.13302549669219038,-0.18150589978109896,2,4.75,52.25,-1.4553454440809512,0.06152583428750398,-0.5318777161167096,10.496080870411307,4.622575972889113,3.6163117111244145,4.964928207068603,0.45975840000000007,0.44119402000000013,0.3822913999999999,0.4490386734693892,-2.872138107,-0.207758,0.360622,AmsterdamHerring,117.0,Herring,52.3730796,4.8924534,9713.636363636364,7.0,1.0,2.0,1387.6623376623377,4.762173934797756
1583,0.3857084733950587,Amsterdam,0.2922115642096686,0.012579771998381867,0.1832470743947126,2,4.75,52.25,-0.6345619113707803,-0.09072101165407999,0.48330913592886987,0.560354279040077,-7.904335847204436,5.366864642557022,2.382141341391038,0.4702050666666668,0.4776760200000002,0.4682414,0.4768652040816342,-1.546176178,-0.513092,0.593172,AmsterdamHerring,90.0,Herring,52.3730796,4.8924534,5638.636363636364,9.0,3.0,16.0,626.5151515151515,4.499809670330265
1584,0.9891503922040944,Amsterdam,0.015903473927024812,0.6877821652950817,0.12625333793049381,2,4.75,52.25,0.737062047486159,0.11588117182249014,0.14800689078821933,-2.0917378065464134,-0.6589763765927781,4.4261776923154255,2.1867805252724066,-1.0032466,-1.0388539799999998,-0.9280952666666669,-0.8215123469387743,1.223882551,-0.627821,0.33571,AmsterdamHerring,96.0,Herring,52.3730796,4.8924534,3238.6363636363635,4.0,0.0,0.0,809.6590909090909,4.564348191467836
1586,-0.8974080639088702,Amsterdam,-0.3782746430242664,-0.6945422303792238,-0.27827235558431945,2,4.75,52.25,-1.5038569588836495,0.010047684801727269,-0.5119935436926359,-6.791448591629149,-7.737051001051273,4.3655554506533685,2.3125409266507875,0.6341550666666668,0.6347260200000002,0.5322213999999998,0.5217733673469401,-0.78466431,-0.565654,-0.343006,AmsterdamHerring,108.0,Herring,52.3730796,4.8924534,3238.6363636363635,5.0,0.0,0.0,647.7272727272727,4.68213122712422
1588,-0.06689068875101271,Amsterdam,-0.3051907366530837,-0.13755603345930692,-0.12886751531799454,2,4.75,52.25,0.02738553254991037,0.45977452806662417,-0.715341725440652,1.8499869075575164,-6.411338401059698,5.921835710530741,2.4912008772375307,0.2086834000000002,0.2431020200000003,0.25450806666666664,0.1750896938775525,-1.27837733,-0.77987,-0.359351,AmsterdamHerring,144.0,Herring,52.3730796,4.8924534,13455.30303030303,8.0,2.0,3.0,1681.9128787878788,4.969813299576001
1589,-0.2038070749815947,Amsterdam,-0.2503379300362838,0.018316899786429735,-0.2062258964181035,2,4.75,52.25,-1.3661468523469573,0.3148486443348579,0.3290719676481742,-9.027374854062685,-0.7929633385892081,4.433436236451369,3.8307450218753107,-1.0762449333333333,-1.1192859799999997,-1.0409019333333336,-0.9293184693877539,-3.993994139,-0.594938,-0.0348028,AmsterdamHerring,72.72,Herring,52.3730796,4.8924534,15913.197767145135,9.0,3.0,30.0,1768.1330852383483,4.286616449869223
1590,-0.600952816401438,Amsterdam,0.14875537647937762,-0.41537167439189726,-0.0803008771033201,2,4.75,52.25,-3.2549661545036326,-0.31740833249627787,1.6733536348419162,-3.940011256203377,-20.32456209527862,5.585579569831871,2.2464975638667095,-0.6124165999999999,-0.5945099799999998,-0.5568186,-0.6484613265306105,-1.74139193,-1.42203,-0.733526,AmsterdamHerring,90.0,Herring,52.3730796,4.8924534,16063.197767145135,9.0,4.0,20.0,1784.799751905015,4.499809670330265
1591,-0.34844282943827104,Amsterdam,0.042375786953398546,-0.3507377434090904,-0.16015166304563788,2,4.75,52.25,0.20187049708219645,-0.05770611935905724,0.09239335879146471,-10.589749091011827,3.400619150956973,3.7719442225165096,5.590821905020731,0.6774434000000003,0.6981460200000003,0.5788247333333333,0.5077019387755116,-2.25578662,-0.461499,0.233442,AmsterdamHerring,120.0,Herring,52.3730796,4.8924534,13413.197767145135,10.0,3.0,12.0,1341.3197767145134,4.787491742782046
1592,0.5184737299775269,Amsterdam,-0.4350356302051187,0.4241443110863229,-0.2867703637297151,2,4.75,52.25,-0.5320617752554015,0.30054277919945427,-0.13110916706921694,6.244217842418305,2.3027678535423948,7.480462533062583,4.651156338349425,0.09109340000000017,0.0429340200000002,0.020838066666666606,0.1675896938775524,-4.468161627,-0.682107,-0.0630393,AmsterdamHerring,114.0,Herring,52.3730796,4.8924534,13413.197767145135,10.0,1.0,7.0,1341.3197767145134,4.736198448394496
1593,0.05930522793292212,Amsterdam,-0.5872410916671793,-0.2658659164965887,-0.38753100589800143,2,4.75,52.25,-0.2621186686919993,0.046566704760486445,0.46741431552541224,-1.4349893511549385,-2.343669967723163,5.133390492586821,2.2173612328145103,-0.07002826666666641,-0.059993979999999746,-0.017831933333333473,-0.02698173469387604,-1.493414274,-0.0855376,1.17469,AmsterdamHerring,126.0,Herring,52.3730796,4.8924534,19841.769195716563,12.0,2.0,15.0,1653.4807663097135,4.836281906951478
1594,0.44135093987376267,Amsterdam,-0.5644020016961993,0.025329843190196454,-0.3103427760686991,2,4.75,52.25,-0.19639339057221436,0.4798549117905909,-1.2222971452897635,-5.950885532511212,3.1783723740947756,4.046145127393459,3.062875040252249,1.4038217333333336,1.4720280200000002,1.3600647333333333,1.1971917346938792,-1.294762317,-0.417153,-0.572583,AmsterdamHerring,119.04,Herring,52.3730796,4.8924534,20341.769195716563,14.0,5.0,23.0,1452.9835139797544,4.779459571084781
1596,1.5636052956335107,Amsterdam,-0.22989145037007547,0.7321012387861565,-0.168924615357529,2,4.75,52.25,1.7910138287641384,0.20393216742839812,0.05654760510507799,6.967881209826672,5.2889658234505905,6.797446149708397,5.045998144331959,-0.1261865999999998,-0.12327597999999972,-0.030058600000000008,-0.018491938775508723,0.510947759,-0.566098,-0.823238,AmsterdamHerring,144.0,Herring,52.3730796,4.8924534,21541.769195716563,16.0,3.0,5.0,1346.3605747322852,4.969813299576001
1597,0.29766829108581844,Amsterdam,-0.6409419007298298,0.007777427603839125,-0.3828131675656204,2,4.75,52.25,0.6204779232022549,0.1358068261061357,0.41816769190690933,15.475747311109325,-7.141455833791628,7.289788468002442,2.3389026805561373,0.9373500666666669,1.0067860200000003,0.9575680666666665,0.7817325510204094,-1.569877941,-0.830101,-1.00463,AmsterdamHerring,151.2,Herring,52.3730796,4.8924534,21541.769195716563,16.0,1.0,3.0,1346.3605747322852,5.018603463745433
1601,-0.37254616287893266,Amsterdam,-0.50213505697449,-0.6849604442853903,-0.6675988242595954,2,4.75,52.25,-1.0969861895706954,0.4883246145006024,1.8931234508982644,19.128922307315516,-0.71262172543664,9.616411030444937,2.909042017119351,-0.07285159999999988,-0.028531979999999835,-0.052125266666666704,-0.2123184693877538,-4.427241393,-0.529803,-0.85691,AmsterdamHerring,124.56,Herring,52.3730796,4.8924534,24466.769195716563,10.0,2.0,5.0,2446.676919571656,4.824787527525743
1602,1.0986078828875698,Amsterdam,-0.146321412416252,0.29180065925199467,-0.3197000981801685,2,4.75,52.25,-2.222922799265582,-0.20360340673957986,0.4442799323609341,6.977560786631353,-8.80830141218481,4.886282236565067,2.7886493102721333,0.06566673333333348,0.03421002000000016,-0.030385266666666803,0.03733459183673618,0.555353664,0.377236,0.0932494,AmsterdamHerring,100.8,Herring,52.3730796,4.8924534,23716.769195716563,9.0,1.0,1.0,2635.19657730184,4.613138355637268
1603,0.6762717949503291,Amsterdam,0.13584118851337607,0.17681583814510674,-0.00017458143138795293,2,4.75,52.25,-1.4193530298724975,-0.6137230458169611,0.05104079619865046,-2.8734883703391336,-6.591245091658925,5.08092932848949,1.6647872777119366,-0.05972659999999987,-0.07861997999999976,-0.07290193333333325,-0.01816540816326397,-2.453399364,-0.48847,-0.911512,AmsterdamHerring,107.4,Herring,52.3730796,4.8924534,22816.769195716563,8.0,0.0,0.0,2852.0961494645703,4.676560182074764
1604,-0.12194238725322981,Amsterdam,0.22276088089387974,-0.2633717363303564,-0.22400965858797775,2,4.75,52.25,-0.28793931366762904,0.519608278611096,-0.23624345636836,3.59487848536239,-5.493162879019466,5.847812881793707,3.5776067234954714,0.15973006666666684,0.1754880200000003,0.16457140000000006,0.13827336734694018,-1.83223858,-0.142777,-0.544093,AmsterdamHerring,114.0,Herring,52.3730796,4.8924534,25016.769195716563,9.0,2.0,11.0,2779.641021746285,4.736198448394496
1605,0.7885492181082349,Amsterdam,-0.25915218824546693,0.2425701674024971,-0.3316736262585801,2,4.75,52.25,0.2738553254991037,0.41532523766391266,-0.5201945624203012,12.327175931059609,-5.335471510845372,6.434592147228925,4.063305457715755,-0.2249732666666665,-0.23703797999999981,-0.2206352666666667,-0.1844511224489782,-1.972519546,0.434387,-0.114406,AmsterdamHerring,129.0,Herring,52.3730796,4.8924534,22100.1025290499,11.0,5.0,6.0,2009.1002299136271,4.859812404361672
1606,0.9585249803030185,Amsterdam,-0.3946979927705996,0.40741515748028223,-0.33029545412256295,2,4.75,52.25,1.5406318168792434,0.6873408040796352,-1.0762565139435254,-11.87432409805576,4.466821371937128,5.287366241218119,3.81652600681192,0.20664506666666674,0.2242620200000002,0.21106140000000004,0.15643663265306276,-1.354703763,-0.316057,-1.39621,AmsterdamHerring,102.0,Herring,52.3730796,4.8924534,22162.6025290499,9.0,2.0,6.0,2462.5113921166553,4.624972813284271
1607,0.8528011432309396,Amsterdam,-0.32049162724409197,0.6905370724232189,-0.3392664227896128,2,4.75,52.25,-0.44755784624424944,0.16744953460231934,-1.8564281952237127,-5.783134596602429,-6.326551441651104,5.036319567025659,2.6660688305169584,0.8951067333333335,0.9149080200000003,0.8362047333333332,0.7959978571428584,-0.30902285,-0.294585,-0.936297,AmsterdamHerring,103.2,Herring,52.3730796,4.8924534,15734.031100478469,11.0,5.0,10.0,1430.3664636798608,4.636668853047462
1609,1.450603197091115,Amsterdam,-0.532181516258609,0.7795200388831116,-0.4453145733923962,2,4.75,52.25,0.26446600005342014,0.7632646462220902,-0.6832365095092174,2.7878471158693294,-10.283598247998745,4.25954480303931,3.979222388960531,-0.15504493333333308,-0.15821397999999973,-0.08999860000000001,-0.059869489795916955,-1.141075317,0.113319,-0.786615,AmsterdamHerring,74.4,Herring,52.3730796,4.8924534,12576.136363636364,10.0,3.0,6.0,1257.6136363636365,4.309455941839047
1610,0.9059860149274587,Amsterdam,-0.27145197751592226,0.284934515289996,-0.3176357798505387,2,4.75,52.25,0.017996207104226815,-0.540617280752022,-0.5438072473400619,8.19203005309643,-0.00832572601323145,4.006547590400068,2.60532019491854,0.9473917333333335,1.01154402,0.9600580666666665,0.7937529591836749,1.252804848,-0.220878,-1.27787,AmsterdamHerring,132.0,Herring,52.3730796,4.8924534,7575.0,7.0,2.0,7.0,1082.142857142857,4.882801922586371
1611,-0.3745232663735752,Amsterdam,0.361053756509676,-0.14070556077794438,0.07521286606490835,2,4.75,52.25,-0.38965700599586756,0.13212087115802829,1.2254633345015937,1.4310123764255316,-11.253139173302806,5.0372022502077165,1.1211729972793727,-0.029104933333333194,-0.06949797999999978,-0.05726526666666666,0.06416112244898087,1.6221058799999999,-0.398103,-1.4946,AmsterdamHerring,120.0,Herring,52.3730796,4.8924534,7575.0,8.0,2.0,5.0,946.875,4.787491742782046
1614,-0.01844771467909465,Amsterdam,-0.49996103082101856,-0.15333185726822107,-0.6359188499496966,2,4.75,52.25,-0.3552294793616945,-0.13908051937305438,-1.1510494795905721,5.52258433848872,-3.3885421934249544,5.697418951030045,2.2763928229743136,-0.024583266666666468,-0.02119797999999978,-0.0454319333333334,-0.07625724489795786,2.749668094,-0.48652,-1.16363,AmsterdamHerring,124.56,Herring,52.3730796,4.8924534,3000.0,8.0,5.0,7.0,375.0,4.824787527525743
1616,-0.396129620500286,Amsterdam,0.4750247145335106,-0.4634890036872435,0.1893418012461479,2,4.75,52.25,-0.9944860534553165,-0.5766413872813027,1.0633185881288696,-7.48922754884948,-14.834565401694356,2.36886989505186,0.9569411049027443,-0.024541599999999802,-0.04993197999999972,-0.036835266666666665,0.052579489795919886,0.118425423,-0.216886,-1.43477,AmsterdamHerring,120.0,Herring,52.3730796,4.8924534,8750.0,9.0,3.0,7.0,972.2222222222222,4.787491742782046
1617,1.333473599619664,Amsterdam,-0.03402823544564,0.8478914513891742,0.10737694851282252,2,4.75,52.25,0.8677301599385886,0.47377018290418715,1.0310909388824998,8.434747206043452,5.224111046407703,5.325704433482874,2.2240746653542858,0.20712173333333345,0.23323002000000018,0.24372806666666663,0.18397744897959328,-0.417102733,-0.277847,-1.75194,AmsterdamHerring,147.0,Herring,52.3730796,4.8924534,13750.0,12.0,5.0,11.0,1145.8333333333333,4.990432586778736
1621,-1.1030347042580442,Amsterdam,-0.30122077585109236,-0.9454400461838766,-0.24792799068957794,2,4.75,52.25,0.23551557992922917,-0.47016444769379584,0.2793361319137929,-16.644646872642515,11.34456928079157,2.4580054353980962,5.9669535816057575,1.1475417333333333,1.1559880200000003,1.0837447333333332,1.0983141836734707,-1.344345578,0.540501,-0.853383,AmsterdamHerring,114.0,Herring,52.3730796,4.8924534,329886.3415258576,12.0,2.0,30.0,27490.528460488134,4.736198448394496
1622,-0.7280388235032795,Amsterdam,-0.030312304873537976,-0.4585929090709485,-0.08668803356112015,2,4.75,52.25,-0.7902682250116992,-0.2579927359339638,-0.7551528097831178,-6.754017811724893,-0.1949125293827766,4.257656912278013,2.5455303560449165,-0.12286993333333311,-0.14768397999999974,-0.06702193333333328,0.031232551020409657,-0.128057397,-0.0552739,-1.06274,AmsterdamHerring,198.0,Herring,52.3730796,4.8924534,325136.3415258576,10.0,0.0,0.0,32513.634152585764,5.288267030694535
1623,0.4860366296152246,Amsterdam,-0.026543205183552174,-0.007298537327079901,-0.09006695533361757,2,4.75,52.25,-3.2158439651466177,-0.8839268912604773,-0.026663401774959662,3.543452843344245,-0.7192279088266611,6.256052703428465,4.572138147765195,-0.3438399333333332,-0.3142899799999997,-0.23443859999999997,-0.3161347959183661,1.759881647,0.0159669,-0.224608,AmsterdamHerring,90.0,Herring,52.3730796,4.8924534,274336.3415258577,9.0,3.0,15.0,30481.815725095297,4.499809670330265
1624,-0.7647058225772273,Amsterdam,0.2541956449227427,-0.5036397782873969,0.11634784883026295,2,4.75,52.25,-1.352062864178432,-1.4417920666762047,0.8252236988007627,11.89853155867919,-12.498825044539375,10.008647360061373,2.568487005494381,-0.5178599333333331,-0.5204919799999996,-0.49486526666666675,-0.5143082653061212,-1.950494719,-0.441297,-0.875652,AmsterdamHerring,154.54,Herring,52.3730796,4.8924534,275826.81771633384,9.0,2.0,10.0,30647.42419070376,5.040452962505438
1625,1.229577204821518,Amsterdam,-0.3183825855680341,0.6239572495652844,-0.22808119605919672,2,4.75,52.25,-1.0132647043466836,-0.0339512700403456,-0.12278858241463818,5.337479773558716,2.488420043511638,4.785946278588207,3.071337915175843,-0.38526993333333315,-0.3974199799999998,-0.39313193333333335,-0.3937572448979576,-0.008477701,-0.0277307,-0.69499,AmsterdamHerring,126.61,Herring,52.3730796,4.8924534,443206.81771633384,15.0,6.0,29.0,29547.12118108892,4.841111495532162
1626,1.5578630309020591,Amsterdam,-0.45492088029366456,0.768119799454237,-0.3539729764760281,2,4.75,52.25,1.2894673612072083,-0.4861554667968173,-1.0165852901040038,12.185289934226352,-2.8680387406083736,8.801252509485519,3.801631634539046,-1.0166799333333332,-1.0575999799999998,-1.0077352666666668,-0.9188898979591825,1.650078611,-0.457084,-0.355159,AmsterdamHerring,117.89,Herring,52.3730796,4.8924534,443206.81771633384,15.0,2.0,3.0,29547.12118108892,4.769751986304036
1628,0.9099559757294499,Amsterdam,-0.25025522251957566,0.42377815518765877,-0.33431223970931595,2,4.75,52.25,1.98036522525209,0.2725637853255829,-1.1505115022243668,12.771694127910768,3.316650890982044,5.744243324633411,3.038546252671783,-0.3436565999999998,-0.4134659799999998,-0.42000526666666665,-0.21361438775510055,-2.446453698,-0.00605333,0.20204,AmsterdamHerring,152.0,Herring,52.3730796,4.8924534,446412.3732718894,16.0,4.0,10.0,27900.773329493088,5.0238805208462765
1630,1.1786766359674148,Amsterdam,-0.0359718620882816,0.4404287073663721,-0.1054576164599345,2,4.75,52.25,-1.5359371541564018,-0.0766525012913952,-1.101026186814265,-1.7790366074736994,-3.757403252980035,6.175039009495738,2.4453485392800043,0.36965006666666683,0.3672980200000002,0.32880806666666673,0.3596305102040831,0.221013899,0.00717873,-0.589685,AmsterdamHerring,132.5,Herring,52.3730796,4.8924534,276212.3732718894,13.0,3.0,21.0,21247.105636299184,4.886582645426277
1631,-0.0772094360736489,Amsterdam,0.10162981499502516,-0.2121073192802467,-0.01829865685063231,2,4.75,52.25,-0.3974814438672705,-0.6415858816294233,-0.9362148355151889,3.8437436420832696,-12.882868095598962,6.376588724529107,2.2393488510190633,0.1648700666666668,0.16464202000000017,0.18318806666666662,0.19021214285714433,-0.282763074,0.12341,0.412145,AmsterdamHerring,127.0,Herring,52.3730796,4.8924534,275355.23041474656,11.0,2.0,6.0,25032.29367406787,4.844187086458591
1632,0.35615432075801207,Amsterdam,-0.29894041146185335,0.13915707392499166,-0.2444225376623193,2,4.75,52.25,0.05868328403552222,-0.08550637955438717,-0.4419476591365234,-10.635075407037382,-5.546169331984216,2.7692382509717692,2.398558646710563,-0.17561493333333314,-0.17592797999999982,-0.14054526666666664,-0.13561438775510046,-0.782874757,-0.456343,0.0946172,AmsterdamHerring,130.0,Herring,52.3730796,4.8924534,279055.23041474656,12.0,5.0,19.0,23254.602534562215,4.867534450455582
1636,-0.17280357157556722,Amsterdam,0.33928986425590213,-0.030980057976645783,0.20359301850202352,2,4.75,52.25,-1.7198114441343713,-1.0314975311562837,0.08656196898585787,11.416499829695622,-10.396514423902055,8.202315468386212,1.70826418466077,0.42786173333333344,0.3962500200000002,0.4337114000000001,0.5746305102040831,2.697063455,0.744721,1.31418,AmsterdamHerring,154.5,Herring,52.3730796,4.8924534,291546.65898617514,10.0,2.0,3.0,29154.665898617513,5.0401940963378005
1638,0.8650576095164526,Amsterdam,-0.09384940074469392,0.19130389759445948,-0.15723092886838153,2,4.75,52.25,-0.5125006805768941,0.05814712851150988,0.6969352886167041,11.96614743074631,-1.4992996976379818,8.294137372422226,4.302449224137752,0.19630506666666686,0.2537700200000002,0.24079806666666675,0.06199785714285857,0.875584678,0.443559,1.97003,AmsterdamHerring,160.0,Herring,52.3730796,4.8924534,292796.65898617514,12.0,2.0,2.0,24399.72158218126,5.075173815233827
1640,-0.3264032454621366,Amsterdam,-0.3487480595594559,-0.24809409069964583,-0.20636702623786363,2,4.75,52.25,1.5781891186619774,0.689853420846163,-0.4934383728627539,-0.3777931281812042,7.709432444905647,5.228354412242905,5.1767759009235945,0.9248400666666668,0.9260740200000004,0.8784380666666668,0.8996713265306137,0.97490231,0.843907,1.30044,AmsterdamHerring,126.0,Herring,52.3730796,4.8924534,290946.65898617514,11.0,3.0,22.0,26449.696271470468,4.836281906951478
1641,-0.39389257909598924,Amsterdam,-0.29543715736128656,-0.14872774728490526,-0.47772447725625994,2,4.75,52.25,0.9428447635040571,1.0893480286431085,0.740491105317202,11.30323150046847,-1.8238277721414633,7.3870790881194575,3.2005004210365215,-0.12667326666666653,-0.14306797999999984,-0.08141526666666668,0.0017019387755116066,-5.211159801,0.893694,0.818434,AmsterdamHerring,180.0,Herring,52.3730796,4.8924534,291079.99231950846,11.0,3.0,14.0,26461.817483591676,5.19295685089021
1642,0.7780099174077102,Amsterdam,-0.4249216824476645,0.5294919194596536,-0.5466294825440655,2,4.75,52.25,0.07198482841690726,0.5757058919506317,0.05723825972146983,-7.479333789807227,-5.644708068836501,6.589386914476032,3.4827283422665745,-0.7041315999999999,-0.6932139799999998,-0.5966019333333333,-0.6319409183673456,-2.908091565,1.07201,2.20695,AmsterdamHerring,174.05,Herring,52.3730796,4.8924534,296779.99231950846,11.0,2.0,8.0,26979.999301773496,5.159342614257448
1643,0.8697443687965812,Amsterdam,-0.5008117367071595,0.21085849791569208,-0.7629370670525005,2,4.75,52.25,-1.6603457163117086,-0.14625804399309447,0.19943651343919305,7.874125199206411,-10.927167194112531,5.448535376445975,3.58473094878916,-1.1657665999999998,-1.18136998,-1.1105419333333333,-1.111838877551019,-1.536403559,1.09674,1.73045,AmsterdamHerring,153.25,Herring,52.3730796,4.8924534,296779.99231950846,14.0,3.0,6.0,21198.57087996489,5.032070574816321
1645,-0.048490235510037026,Amsterdam,0.020068388161256782,-0.34389132376095655,-0.16635386629492374,2,4.75,52.25,-0.8951156924884989,0.10310571401540887,-0.15495423501504405,-4.550333277712691,-6.037725781580818,5.08060892841559,3.428268966751247,-1.0346682666666664,-1.0917819799999997,-1.0740819333333333,-0.9471756122448964,0.477531946,0.470664,1.48162,AmsterdamHerring,129.0,Herring,52.3730796,4.8924534,305113.32565284177,13.0,2.0,26.0,23470.25581944937,4.859812404361672
1646,-0.18201167510240815,Amsterdam,0.2478626122148041,-0.2785997337494518,-0.13102511030948316,2,4.75,52.25,-1.0390853493223136,0.3355463283271944,0.5485446422247053,-2.422454652465562,-2.227718123685673,4.622016531177833,2.889511801993608,0.5191150666666668,0.5589420200000002,0.4746714,0.3549570408163279,-3.504367969,0.626414,0.608605,AmsterdamHerring,115.17,Herring,52.3730796,4.8924534,305113.32565284177,13.0,3.0,9.0,23470.25581944937,4.746409297680816
1648,0.24143505663062767,Amsterdam,-0.25384118413685053,-0.07811689603743929,-0.11940320232247711,2,4.75,52.25,1.288684917420068,-0.22591891763515606,-1.4599315184498545,-3.656889110916764,2.2477370133492585,6.784964293617758,3.6367731831849155,-1.3633866000000001,-1.42844598,-1.2811919333333335,-1.0967980612244883,2.596062066,0.261388,1.16407,AmsterdamHerring,119.0,Herring,52.3730796,4.8924534,399654.99231950846,18.0,7.0,21.0,22203.055128861582,4.77912349311153
1649,-0.6709470062555948,Amsterdam,-0.09759486971562026,-0.6371926360016461,-0.120821808974784,2,4.75,52.25,0.34271037876744975,-0.22670209711590225,-0.19335019392175748,-2.372143731638399,-10.631449672923416,5.294761974467969,4.984503776688412,1.0015534000000001,1.1137780200000003,1.0330947333333331,0.7163856122448998,-1.346516512,-0.0141239,-0.17461,AmsterdamHerring,111.75,Herring,52.3730796,4.8924534,107158.33333333333,10.0,1.0,4.0,10715.833333333332,4.716264233493678
1651,0.39685429588477644,Amsterdam,-0.10566476027443,0.2006395527336034,-0.06837771581835299,2,4.75,52.25,-1.415440810936796,-0.2743177940431979,-0.21224794952701972,13.666080209774188,-2.5471852301181865,7.2830337254553985,4.034148606688086,1.5051367333333336,1.5862440200000003,1.509028066666667,1.2919570408163281,0.074809445,0.793162,0.355684,AmsterdamHerring,132.5,Herring,52.3730796,4.8924534,28291.666666666664,10.0,2.0,5.0,2829.1666666666665,4.886582645426277
1664,0.5314154871157644,Amsterdam,0.00788084480633398,0.010197343328994397,-0.13187518527716377,2,4.75,52.25,-0.09467569824397584,-0.6778768582664555,-0.6954458800663829,4.139636403284938,-5.684199135832829,4.701663350311852,1.9561030970462614,-0.7040565999999998,-0.6930699799999998,-0.6744319333333334,-0.7429715306122436,0.126751028,-0.33862,-0.645603,AmsterdamHerring,135.0,Herring,52.3730796,4.8924534,32826.66666666667,7.0,2.0,4.0,4689.52380952381,4.90527477843843
1665,-1.0080785981707316,Amsterdam,-0.028191447837950356,-0.46347904766906844,-0.18750255782591094,2,4.75,52.25,-1.4083988168525334,-0.7828999427949146,0.545281581839261,-12.526002762528412,-1.8880641892442092,5.024947392709305,4.4270632224006405,1.0759467333333332,1.1088100200000004,0.9641347333333332,0.8483243877551037,0.594877096,-0.553165,-0.948973,AmsterdamHerring,185.0,Herring,52.3730796,4.8924534,38493.333333333336,7.0,2.0,5.0,5499.047619047619,5.220355825078324
1669,-0.16704555303140908,Amsterdam,0.23087212521104358,-0.2920956057575682,-0.1318087165548994,2,4.75,52.25,-2.7502899117981414,-0.6746220204266662,0.9382721932737108,1.2123493490909556,-4.491748351014893,4.110479943757768,2.9499060867760276,-0.8759582666666665,-0.8862699799999998,-0.8667052666666668,-0.8932062244897941,-3.021339627,-0.106888,-0.0281509,AmsterdamHerring,137.17,Herring,52.3730796,4.8924534,7350.0,7.0,1.0,1.0,1050.0,4.921221032490315
1671,1.108430385109957,Amsterdam,0.28354499799460714,0.3604798682786474,-0.0027478946611852848,2,4.75,52.25,-0.8520812841957827,-0.6239317902975208,0.2178868946634412,8.418705443227338,-2.1353095927934715,5.0421114110252265,3.5343944120484965,1.1061884000000002,1.1212000200000003,0.9899414,0.9640284693877564,2.27731881,0.35027,0.344386,AmsterdamHerring,153.5,Herring,52.3730796,4.8924534,6000.0,2.0,0.0,0.0,3000.0,5.033700567027251
1672,-0.7355691459768982,Amsterdam,-0.004436667503415915,-0.4075781569689479,-0.10067553354501978,2,4.75,52.25,0.963970745756845,-0.2103566272586459,0.4014285315280338,-37.02005990788422,8.179699058393432,-1.0384874686129726,5.322870451478472,-0.20571659999999986,-0.25900197999999985,-0.2243219333333335,-0.03917561224489656,0.482570344,-0.0250447,-0.0360624,AmsterdamHerring,129.38,Herring,52.3730796,4.8924534,65657.14285714286,6.0,5.0,19.0,10942.857142857143,4.862753810615839
1674,-0.36088834147625964,Amsterdam,-0.24467246514177537,-0.6324019650771239,-0.19402571049540482,2,4.75,52.25,-0.6932451954063025,0.07057179917624322,0.12787805071898792,-11.808391260275904,-4.184172922309456,2.38198466288424,2.8445529649669705,0.6474534000000002,0.6865800200000001,0.6162847333333333,0.5072325510204094,-0.339560168,-0.377597,-1.3929,AmsterdamHerring,275.0,Herring,52.3730796,4.8924534,50657.142857142855,8.0,3.0,15.0,6332.142857142857,5.616771097666572
1675,1.2395257375455557,Amsterdam,-0.8864532563982165,0.5152030033309195,-0.6928589376797755,2,4.75,52.25,-0.3990463314415511,0.33419263275073985,0.7186106073463235,0.5358596195071774,0.9460925338322421,2.190571938896747,4.721164863405781,0.08704506666666688,0.05074002000000026,0.04458806666666663,0.144834591836736,-5.37141946,-0.589921,-0.767955,AmsterdamHerring,156.0,Herring,52.3730796,4.8924534,44857.142857142855,10.0,5.0,10.0,4485.714285714285,5.049856007249537
1676,0.6598563221103492,Amsterdam,-0.02924892251586174,0.05894897645830877,-0.1252841319152773,2,4.75,52.25,-3.901264722681517,-1.082679404205304,0.9064685751777758,8.931060996050372,-9.30156462648704,6.951215531953908,2.6156030760278215,-0.8424299333333332,-0.8648279799999998,-0.7619086,-0.7034511224489781,-3.095155196,0.316135,0.439549,AmsterdamHerring,132.0,Herring,52.3730796,4.8924534,43857.142857142855,7.0,1.0,4.0,6265.306122448979,4.882801922586371
1677,-0.5064693246953148,Amsterdam,-0.1785182671347829,-0.4525911320423528,-0.10725705946393647,2,4.75,52.25,-0.0015648875742805925,0.3249248923699114,-0.10449317718236201,-4.350958821204649,4.347875387997599,5.077984090933618,4.154754479933087,-0.07831326666666656,-0.03785197999999982,-0.04607526666666673,-0.17205316326530443,-1.229665334,0.538229,0.367824,AmsterdamHerring,123.0,Herring,52.3730796,4.8924534,46257.142857142855,6.0,1.0,5.0,7709.523809523809,4.812184355372417
1679,-0.8696104613885778,Amsterdam,-0.04537098059418666,-0.5830048710300214,-0.12921200525857207,2,4.75,52.25,-0.6885505326834608,-0.6756225545452731,-0.4414362809168048,-12.60756725281722,-4.983637482822832,2.7089719719933782,1.73519696741491,-0.5033432666666665,-0.5019399799999997,-0.48053193333333327,-0.5155327551020394,-0.259387127,-0.240811,-0.608359,AmsterdamHerring,115.0,Herring,52.3730796,4.8924534,5566.666666666667,7.0,1.0,1.0,795.2380952380953,4.74493212836325
1682,1.2514277430451768,Amsterdam,-0.278984269216129,0.6865022163134522,-0.15283844116181458,2,4.75,52.25,1.180707674794707,0.6123870948523791,-0.9454498940020696,3.4892428322377,2.7287918401100515,3.4800853022053855,3.7882957758407265,1.243130066666667,1.2892000200000002,1.2441814,1.159875408163267,0.325898396,0.762618,0.749775,AmsterdamHerring,100.0,Herring,52.3730796,4.8924534,1166.6666666666667,3.0,2.0,4.0,388.8888888888889,4.605170185988092
1691,-1.1787160204991805,Amsterdam,-0.3692831544221372,-0.5473085360929315,-0.3026811155507373,2,4.75,52.25,-0.8810317043199736,0.43522542675818543,0.10003205304786025,-38.85624909834197,-2.385290839767933,-1.0570305974177958,2.032272680533043,0.0676367333333335,0.06886602000000025,0.10149140000000001,0.09173255102040968,-2.431562704,0.318654,-0.0422589,AmsterdamHerring,180.0,Herring,52.3730796,4.8924534,80588.23529411765,3.0,0.0,0.0,26862.745098039217,5.19295685089021
1692,-1.7496420698823825,Amsterdam,-0.3615677246492196,-1.1244829045213676,-0.2331525206167534,2,4.75,52.25,0.07824437871402963,-0.004074259846530357,0.6231456551053528,-30.374364762809886,2.213134412536537,2.7444153970273466,4.604868484274756,1.3929934000000004,1.4505540200000002,1.3591680666666666,1.2135998979591853,-0.386287474,-0.268317,-1.21465,AmsterdamHerring,210.0,Herring,52.3730796,4.8924534,80588.23529411765,3.0,1.0,1.0,26862.745098039217,5.3471075307174685
1701,0.11059964210468314,Amsterdam,-0.3971260491539604,-0.25960757684125213,-0.507633947498929,2,4.75,52.25,-1.2714711541029815,-0.3434575810007384,-0.7356223723913848,4.555785189214449,-11.031801454005747,5.844818212023565,2.510418408338562,0.11861673333333347,0.12898202000000022,0.1298680666666667,0.11573255102040947,-0.222015937,1.22309,0.420721,AmsterdamHerring,86.0,Herring,52.3730796,4.8924534,122435.06493506493,4.0,2.0,17.0,30608.766233766233,4.454347296253507
1703,-0.09994218780886117,Amsterdam,0.07171332466573331,-0.372225206753793,0.16223753300707144,2,4.75,52.25,-0.0829390414368714,-0.2173616361733478,-0.5595057270735867,-15.991468932506884,7.171295009471367,2.7621285543674308,3.026976013772555,-0.22303493333333313,-0.2344339799999997,-0.20847193333333328,-0.1806552040816312,-2.634760102,0.138811,0.202666,AmsterdamHerring,245.0,Herring,52.3730796,4.8924534,128035.06493506493,6.0,1.0,9.0,21339.177489177488,5.501258210544727
1706,-0.2175759072869139,Amsterdam,0.23340651983017197,-0.34355876391829454,-0.03277290951875882,2,4.75,52.25,-1.6791243672030758,-0.32913677694513416,-0.6612713685326685,-12.42264036178883,-12.223209013123931,4.044401884541526,1.7717952570484659,-0.01589326666666647,-0.011747979999999856,-0.0633786000000001,-0.09924704081632521,1.623314574,0.581229,0.290916,AmsterdamHerring,245.0,Herring,52.3730796,4.8924534,128035.06493506493,8.0,0.0,0.0,16004.383116883117,5.501258210544727
1708,0.24181314813557928,Amsterdam,-0.1930688823956529,-0.29317255339351367,-0.3798365345913126,2,4.75,52.25,-1.959239242999302,-0.250705937787668,-0.11791402823680748,5.030980123819252,2.3023772143477377,10.360133093761345,4.712298417203722,0.1107117333333335,0.12325602000000026,0.10858473333333336,0.07769173469387909,1.279126263,-0.178762,-0.0558336,AmsterdamHerring,162.5,Herring,52.3730796,4.8924534,141485.06493506493,6.0,0.0,0.0,23580.844155844155,5.090678001769792
1709,-1.790097860912199,Amsterdam,0.08498197341762698,-1.091914015819243,-0.15639409082105998,2,4.75,52.25,-0.5289320001068403,-0.002519546421052289,0.29498905273251996,-14.260018507054,4.64217547304348,3.560433631281057,4.582996297980219,0.10044673333333345,0.09657802000000024,0.07443806666666664,0.0955794897959199,-0.294012792,-0.396237,-0.0100813,AmsterdamHerring,141.25,Herring,52.3730796,4.8924534,127235.06493506493,7.0,2.0,23.0,18176.43784786642,4.9505313700265505
1718,-0.27681024306265756,Amsterdam,-0.03480214149483771,0.005434256485062429,0.013053846238728664,2,4.75,52.25,-2.3129038347867157,-0.9814076384005495,-0.8372852967728267,-0.5362758145369995,-5.340730080284666,5.741187238071279,2.754500654410487,0.38080840000000016,0.3809620200000002,0.3100547333333333,0.30474275510204213,1.961015518,-0.379794,-0.200809,AmsterdamHerring,108.4,Herring,52.3730796,4.8924534,61451.13636363636,9.0,1.0,1.0,6827.90404040404,4.685828089005546
1719,0.060935747548025665,Amsterdam,0.2645872536291456,0.26487037960768245,-0.17504043477557613,2,4.75,52.25,-2.5108621129332107,-0.9282642794946673,-0.30205782247828417,-1.7741128498986736,-11.442909047212929,7.1024280767754195,0.11276630774763471,0.6132667333333335,0.6104480200000003,0.5560747333333333,0.5874264285714301,0.231280521,-0.306846,-0.499665,AmsterdamHerring,157.0,Herring,52.3730796,4.8924534,43951.13636363636,8.0,2.0,4.0,5493.892045454545,5.056245805348308
1722,0.7361362832343255,Amsterdam,0.019087713320288687,0.49862525527144674,-0.21316352941196837,2,4.75,52.25,0.010171769232823851,0.9781743251303704,-0.3771368723130052,-3.49990326633489,2.4624133303981734,1.9218630036049933,4.7752434528454994,0.6262200666666669,0.6566700200000003,0.6328947333333332,0.5591509183673484,1.456654061,-0.741886,-0.261051,AmsterdamHerring,129.0,Herring,52.3730796,4.8924534,2000.0,2.0,2.0,5.0,1000.0,4.859812404361672
1732,-0.5720603238980567,Amsterdam,0.025001300764921606,-0.4435299683517354,-0.10075850076688266,2,4.75,52.25,1.4975974085865271,0.588587129031624,0.7885663700243509,-3.684007502859883,-0.556973455013108,4.249188032184531,3.830951017598,0.4054084000000001,0.4206140200000002,0.3944813999999999,0.3630998979591849,0.034932014,-0.489,-0.966742,AmsterdamHerring,120.0,Herring,52.3730796,4.8924534,0.0,1.0,0.0,0.0,0.0,4.787491742782046
1733,1.2961055558802854,Amsterdam,0.20969309325399157,1.012626974450151,-0.1291609950487925,2,4.75,52.25,1.1713183493490236,0.9936800927052932,0.5047994525172307,-4.060121247587422,-13.165262812291786,4.618804778053438,1.2781619374111288,-1.2401365999999998,-1.2970679799999998,-1.192335266666667,-1.034277653061223,-0.102425538,-0.225486,-0.309223,AmsterdamHerring,167.8,Herring,52.3730796,4.8924534,28333.333333333332,2.0,1.0,3.0,14166.666666666666,5.122772794033106
1734,0.47545794438293426,Amsterdam,0.21389936124657769,0.36721217891215413,0.058018520999530095,2,4.75,52.25,0.892768361127078,1.177279847952128,0.5071358558876006,-2.830466947256513,-6.534837887200499,2.9819341080907975,1.2182629265210034,0.10484173333333341,0.16615202000000015,0.15205139999999995,-0.044277653061223055,-2.443968207,-0.063905,0.559148,AmsterdamHerring,160.0,Herring,52.3730796,4.8924534,28333.333333333332,4.0,2.0,3.0,7083.333333333333,5.075173815233827
1736,0.290295506739263,Amsterdam,0.15422588794164543,0.22514095839716852,-0.0947965385184245,2,4.75,52.25,0.3153248462175394,0.2432063244903443,0.894821742924417,8.459572874488957,-12.27797973142343,8.280484010612518,2.2667043066282364,0.3373684000000001,0.32932802000000017,0.3149313999999999,0.3445386734693893,-2.84722466,-0.871766,-0.286241,AmsterdamHerring,127.3,Herring,52.3730796,4.8924534,50000.0,2.0,1.0,4.0,25000.0,4.846546505563361
1737,1.0881237205315173,Amsterdam,-0.09781936154668525,0.38235404723153826,-0.15500994334943433,2,4.75,52.25,0.8865088108299557,0.714951561549794,0.4124382302075948,11.304224527206292,-8.533558842706956,6.200929190475151,0.8776093109895101,0.4362784000000001,0.4513920200000001,0.43532806666666657,0.4228550000000013,0.391891584,-0.298875,0.829519,AmsterdamHerring,121.81,Herring,52.3730796,4.8924534,50000.0,2.0,0.0,0.0,25000.0,4.802462453711867
1738,0.5761169306699326,Amsterdam,0.12468748911730515,0.2698339618461902,-0.03906608113517262,2,4.75,52.25,2.0484378347332957,0.5267223312781004,-0.39197833930511916,-15.41468346840057,-2.7378112245063186,2.96322571009958,2.29264481629869,0.32698173333333347,0.33617602000000024,0.33329473333333337,0.3266713265306137,-3.897267319,0.132986,1.05688,AmsterdamHerring,97.5,Herring,52.3730796,4.8924534,50000.0,2.0,0.0,0.0,25000.0,4.579852378003801
1739,0.6466782577815168,Amsterdam,-0.18285450408219603,0.06607839572487793,-0.5016317774542567,2,4.75,52.25,-0.35209970421313336,-0.18565834878222082,0.08765240250279072,14.023616079281672,-4.71185802116146,8.519711287056536,3.027987886002954,0.24071006666666675,0.2487180200000002,0.2566647333333333,0.24238561224489943,-0.40373382,-0.386681,-0.137031,AmsterdamHerring,122.17,Herring,52.3730796,4.8924534,50000.0,2.0,0.0,0.0,25000.0,4.8054135174159684
1740,-1.9843423715810609,Amsterdam,-0.9408866177517107,-0.8516944100719493,-0.8523144815640901,2,4.75,52.25,-1.47881875769516,-0.7173092461019213,0.28485425891042226,-14.460420064746751,-15.88884947640387,5.508233143828309,1.803652067763158,0.26364006666666673,0.2735440200000003,0.27287473333333334,0.2520386734693893,-2.974397837,-0.967676,-0.619613,AmsterdamHerring,187.5,Herring,52.3730796,4.8924534,44496.666666666664,4.0,3.0,13.0,11124.166666666666,5.233778845410465
1741,0.5628994818093346,Amsterdam,-0.703037522738358,0.2783513519627498,-0.74558668288751,2,4.75,52.25,-1.6517388346531656,-0.7228106279265648,0.2602438122491157,-13.462495125186658,-21.222553527435096,4.117966336079449,0.6781992104892995,0.48143006666666677,0.49599002000000025,0.4740147333333333,0.44401826530612404,-4.029758764,-0.0922972,0.353436,AmsterdamHerring,208.33,Herring,52.3730796,4.8924534,47830.0,4.0,1.0,3.0,11957.5,5.339123360940291
1742,-0.3079319000639826,Amsterdam,-0.9146742426349912,0.19955793747428088,-0.8011322717158033,2,4.75,52.25,-3.0491834384857346,-0.7581485957852987,1.1239257580310127,-26.62676582344902,-10.136784082166539,6.509193851229052,1.1780648986989273,-0.6077999333333332,-0.6415439799999997,-0.5706585999999999,-0.47519602040816167,-2.512045511,-0.584601,0.127061,AmsterdamHerring,185.0,Herring,52.3730796,4.8924534,47830.0,4.0,0.0,0.0,11957.5,5.220355825078324
1744,-0.4929210457678841,Amsterdam,-0.3651655016260242,-0.4641811015986074,-0.21513585193923507,2,4.75,52.25,-2.387235994565044,-0.47169683145530483,1.1344948368942,-24.076962793525208,-14.07623113246143,-0.6754520928799747,2.3196397569345253,0.1578084000000002,0.16149402000000027,0.11219140000000005,0.09017132653061377,-0.285092007,-0.070602,0.600982,AmsterdamHerring,257.5,Herring,52.3730796,4.8924534,50596.666666666664,3.0,1.0,2.0,16865.555555555555,5.551019720103791
1746,0.046552516547160305,Amsterdam,0.09039340808224608,0.5425848727669883,-0.2931709697556172,2,4.75,52.25,-0.9991807161781583,-1.0774944697678477,1.1455867999190685,5.733575747495823,0.22682811666963199,6.428094713361498,1.47446565209292,0.8691734000000002,0.8811780200000003,0.8325747333333333,0.8334264285714299,3.821283269,0.875006,0.431728,AmsterdamHerring,163.0,Herring,52.3730796,4.8924534,37946.666666666664,2.0,0.0,0.0,18973.333333333332,5.093750200806762
1747,0.7847052878078938,Amsterdam,0.07770371194730952,0.13298241156458898,-0.2408799386172087,2,4.75,52.25,-0.5539702012953297,-0.1509103174952873,1.2860432634248926,24.975693367366592,-10.927499876323868,5.0816440917940175,1.5592623306787876,1.3420634,1.3786220200000001,1.3174180666666666,1.2645794897959197,-0.161715567,0.743432,0.142835,AmsterdamHerring,187.5,Herring,52.3730796,4.8924534,36696.666666666664,2.0,1.0,1.0,18348.333333333332,5.233778845410465
1748,0.021456692906000868,Amsterdam,-0.04651707046857105,-0.03050725915407999,-0.14932531003331762,2,4.75,52.25,-1.093856414422134,-0.6586151027906365,0.5934418332913405,-8.728264491519353,3.3236668804430956,1.66085542780338,2.887976636881316,-0.5918499333333331,-0.6373919799999999,-0.5220552666666667,-0.36868581632652925,0.564548772,-0.766917,-0.954901,AmsterdamHerring,236.6,Herring,52.3730796,4.8924534,36696.666666666664,1.0,0.0,0.0,36696.666666666664,5.466370951544286
1750,1.18083490830818,Amsterdam,0.02239010630884991,0.22371711997145802,0.000975125877300177,2,4.75,52.25,-0.084503929011152,-0.25036735800942184,-0.3592718819111265,2.242456386790329,-7.728914205676578,4.609364555188424,3.8964905994540633,-0.7920599333333331,-0.8566099799999998,-0.8104986000000001,-0.6406654081632637,-0.370073206,0.276164,0.274324,AmsterdamHerring,247.14,Herring,52.3730796,4.8924534,0.0,0.0,0.0,0.0,0.0,5.509954977676045
1751,-0.3120436451803307,Amsterdam,-0.4497221221005807,-0.3523908602981894,-0.2101165744637541,2,4.75,52.25,0.021908426039928295,0.3953899063515142,-0.39206047864797106,-0.4066809574733326,3.8578071094451296,7.928698950739065,6.170570200101766,0.7310167333333334,0.7933780200000002,0.7562080666666667,0.5658958163265321,2.461963576,-0.0892548,-0.0775879,AmsterdamHerring,205.6,Herring,52.3730796,4.8924534,0.0,1.0,1.0,3.0,0.0,5.32593253358101
1752,0.4422489071980226,Amsterdam,-0.17009391579008104,0.17726364574285683,0.031456286830434846,2,4.75,52.25,-1.560975355344891,0.06739345970348194,0.056063379710645116,5.65597606249111,-2.204413483786655,7.172727632775955,2.4265884584216626,-1.1037832666666665,-1.1853299799999997,-1.1217819333333334,-0.8926041836734678,0.258879762,-0.641224,-0.761348,AmsterdamHerring,160.0,Herring,52.3730796,4.8924534,0.0,1.0,0.0,0.0,0.0,5.075173815233827
1753,-0.1563959756419403,Amsterdam,-0.05439791527490505,-0.2801845791530162,-0.04448786929975672,2,4.75,52.25,-0.557099976443891,0.25426588237453607,0.3811413026978681,-0.8307520523038363,-8.709895018050345,4.07699805234495,3.1242905521557596,-0.2017515999999999,-0.1562599799999998,-0.1255986,-0.2779409183673454,-2.478273591,-0.227102,-1.3147,AmsterdamHerring,167.5,Herring,52.3730796,4.8924534,0.0,1.0,0.0,0.0,0.0,5.120983351265121
1754,-0.0075224455672653345,Amsterdam,-0.1405614246455056,-0.2601178431329527,-0.03140639675989128,2,4.75,52.25,-0.816088869987329,0.422373389240823,0.6999599545779805,-4.651271524945241,0.3622968607514028,2.259922326505366,2.8904010367140924,-0.9689949333333332,-1.0170119799999997,-0.9992152666666667,-0.8863388775510189,0.372650143,0.232191,0.172946,AmsterdamHerring,233.67,Herring,52.3730796,4.8924534,0.0,1.0,1.0,2.0,0.0,5.453909863599967
1755,-0.8418286126809916,Amsterdam,0.4835081426758611,-0.6727452671973675,0.2849068088869387,2,4.75,52.25,-0.507023574066912,-0.1805501905803662,-0.38480315209679233,-19.415090464764827,3.1376140114868085,-0.30398598253845466,2.6853102164074696,0.7339567333333334,0.7805240200000003,0.6937913999999998,0.5443856122448996,1.316367964,-0.284954,-0.336988,AmsterdamHerring,161.5,Herring,52.3730796,4.8924534,0.0,3.0,2.0,15.0,0.0,5.084505142662711
1756,0.626174670544248,Amsterdam,-0.324296173012667,0.5438549711219319,-0.1524648709008767,2,4.75,52.25,-0.21908426039928297,-0.17330746942722294,-0.5617418366505339,-6.1695023159535864,4.761466460757729,4.690257623044496,4.310711594369174,0.09379340000000021,0.04509402000000022,0.0055013999999999185,0.16157948979591988,0.771653838,0.288787,0.47378,AmsterdamHerring,136.49,Herring,52.3730796,4.8924534,123500.0,2.0,1.0,8.0,61750.0,4.916251351868104
1757,-0.4803888877600108,Amsterdam,0.3745232663735752,-0.20266082247416378,0.4012378796236642,2,4.75,52.25,-2.368457343673677,-0.946251953984016,0.30129790178180743,-12.804664806106556,-10.429857943478723,3.2324023521379783,3.026558289828777,-0.4327965999999998,-0.4389839799999998,-0.3653352666666667,-0.3403694897959172,2.802681042,0.0938375,-0.209091,AmsterdamHerring,125.33,Herring,52.3730796,4.8924534,123500.0,2.0,0.0,0.0,61750.0,4.830950258623431
1758,-0.28118192608865994,Amsterdam,-0.041897264892444205,-0.5834140424261413,-0.17642086069990456,2,4.75,52.25,0.5445808758496462,-0.08493366103754314,1.2835731216981066,6.821884374365527,4.002746115872142,4.904098599343748,3.304061254973642,-0.5306482666666665,-0.5204079799999998,-0.4840119333333333,-0.5204001020408148,-0.181212824,0.467112,0.197369,AmsterdamHerring,202.6,Herring,52.3730796,4.8924534,123500.0,3.0,1.0,1.0,41166.666666666664,5.311233591814583
1760,-0.20646946932896185,Amsterdam,0.2559974872510274,-0.397748572934042,-0.00505806077951169,2,4.75,52.25,-0.55475264508247,-0.5270968271119402,-0.0358345057183107,8.239237765367903,-10.142786052596598,6.22182081426375,0.3719195258676407,0.28495173333333346,0.24685802000000018,0.21385473333333332,0.33177336734694013,0.244933785,0.054088,-0.8341,AmsterdamHerring,136.57,Herring,52.3730796,4.8924534,123500.0,2.0,0.0,0.0,61750.0,4.9168373036903334
1761,0.38701603984968286,Amsterdam,0.5265337744033951,-0.29469505869484197,0.1523962347990431,2,4.75,52.25,-2.4083619768178317,-0.2850374101469288,0.8664423430082793,-9.098717010285691,-0.9149071132643729,-1.1913877823536843,3.2889259206414687,0.5389067333333334,0.5632280200000003,0.5626014,0.5214672448979607,-0.372243633,0.53333,0.390627,AmsterdamHerring,244.0,Herring,52.3730796,4.8924534,123500.0,2.0,0.0,0.0,61750.0,5.497168225293202
1762,0.04157431173196476,Amsterdam,0.5941826153908992,0.2063303483772702,0.168130248210453,2,4.75,52.25,-0.4725960474327389,-0.49032166811779093,0.6805649172100264,-4.236337249658308,-22.720652557174546,1.8002929614339962,-1.7602691701862117,0.2332800666666668,0.23957002000000016,0.24341139999999994,0.25155908163265456,0.133644481,-0.259737,-1.37353,AmsterdamHerring,175.0,Herring,52.3730796,4.8924534,124500.0,3.0,1.0,1.0,41500.0,5.1647859739235145
1763,-0.4135139528217044,Amsterdam,-0.053594470826882984,0.0530829798665852,-0.21561347716516754,2,4.75,52.25,0.7542758108032456,0.15474592294392717,-0.4006672743007903,1.841860151975207,-0.4341603255881523,4.639575657403034,4.094645835934628,-1.1445249333333332,-1.1817679799999996,-1.0603886,-0.971951122448978,2.210584133,-0.816366,-1.73324,AmsterdamHerring,215.0,Herring,52.3730796,4.8924534,123500.0,3.0,1.0,1.0,41166.666666666664,5.3706380281276624
1764,0.751126036024384,Amsterdam,0.12919504877789945,0.7667526777653962,-0.16673803172362525,2,4.75,52.25,-1.0023104913267196,-0.5409899121132706,1.2235770792991265,14.879167027251318,-1.152660349466824,5.214104945139484,2.053157225044863,0.3474817333333335,0.4104920200000001,0.37084139999999993,0.1690284693877565,-0.817881875,0.0512801,-0.676413,AmsterdamHerring,218.0,Herring,52.3730796,4.8924534,0.0,2.0,1.0,1.0,0.0,5.384495062789089
1765,-0.6075064024872648,Amsterdam,-0.34429957669651023,-0.10288369194918756,-0.29759593846045423,2,4.75,52.25,-0.31610729000467974,0.05570145769669772,-0.2008868762663918,-4.466992048407691,-15.141297031485164,1.5999073520455043,-0.3897888786145505,0.4435950666666669,0.4167740200000003,0.3313247333333333,0.4063039795918383,0.633055133,-0.156224,-1.10606,AmsterdamHerring,206.0,Herring,52.3730796,4.8924534,0.0,1.0,0.0,0.0,0.0,5.327876168789581
1766,-0.793314746451895,Amsterdam,0.4715746295508276,-0.624460943942187,0.14590105598042571,2,4.75,52.25,0.14318721304667423,-0.09041612590828203,-0.40199756036386697,-14.853774262654065,2.830378110305701,-2.672761312513553,4.096574154890431,1.1702200666666667,1.19292802,1.1278980666666667,1.0927019387755113,-1.15039804,0.349358,-1.39845,AmsterdamHerring,186.25,Herring,52.3730796,4.8924534,0.0,3.0,2.0,4.0,0.0,5.227089857259669
1767,-0.5692640221426857,Amsterdam,-0.699770575828386,-0.6076229297060655,-0.5143213981249686,2,4.75,52.25,-1.2855551422715068,-0.24540306791282604,0.3107865191139648,2.9689795738480527,7.635116076247307,3.2033063536507203,3.1177023987026504,-0.3730782666666666,-0.4116839799999998,-0.3369852666666667,-0.19038989795918215,-1.225977827,0.119711,-1.07157,AmsterdamHerring,204.0,Herring,52.3730796,4.8924534,0.0,2.0,0.0,0.0,0.0,5.318119993844216
1768,-0.488210655768696,Amsterdam,-0.14047871712879745,-0.3706812674401989,-0.33172068516861003,2,4.75,52.25,0.8669477161514484,-0.21911144626482476,-0.7270350668327623,-5.344409055721887,-1.7599637400653991,4.0843250616490225,1.9166497620229335,-0.9726015999999996,-0.9586999799999999,-0.8330352666666667,-0.8862878571428559,2.791692231,-0.0777266,-1.09232,AmsterdamHerring,192.92,Herring,52.3730796,4.8924534,6530.0,7.0,5.0,23.0,932.8571428571429,5.262275595200771
1769,0.4779391698841788,Amsterdam,-0.11756282732087428,0.292583515590977,-0.19082309881365647,2,4.75,52.25,0.04459929586699689,0.12228749653249038,0.34982096202537677,6.256034373820552,-4.281061482376833,5.170081656463496,3.6729447338922303,0.2613084000000002,0.3050460200000003,0.24372806666666672,0.09080397959183839,-1.786186346,-0.130771,-1.64541,AmsterdamHerring,168.0,Herring,52.3730796,4.8924534,6530.0,5.0,0.0,0.0,1306.0,5.123963979403259
1770,0.7244154465808271,Amsterdam,-0.5644965245724373,0.19015761884603305,-0.38645232816536723,2,4.75,52.25,-0.6056114912465893,-0.014033864057330515,0.542591258618189,8.656148358574223,2.260221038827112,4.36218878023326,4.920077949168739,0.9278734000000001,0.9165360200000001,0.8006847333333331,0.8296101020408178,-1.490086584,0.359408,-0.460296,AmsterdamHerring,138.0,Herring,52.3730796,4.8924534,6300.0,4.0,1.0,1.0,1575.0,4.927253685157205
1771,-0.5841041137120344,Amsterdam,-0.3745705278116941,-0.3655004339575648,-0.4943617645863411,2,4.75,52.25,-0.26681333141484104,-0.27737936773831706,-0.1335131867641834,-9.858031984693055,-3.9624641870483126,0.8332153432147331,1.6042736381186287,1.2839000666666667,1.29294202,1.2248547333333333,1.2459366326530625,1.423516973,0.515787,-0.64884,AmsterdamHerring,158.4,Herring,52.3730796,4.8924534,6300.0,3.0,0.0,0.0,2100.0,5.0651234793803255
1772,-0.2234914639581351,Amsterdam,-0.6577965110989984,0.03382941060703981,-0.45872211722722644,2,4.75,52.25,-2.2510907756026324,0.034273834455430315,0.1638859305869231,6.92837432255143,-12.579868074096368,4.522378441442857,1.9115545896572232,-0.2591649333333332,-0.28450797999999977,-0.19337193333333336,-0.07428785714285566,4.421142142,-0.809739,-2.01411,AmsterdamHerring,153.0,Herring,52.3730796,4.8924534,6300.0,4.0,1.0,1.0,1575.0,5.030437921392435
1773,0.6622193940162963,Amsterdam,0.04021357615945683,0.25401604615588186,-0.022742667579804202,2,4.75,52.25,-1.1376732665019909,-0.6128822677428197,0.16991641186633272,6.526899453784464,-7.109084348659608,4.109256309136911,4.2075687727156925,-0.7501232666666666,-0.7251319799999998,-0.6104252666666666,-0.6887572448979578,-1.611796697,-0.670151,-1.08456,AmsterdamHerring,127.2,Herring,52.3730796,4.8924534,6500.0,3.0,1.0,2.0,2166.6666666666665,4.845760650906022
1774,-0.28055965048676046,Amsterdam,0.3306823748384894,-0.38485046990331445,0.23824834590311214,2,4.75,52.25,-0.5696190770381356,-0.43375654557741106,0.33443785703914797,10.54724365241062,0.9200949478027642,1.0698712034079467,4.688837222227345,0.45852673333333355,0.5026080200000003,0.43539139999999993,0.28443663265306257,2.274086302,-0.449031,-0.710188,AmsterdamHerring,123.5,Herring,52.3730796,4.8924534,6500.0,4.0,1.0,2.0,1625.0,4.816241156068032
1775,0.9239453614126574,Amsterdam,0.5458932409928677,0.19402707258908175,0.004972880436894646,2,4.75,52.25,-1.119677059397764,-0.28737439191591907,-0.17277715390715231,-3.9031256674492933,-10.378015650076556,2.2632430525971805,0.17100527445437533,-0.6856232666666665,-0.7587919799999997,-0.7302619333333333,-0.5473694897959168,0.878226209,-0.576282,-1.67916,AmsterdamHerring,152.0,Herring,52.3730796,4.8924534,0.0,1.0,0.0,0.0,0.0,5.0238805208462765
1776,-1.1003959406297366,Amsterdam,0.10121627741148437,-0.33675472232055326,-0.1481351129448659,2,4.75,52.25,-0.9397149883554958,0.1396612614536468,0.7430358321303272,0.06744793372175077,-1.0350222766626784,5.8802154632478,0.9019760348195209,-0.2001732666666665,-0.17744397999999983,-0.14981193333333342,-0.22324704081632496,-0.78571408,-0.174813,-0.911693,AmsterdamHerring,135.57,Herring,52.3730796,4.8924534,0.0,0.0,0.0,0.0,0.0,4.909488112091298
1777,-0.8318879568633069,Amsterdam,-0.4636288002670801,-0.4107118974676835,-0.3648471909850129,2,4.75,52.25,0.10015280475395792,0.3842847220259558,-0.666883542631649,-16.854112233206937,4.706246233571855,4.605112593614174,4.984369014600193,-0.20955659999999984,-0.21701597999999978,-0.23990193333333337,-0.21927765306122304,1.057089917,-0.461956,-0.766731,AmsterdamHerring,108.92,Herring,52.3730796,4.8924534,0.0,0.0,0.0,0.0,0.0,4.690613667805559
1778,0.1512602326996817,Amsterdam,0.4042507109503913,0.18003464321726442,0.20723564858096807,2,4.75,52.25,-2.801148757962261,0.12242707678303588,0.02348884118736046,-5.243222551804881,-5.4344857687733965,6.65766288587286,2.3066774294694192,-0.49465159999999986,-0.5169499799999999,-0.4913486,-0.4471552040816313,-0.685757824,-0.183224,-0.106572,AmsterdamHerring,170.63,Herring,52.3730796,4.8924534,4483.333333333333,2.0,2.0,8.0,2241.6666666666665,5.139497469539173
1779,0.8663415452520175,Amsterdam,0.4497457528196402,0.2804652881178602,0.15619937043242785,2,4.75,52.25,-0.8912034735527975,-0.35409176859117175,-0.5352916646932461,-8.30182157179668,-0.13916612580503518,-3.189814821681596,2.679486946778382,0.10628673333333344,0.12186402000000018,0.09412139999999997,0.04300806122449114,-1.717382928,-0.0368056,-0.202554,AmsterdamHerring,193.5,Herring,52.3730796,4.8924534,4483.333333333333,2.0,0.0,0.0,2241.6666666666665,5.2652775124698366
1780,-1.2056865478523917,Amsterdam,0.014420646306042895,-0.8789782312254122,-0.3411981348321098,2,4.75,52.25,-2.8606144857849234,-0.47293243512522193,-0.14368837648622823,-23.013978782358986,-1.8609991907424144,-2.070938738465543,5.2161060402824475,-0.06228159999999991,-0.08097197999999982,-0.09850193333333337,-0.0445837755102024,-2.049526264,-0.817887,-0.72485,AmsterdamHerring,181.25,Herring,52.3730796,4.8924534,6583.333333333333,2.0,1.0,4.0,3291.6666666666665,5.199877293734784
1781,0.15372570438821995,Amsterdam,0.3798342704821916,-0.25418527793617884,-0.07080496869697327,2,4.75,52.25,-2.27143431406828,-0.6547974005201603,-0.08021298479659393,-5.500224199664321,-15.049589916997386,1.1170906765084252,-0.03305531077862699,-0.9944449333333332,-1.0295999799999997,-0.9455452666666667,-0.8601756122448965,3.619416581,-0.0162506,0.498743,AmsterdamHerring,200.0,Herring,52.3730796,4.8924534,6583.333333333333,2.0,0.0,0.0,3291.6666666666665,5.298317366548036
1782,-0.21778070685209597,Amsterdam,-0.5741260425891721,-0.5756542589503086,-0.39261268721818804,2,4.75,52.25,-1.0664708818722237,-0.4318290417430545,0.3522504028067778,-9.699799988910774,-1.0706023881704385,-0.658429987437761,3.497711828815849,-0.9814816,-0.9785579799999998,-0.9234719333333336,-0.9641041836734681,6.61136999,-0.984284,-0.943556,AmsterdamHerring,200.0,Herring,52.3730796,4.8924534,6583.333333333333,2.0,0.0,0.0,3291.6666666666665,5.298317366548036
1783,0.4025099146463435,Amsterdam,0.455972447291811,-0.09277614521367307,-0.045425982206803404,2,4.75,52.25,-1.3825781718769035,0.3253042240447848,0.20951139559036264,1.5177367115284994,-20.216676311714924,7.178322910184141,-1.6548597581138316,1.6270817333333336,1.6983740200000002,1.4987114000000001,1.2912631632653075,-0.623796171,0.0680941,-0.257605,AmsterdamHerring,260.0,Herring,52.3730796,4.8924534,6583.333333333333,4.0,2.0,4.0,1645.8333333333333,5.560681631015528
1784,-2.0440178141125807,Amsterdam,-0.07638039167997909,-0.9258068361157282,-0.4311872928256641,2,4.75,52.25,-2.669698201722691,-0.763104693373419,0.27488261228045513,-9.550809469901793,0.057323563690750756,5.599913942651305,2.989368614107727,0.32370340000000025,0.23833002000000028,0.19868806666666672,0.4701713265306137,4.424139289,-0.256196,-1.35941,AmsterdamHerring,217.0,Herring,52.3730796,4.8924534,1000.0,4.0,2.0,4.0,250.0,5.37989735354046
1785,-0.9527669617588604,Amsterdam,-0.6612997651995652,-0.5680080174816591,-0.5085169217571786,2,4.75,52.25,-1.5281127162849988,-0.6233022145392383,0.18084912321373012,-9.365035585479385,-13.601531494281007,0.2169266266907491,-1.1257563715049523,-0.47659159999999984,-0.4697739799999998,-0.34254526666666674,-0.33591030612244777,1.026042557,-0.903391,-1.43298,AmsterdamHerring,163.5,Herring,52.3730796,4.8924534,1000.0,3.0,1.0,3.0,333.3333333333333,5.096812990337308
1786,-0.011949266937739789,Amsterdam,-0.618729024813926,-0.3545194570445894,-0.3748823026603567,2,4.75,52.25,-1.1087228463777998,-0.3518277731444795,-0.0976207038973455,-4.498060642300521,-3.451316451672932,5.41957975659441,2.3147567238278066,-0.1034049333333332,-0.058571979999999815,-0.048595266666666755,-0.17100214285714163,0.107410587,-1.16436,-1.50042,AmsterdamHerring,235.21,Herring,52.3730796,4.8924534,0.0,1.0,0.0,0.0,0.0,5.460478732127452
1787,0.40545587762242435,Amsterdam,-0.5272013422168252,0.20527179079567434,-0.4353864271251644,2,4.75,52.25,-1.0351731303866119,-0.31091603116510874,0.7328328660372533,-5.591378212862465,-1.5175958501989602,1.3213618676040306,5.263105581022631,0.5071600666666668,0.5142880200000002,0.44580473333333337,0.4069060204081647,0.461622336,-0.0605792,-1.82953,AmsterdamHerring,247.5,Herring,52.3730796,4.8924534,31916.666666666668,2.0,1.0,6.0,15958.333333333334,5.511410582008745
1788,-1.1107619493904917,Amsterdam,0.4539342977729316,-0.9318947072543988,0.07837157913757133,2,4.75,52.25,-2.5108621129332107,-0.6182619790590284,0.24459859925006244,-11.760172267098637,-1.5989875343642697,2.3855125499306,0.8210277857233045,0.5869800666666668,0.5746060200000002,0.5355680666666665,0.5795794897959199,1.614967502,-0.508381,-0.705994,AmsterdamHerring,258.75,Herring,52.3730796,4.8924534,61916.66666666667,2.0,1.0,3.0,30958.333333333336,5.5558623445795785
1789,0.3147454240594636,Amsterdam,-0.1968616128046982,0.014131849441117927,-0.00634858232381988,2,4.75,52.25,-0.8779019291714125,-0.5483978168153799,0.1250110800288075,-1.88210207374756,13.804091150982561,4.235996036068254,4.335860205185952,0.29150340000000013,0.29451402000000015,0.3087247333333333,0.3314264285714301,-1.100706469,-0.568836,-1.00513,AmsterdamHerring,258.3,Herring,52.3730796,4.8924534,63916.66666666667,5.0,3.0,4.0,12783.333333333334,5.554121700101795
1790,1.3556628448165087,Amsterdam,-0.6529403983322769,0.7496813132511092,-0.5888259495140898,2,4.75,52.25,-0.3740081302530616,-0.6234691072175067,-0.6694695265893129,-14.064523669712829,-2.033432624972826,1.0415469112648739,1.8747040412878397,-0.8292832666666664,-0.8478059799999998,-0.7489419333333335,-0.6930021428571416,2.177972421,-0.415506,-1.22992,AmsterdamHerring,261.11,Herring,52.3730796,4.8924534,63916.66666666667,3.0,0.0,0.0,21305.55555555556,5.564941774473782
1791,0.8424430113765377,Amsterdam,-0.14048462480856236,0.8574974749030961,-0.20929341087438103,2,4.75,52.25,-0.5750961835481178,-0.20393480272674072,-0.5359933284350232,13.862086163818644,1.6358381359630678,10.239112240840914,3.934654928352527,0.6527850666666668,0.7184040200000001,0.6621147333333333,0.46371214285714446,-1.716021283,-0.0608664,-0.501916,AmsterdamHerring,230.83,Herring,52.3730796,4.8924534,191500.0,2.0,1.0,12.0,95750.0,5.441681508855907
1792,0.1353331280535974,Amsterdam,0.051893059054600996,-0.18735315295663474,0.006886470590461633,2,4.75,52.25,-0.9600585268211436,-0.12712493297285635,-0.7473147694524923,2.631742339128364,4.247205477034274,3.0222684834020304,2.95196982602705,2.137185066666667,2.1674960200000006,1.9684580666666662,1.9134366326530625,-0.375399577,-0.169039,-1.42694,AmsterdamHerring,166.36,Herring,52.3730796,4.8924534,254297.14285714284,5.0,3.0,10.0,50859.428571428565,5.114154114874711
1793,0.6983271327391698,Amsterdam,-0.7913573352231354,0.2080018590631453,-0.31983968627312226,2,4.75,52.25,-2.735423479842476,-0.5358969721121379,-0.11656440631365059,-0.20737951763718762,-10.9482051227033,3.3184582252062036,0.6633561347128288,1.9582917333333338,1.9556360200000005,1.8763013999999998,1.9633243877551034,2.466149301,0.950785,0.522017,AmsterdamHerring,224.83,Herring,52.3730796,4.8924534,261110.4761904762,6.0,3.0,13.0,43518.4126984127,5.415344561072911
1794,0.2830487528943582,Amsterdam,0.476082189211422,0.4538939188804189,0.4352189860624433,2,4.75,52.25,-2.9748512787074066,-0.8847622636421303,-0.3232092816590977,-18.223216207418762,-14.5204540681456,-1.4365186201329725,0.9759397956801686,-0.2675132666666664,-0.2868319799999998,-0.12183859999999998,0.0014876530612258842,-0.277317518,0.1208,0.519161,AmsterdamHerring,206.0,Herring,52.3730796,4.8924534,260570.4761904762,6.0,1.0,2.0,43428.4126984127,5.327876168789581
1795,-0.983022159061338,Amsterdam,-0.525730329955373,-0.650881801851248,-0.2859874214417938,2,4.75,52.25,0.48668003560126427,0.04196349266906107,-1.1322507068274117,-11.828133751412741,-13.3473385544006,2.3506222722208703,1.298966318654818,0.27527173333333355,0.3654800200000003,0.4289014000000001,0.18489581632653201,-1.116233995,-0.106467,-0.535783,AmsterdamHerring,353.0,Herring,52.3730796,4.8924534,246820.4761904762,8.0,3.0,13.0,30852.559523809527,5.8664680569332965
1500,-1.050638130677198,Antwerp,0.08233386617318707,-0.5834294586441428,0.09511927213084587,7,4.25,51.25,-0.5656750288746142,-0.7212960747905117,-1.5841478344397173,-14.75717313342993,-7.805598193118589,3.423454242090361,1.530405032374305,-0.15503659999999986,-0.1625159799999998,-0.13941193333333346,-0.11759397959183532,0.902820899,0.143463,1.13431,AntwerpHerring,0.0924,Herring,51.2211097,4.3997081,28533.333333333332,9.0,3.0,8.0,3170.3703703703704,-2.3816283003344987
1501,0.5649405164840066,Antwerp,0.02224408035323079,0.4245532779980156,-0.055762120148231065,7,4.25,51.25,0.24763116648636957,-0.37525003134016544,-0.3930212572800374,-4.1986265945247085,-0.5655512023504761,7.30808137153389,2.2341296365767267,-0.47998326666666646,-0.48515997999999977,-0.4374619333333334,-0.4283796938775495,-3.077853339,-0.599483,-0.479673,AntwerpHerring,0.094875,Herring,51.2211097,4.3997081,29233.333333333332,10.0,4.0,28.0,2923.333333333333,-2.355195043266343
1502,-0.4341346252901231,Antwerp,-0.01417781091133508,-0.2296429507281909,-0.005292222817839968,7,4.25,51.25,-2.4684001259983166,-0.456032011489104,-0.6171353319790184,-8.935733479954257,-4.929095199960232,5.254800622217371,1.9735186730346514,0.12936673333333348,0.14872002000000026,0.12036806666666663,0.05569173469387874,0.244743395,-0.213222,0.0599184,AntwerpHerring,0.07095,Herring,51.2211097,4.3997081,32066.666666666664,11.0,2.0,4.0,2915.151515151515,-2.6457798753760855
1503,-0.7781667484424512,Antwerp,0.14678559126501367,-0.38755460569533745,-0.03872800417267792,7,4.25,51.25,-4.402771378583536,-0.8398783388309022,-0.14462525795209086,-10.756907065742743,-8.411842912765612,4.07659427657758,3.4738911269439883,0.06338340000000012,0.045396020000000224,0.019038066666666537,0.06606928571428701,-2.057649767,-0.58143,-0.0461077,AntwerpHerring,0.07095,Herring,51.2211097,4.3997081,28733.333333333332,10.0,2.0,9.0,2873.333333333333,-2.6457798753760855
1504,-0.07728013017032394,Antwerp,0.29138719633857907,-0.07732019690983417,0.016196902867204273,7,4.25,51.25,-0.8077681181552182,-0.8442011599841958,0.4046766400492545,-9.06972532608867,-11.549091166431008,6.74238718387196,3.4689996153633214,0.37381673333333343,0.3842140200000002,0.3630880666666667,0.3433856122448993,-0.611973948,-0.622003,-0.645609,AntwerpHerring,0.08745,Herring,51.2211097,4.3997081,4533.333333333334,7.0,0.0,0.0,647.6190476190477,-2.436688077517526
1505,0.47366356873313054,Antwerp,-0.1320527341392774,0.3627894469629121,-0.2126905655682648,7,4.25,51.25,1.4723373828470727,0.18732466858199776,-0.5885949200512093,-3.2924914488150527,6.749942399974891,6.359450872655395,4.293057060826501,-0.07281659999999983,-0.08424397999999984,-0.06831526666666678,-0.022093979591835414,-2.215751038,-0.385059,0.187286,AntwerpHerring,0.13695,Herring,51.2211097,4.3997081,1200.0,7.0,2.0,2.0,171.42857142857142,-1.98813938327305
1506,1.4907897786973514,Antwerp,0.03137821044674624,0.3079332758543404,-0.15304167178135356,7,4.25,51.25,0.24684001259983165,0.26670224844887697,0.03881609587099142,11.363951671324768,-2.6814575111664367,6.52022726942553,3.702005240415833,-0.5610899333333333,-0.5686119799999998,-0.5076152666666667,-0.4943184693877536,-1.532747851,-0.330529,0.0606492,AntwerpHerring,0.081675,Herring,51.2211097,4.3997081,3000.0,9.0,4.0,6.0,333.3333333333333,-2.505007321495003
1507,0.5506701978702712,Antwerp,0.20177136515688932,0.12070757064689303,-0.05168947407272664,7,4.25,51.25,1.064893131280043,1.2108266754058252,0.044647183797323166,3.5364198415571164,-6.093851535407984,6.6306195229584555,2.8588540697042957,0.13066006666666682,0.15687602000000017,0.1306980666666666,0.04330397959183823,-0.330155781,0.229714,-0.321967,AntwerpHerring,0.113025,Herring,51.2211097,4.3997081,3600.0,9.0,3.0,4.0,400.0,-2.180146245801468
1508,-0.7189135540181141,Antwerp,-0.17494212042382246,-0.39420152736549424,-0.28665900167837094,7,4.25,51.25,-0.06724808035572337,0.319480956735225,-0.017326590365277443,-3.849643305130622,1.7251768652840809,5.666115612824379,4.270606144450575,0.32778673333333347,0.3175640200000003,0.26630806666666657,0.293691734693879,-2.481220902,0.476179,0.968338,AntwerpHerring,0.1122,Herring,51.2211097,4.3997081,5733.333333333334,6.0,1.0,3.0,955.5555555555557,-2.1874722858935414
1509,-0.4860998215949313,Antwerp,-0.014123512912100178,-0.32535945423416296,-0.2674854424195612,7,4.25,51.25,0.5419404122784766,0.5181480724100913,0.2974919597362635,-13.445567744715396,-5.116613147893792,2.707227989484224,3.478154420919609,-0.32638493333333324,-0.35337197999999986,-0.31284860000000003,-0.2325939795918354,-0.196707436,0.52842,0.586647,AntwerpHerring,0.07095,Herring,51.2211097,4.3997081,4333.333333333334,6.0,2.0,4.0,722.2222222222223,-2.6457798753760855
1510,-0.030527541792066144,Antwerp,-0.0684637439241831,-0.050444809890155644,-0.14530208116856402,7,4.25,51.25,0.8955861995609276,0.8247971096656982,-0.5291699039814893,-9.670831916526096,2.138003992764956,4.033906232007276,3.152895093444983,-0.38413826666666656,-0.3732659799999998,-0.33341526666666665,-0.36647153061224325,-0.401114591,-0.261194,0.0629704,AntwerpHerring,0.1122,Herring,51.2211097,4.3997081,4333.333333333334,5.0,2.0,2.0,866.6666666666667,-2.1874722858935414
1511,-1.0704830438790494,Antwerp,-0.7669471729709136,-0.5459354177694768,-0.40294047945810385,7,4.25,51.25,0.7832423476725427,0.22411778472159716,-0.6016402589258072,-14.932547153755408,4.36285285515009,4.983657915021553,4.124886067089575,1.1041134000000001,1.1547380200000001,1.0408680666666668,0.9029264285714301,0.979323606,0.80343,0.998086,AntwerpHerring,0.1089,Herring,51.2211097,4.3997081,5375.0,4.0,2.0,6.0,1343.75,-2.2173252490432223
1512,-0.786942913948418,Antwerp,0.033525997972037855,-0.5296088570327996,-0.015366485079211735,7,4.25,51.25,0.2863977069267277,-0.40878816849756805,-0.7579632581616116,-8.650194241027279,-3.781880740562301,6.080401119359919,3.9713450999442452,-0.5314765999999999,-0.6089179799999997,-0.5625352666666666,-0.3376347959183658,0.715458876,0.181379,0.196449,AntwerpHerring,0.108075,Herring,51.2211097,4.3997081,9775.0,8.0,5.0,14.0,1221.875,-2.2249298484284417
1513,-1.2079575337937822,Antwerp,-0.16974761183035036,-0.707702584495999,-0.26368194141020307,7,4.25,51.25,-0.6883038812879921,-0.22612221265583365,-0.041810161124125396,-7.935609173642708,2.72381107528789,5.216505677071998,3.5868688647969433,-0.31243326666666654,-0.27889197999999976,-0.20875193333333328,-0.30665520408163105,-2.809514715,0.185614,0.246433,AntwerpHerring,0.154275,Herring,51.2211097,4.3997081,19775.0,7.0,3.0,4.0,2825.0,-1.8690185547750064
1514,-0.9809597203997601,Antwerp,-0.07572157648858144,-0.728896750358846,-0.344842907724199,7,4.25,51.25,0.7769131165802393,0.11995870331112227,0.07469039908859622,-10.557191905898186,-3.155947548662338,3.389973227613923,2.8710659402300394,0.2613484000000001,0.2826560200000001,0.22621139999999987,0.1649570408163279,-0.4215496,0.484727,0.254751,AntwerpHerring,0.11715,Herring,51.2211097,4.3997081,10775.0,5.0,1.0,1.0,2155.0,-2.1443001140283324
1515,1.2171278625534543,Antwerp,-0.12680392754657038,0.6559344645920296,-0.3309925518356834,7,4.25,51.25,0.912200431178224,0.0753238895548347,-1.046132062076625,3.3791283077016967,3.1685843172354216,7.251386214093012,3.8483757473113105,0.08990506666666681,0.06580402000000021,0.04863139999999992,0.10801826530612389,-0.227701333,0.395779,0.316102,AntwerpHerring,0.124575,Herring,51.2211097,4.3997081,8275.0,6.0,5.0,16.0,1379.1666666666667,-2.0828473348146685
1516,0.1748556458324483,Antwerp,0.21357213032394096,0.02752597259207981,-0.028731212803614428,7,4.25,51.25,-3.8196909642050874,-0.654480670113631,-0.7311693697332542,-0.18635276159534056,-16.12346600426019,5.423680599760406,0.2004881071690765,-0.5438599333333332,-0.5649799799999997,-0.5048219333333334,-0.44657357142857,0.080545355,0.182902,-0.042252,AntwerpHerring,0.094875,Herring,51.2211097,4.3997081,7275.0,8.0,4.0,6.0,909.375,-2.355195043266343
1517,-1.2814890909798893,Antwerp,0.23383735026061092,-0.513135916776842,-0.22380671701997568,7,4.25,51.25,-3.2468955503516317,-1.4740320175935502,0.8194526733303377,-7.174747854285692,-5.32433501215338,3.3645647102311527,3.7971706745249554,-0.4974649333333332,-0.4868859799999998,-0.4547286000000001,-0.4958082653061209,-1.678835456,-0.289481,0.047831,AntwerpHerring,0.0891,Herring,51.2211097,4.3997081,2200.0,5.0,0.0,0.0,440.0,-2.4179959445053734
1518,-0.14259056806486545,Antwerp,-0.05690430319817545,-0.08255646348383258,-0.1770481572339453,7,4.25,51.25,0.607606184861124,-0.8445149280748433,0.9173190534918533,-9.464915271630986,-6.97386346905955,3.8321308009549115,2.0086631058877784,0.23125006666666686,0.24523402000000022,0.18870473333333337,0.13419173469387896,-0.091068481,-0.136131,0.254382,AntwerpHerring,0.11385,Herring,51.2211097,4.3997081,2200.0,4.0,2.0,4.0,550.0,-2.172873486472388
1519,0.1356243358667286,Antwerp,-0.08041533686688726,-0.2602042242779845,-0.32729403774644067,7,4.25,51.25,0.6044415693149724,-0.5188662823182252,0.40105831964051675,-1.6923243739505043,5.411734473497769,5.374308370179719,4.666839116547857,0.19687006666666687,0.17511802000000026,0.1408114,0.20232438775510345,0.277732678,0.443957,0.297566,AntwerpHerring,0.13035,Herring,51.2211097,4.3997081,3400.0,9.0,6.0,17.0,377.77777777777777,-2.0375321386026264
1520,0.9510113572661995,Antwerp,0.20410014601296395,0.12285971108349383,-0.15670662901032795,7,4.25,51.25,-0.1479457767825914,-0.20567585599468818,0.3161458940459108,8.358229816186201,-10.609331295365072,6.562316190648609,2.238079945497836,0.5186450666666667,0.5334340200000002,0.5085314000000001,0.48767132653061374,-1.860499453,0.427161,0.980838,AntwerpHerring,0.094875,Herring,51.2211097,4.3997081,2400.0,8.0,2.0,8.0,300.0,-2.355195043266343
1521,0.9419053816908058,Antwerp,0.03195738910525184,0.2844244690654424,-0.11239960116721402,7,4.25,51.25,0.8655223518724867,0.5889048226754061,-1.3959180572088625,-4.130402802273142,0.5817879236745374,4.7661385852393225,2.681106696748122,-0.23443159999999982,-0.25172997999999985,-0.21420526666666678,-0.14855316326530477,0.596623356,0.288109,0.505441,AntwerpHerring,0.1864,Herring,51.2211097,4.3997081,15633.333333333332,10.0,4.0,13.0,1563.3333333333333,-1.6798603767306461
1522,-0.18904552296583563,Antwerp,-0.28244612579789885,-0.18614394329274955,-0.25960351706900864,7,4.25,51.25,-0.8386231197301973,-0.322694722026859,-0.10781246309037777,-1.6411888421087866,4.1719525967640445,6.304348924718179,3.069127708186722,-0.5741515999999997,-0.5718259799999997,-0.5061919333333335,-0.5254103061224475,0.632770955,-0.366288,0.881716,AntwerpHerring,0.164,Herring,51.2211097,4.3997081,70733.33333333333,13.0,5.0,11.0,5441.025641025641,-1.8078888511579385
1523,0.2234181675185362,Antwerp,-0.0676372077136074,-0.01447905693476071,-0.26358910480550624,7,4.25,51.25,-0.9968538970377817,-0.13469300170053314,-0.15319076377373808,-6.488214875189929,-0.7671341090578268,5.189136533054837,4.144797235745215,-0.14822326666666646,-0.13570397999999978,-0.14785193333333344,-0.20465520408163126,-0.514698591,-0.0623587,0.583854,AntwerpHerring,0.1728,Herring,51.2211097,4.3997081,15733.333333333332,11.0,1.0,2.0,1430.3030303030303,-1.7556204226121817
1524,0.628642124771588,Antwerp,-0.3123220915991462,0.13914683544857756,-0.40202893416867347,7,4.25,51.25,-0.3932034816093472,0.4750754740501036,-1.1367759719145272,-5.487563629066471,-9.640341877194178,5.5187612056049105,0.888697183254536,0.012816733333333427,-0.0010799799999999067,-0.0328752666666668,-0.007542959183672127,2.45276074,-0.15987,0.531597,AntwerpHerring,0.1728,Herring,51.2211097,4.3997081,84533.33333333333,6.0,1.0,2.0,14088.888888888889,-1.7556204226121817
1525,-0.32700266176265624,Antwerp,0.2005768091737215,-0.11769994948236594,-0.21987517665155032,7,4.25,51.25,-1.3631581465048397,-0.012962798021566977,0.38233469142782517,0.3957392554405809,-2.9353183775978144,4.756867398936177,3.949323399644893,0.2632684000000001,0.2633680200000002,0.23672473333333338,0.24240602040816472,-1.242001811,0.118286,0.966186,AntwerpHerring,0.09425,Herring,51.2211097,4.3997081,84533.33333333333,5.0,2.0,4.0,16906.666666666664,-2.3618044526540167
1526,-0.1311598337074146,Antwerp,0.0004343839938791977,-0.07544403195529943,-0.1790423714759077,7,4.25,51.25,2.412228200054124,0.6194041864494285,-1.1251334278375615,-12.44231411187934,-0.9394219895532865,4.354936616818438,2.7864606779498673,1.3827784,1.4262300200000002,1.3213247333333333,1.2341815306122461,0.482735407,0.840192,1.56755,AntwerpHerring,0.1414,Herring,51.2211097,4.3997081,21650.0,9.0,7.0,19.0,2405.5555555555557,-1.9561625255196646
1527,0.513787779130713,Antwerp,-0.6799678113076296,0.018730584361935497,-0.34671180152856995,7,4.25,51.25,1.1724900598492003,0.43122404258220765,-1.1196791146835559,-6.918344410053152,4.660063220589169,4.436787394289392,4.569164703405352,0.6900117333333335,0.6714260200000003,0.6560380666666666,0.7534162244897974,-2.192696836,0.0183651,-0.0171766,AntwerpHerring,0.1384,Herring,51.2211097,4.3997081,16296.666666666668,11.0,5.0,25.0,1481.5151515151517,-1.977607235798568
1528,0.3373876568755831,Antwerp,-0.09514216088159742,-0.11128101464690737,-0.2568014900043477,7,4.25,51.25,2.1345331858793135,0.5198180460813486,-1.2479873899703366,-0.6034803051561752,-1.2302941638585332,5.122381594653006,4.745008921006145,-0.07185493333333322,-0.06370997999999985,0.023418066666666598,0.024650918367348437,2.739610504,-0.482475,0.199686,AntwerpHerring,0.104,Herring,51.2211097,4.3997081,16296.666666666668,9.0,0.0,0.0,1810.7407407407409,-2.2633643798407643
1529,0.5283235546295968,Antwerp,-0.6106051338405577,0.06471071770828564,-0.1252310715478251,7,4.25,51.25,0.7041269590187506,0.5916916329851186,0.0019472858618366266,-16.69051903167896,6.194452610005911,3.293610980391705,2.7760696159573355,-0.06406493333333317,-0.03485197999999979,-0.00010526666666670791,-0.08263479591836595,1.091738668,-0.117546,-0.219368,AntwerpHerring,0.104,Herring,51.2211097,4.3997081,12630.0,8.0,3.0,7.0,1578.75,-2.2633643798407643
1530,1.3119040146994683,Antwerp,-0.2962740162697201,0.6738025261689067,-0.24033919458377417,7,4.25,51.25,-1.7555704742276488,-0.04479796887136633,-0.3408945588794987,6.306221794868608,-8.460650712843865,8.075487112424456,2.1871238029062816,0.5065234000000002,0.5253320200000001,0.4783080666666667,0.41500806122449135,2.337307871,-0.471792,-0.991856,AntwerpHerring,0.1384,Herring,51.2211097,4.3997081,13230.0,6.0,1.0,2.0,2205.0,-1.977607235798568
1531,0.6108243368745058,Antwerp,-0.24782813473013687,0.517067476941395,-0.2770180686249592,7,4.25,51.25,-0.5095031029304218,-0.6105544859889357,0.13100719121515797,3.3532883723968556,1.8949322655868017,6.980857764049006,3.454998099443572,0.09781840000000011,0.07342802000000022,0.07391140000000003,0.14521214285714434,-0.662463483,-0.158193,-0.0933321,AntwerpHerring,0.0904,Herring,51.2211097,4.3997081,10680.0,8.0,4.0,11.0,1335.0,-2.403511011584006
1532,0.23306310101226138,Antwerp,-0.200184656957025,0.4780240038379072,-0.15617345257625256,7,4.25,51.25,-1.6906958555315392,-0.8028301134725212,0.5990904252429601,8.706681194638074,-2.0336226065948155,8.610199828437537,3.0892619609946554,-0.5450465999999998,-0.5564499799999998,-0.48520526666666663,-0.4510633673469372,-2.958004838,-1.1764,-0.518038,AntwerpHerring,0.104,Herring,51.2211097,4.3997081,10100.0,9.0,4.0,8.0,1122.2222222222222,-2.2633643798407643
1533,0.15917760131262315,Antwerp,-0.23891722974458718,0.3481402906071459,-0.08592317134738575,7,4.25,51.25,0.3125057851824792,-0.12152278239126234,-0.563358912295284,2.5880276027234133,2.4306473652616822,7.814629060088336,4.097962205529215,-0.4486832666666665,-0.4354439799999999,-0.40739860000000006,-0.45912459183673326,-0.18004547,-0.108316,-0.393698,AntwerpHerring,0.1264,Herring,51.2211097,4.3997081,10100.0,8.0,2.0,5.0,1262.5,-2.06830379726938
1534,-0.921054949984604,Antwerp,0.2816376889204014,-0.49528667477002764,0.06731789349059923,7,4.25,51.25,-2.0641204899774386,0.03231476492759545,-0.5521882420787414,-12.449160601086456,-9.674571138599415,3.4659152498477663,2.8615444633678377,0.1981167333333335,0.20696202000000027,0.1544647333333334,0.11148765306122597,0.277854428,-0.560081,-0.0299837,AntwerpHerring,0.0944,Herring,51.2211097,4.3997081,5166.666666666667,10.0,6.0,14.0,516.6666666666667,-2.360214205830682
1535,-0.2225574436788126,Antwerp,-0.2681355864439896,-0.28598173844613406,-0.2162903218892582,7,4.25,51.25,-0.4248496370708641,0.2574831991653731,0.4445413723055276,-15.825864239983815,-1.0787547714787993,3.262309809187387,3.799124984162491,-0.1289015999999998,-0.16037197999999978,-0.1666252666666667,-0.08234908163265149,1.443935708,0.046025,0.702188,AntwerpHerring,0.1264,Herring,51.2211097,4.3997081,3066.6666666666665,10.0,3.0,4.0,306.66666666666663,-2.06830379726938
1536,-0.7603570046934038,Antwerp,0.3192662023901873,-0.7190395128700005,-0.30432298297801696,7,4.25,51.25,-1.1115712105857805,-0.15214909010074748,0.41790122366897137,-9.287483203360873,-10.718728940378524,1.652679805060556,3.510383610532651,-0.5004949333333332,-0.5106979799999998,-0.46241526666666666,-0.4346756122448966,0.435934728,0.750011,0.95194,AntwerpHerring,0.1264,Herring,51.2211097,4.3997081,40066.666666666664,9.0,2.0,4.0,4451.851851851851,-2.06830379726938
1537,1.238903371283658,Antwerp,-0.23789763398117625,0.3355723884362916,-0.18505397421880634,7,4.25,51.25,0.679601188536075,-0.005990746198381827,0.36683630460967476,28.681065521277194,7.557667263745071,9.946591496754479,4.086188846520281,0.4428267333333336,0.4804360200000003,0.4272047333333334,0.3227427551020422,-1.518119819,0.0300539,-0.110392,AntwerpHerring,0.1496,Herring,51.2211097,4.3997081,54900.0,6.0,2.0,5.0,9150.0,-1.8997902134417601
1538,0.8594045994458966,Antwerp,0.5958059124935342,0.09794274854733731,-0.0373861100363471,7,4.25,51.25,-1.6099981591046713,-0.3257622551230549,-0.27082700221356815,-0.5010427086076549,-8.677438520642166,2.87250761382182,3.8957543693487913,-0.7880615999999999,-0.8487679799999999,-0.8020019333333335,-0.64107357142857,-3.601601883,-0.522021,-0.0927806,AntwerpHerring,0.1088,Herring,51.2211097,4.3997081,23000.0,4.0,1.0,1.0,5750.0,-2.218243944560295
1539,0.21273553892832175,Antwerp,0.02935711825300273,0.1705782721474617,-0.16727914986023423,7,4.25,51.25,0.5846627221515244,0.19254615746822318,-0.33772690265410266,-16.68192519017103,4.4930551465168875,2.2521722338937904,4.727582115479373,0.6957150666666668,0.7567520200000002,0.7084680666666666,0.5330794897959198,-4.449375523,-0.30747,0.228095,AntwerpHerring,0.1264,Herring,51.2211097,4.3997081,1500.0,2.0,1.0,2.0,750.0,-2.06830379726938
1540,1.184806475749628,Antwerp,0.3378421512395493,0.27463790029537305,0.10837105809425505,7,4.25,51.25,-2.160641264135065,-0.6090592577612677,0.8835919619159518,-12.65145950590498,-20.609027404869984,5.640052191399015,-0.04351642435854638,0.3823684000000001,0.3564360200000002,0.2997313999999999,0.3934366326530627,-4.112306683,0.49769,0.889875,AntwerpHerring,0.1288,Herring,51.2211097,4.3997081,1500.0,5.0,4.0,42.0,300.0,-2.049494465311884
1541,-0.6190374120180367,Antwerp,-0.2880991508293546,-0.34375899251953074,-0.15037590772402099,7,4.25,51.25,0.7428934994591087,0.18686442341745138,-0.595873356921416,-11.411256947269527,-1.938359127809815,4.271635696707205,3.0929683577710922,0.002093400000000152,-0.0028119799999997996,0.03985139999999997,0.06407948979591983,-1.954337861,-0.0173278,0.367143,AntwerpHerring,0.1152,Herring,51.2211097,4.3997081,5000.0,4.0,1.0,4.0,1250.0,-2.1610855307203463
1542,0.555987379721274,Antwerp,-0.7027971034303921,0.2182662061709425,-0.5192002536679402,7,4.25,51.25,-0.03401961712113064,0.3176349101106851,-0.3641122113712516,0.058119969914688006,11.937217291163359,8.3240305103983,3.115382786905957,-0.7084649333333332,-0.7167119799999998,-0.6421286000000002,-0.6196449999999986,-4.607169341,-0.792067,0.588939,AntwerpHerring,0.1264,Herring,51.2211097,4.3997081,31966.666666666668,7.0,4.0,7.0,4566.666666666667,-2.06830379726938
1543,-0.9580178102045102,Antwerp,-0.5158490920646306,-0.47887948404723657,-0.3521638129453799,7,4.25,51.25,-0.9011242767666932,-0.44687327281564765,-0.7153823797920688,-8.389465913432828,1.7181577846468252,6.340627199569835,3.529971215003582,1.1748717333333336,1.2474280200000003,1.1373847333333333,0.9294774489795936,-1.259613945,-0.107773,0.0106835,AntwerpHerring,0.1496,Herring,51.2211097,4.3997081,30666.666666666668,5.0,0.0,0.0,6133.333333333334,-1.8997902134417601
1544,-0.7589331904912443,Antwerp,-0.6351960943829413,-0.4201286628286049,-0.5725056611562431,7,4.25,51.25,0.5047561796111942,-0.28878488052407614,-1.1058283513797222,-6.915389073089179,1.4239105235628124,5.367433875248179,4.331955366207979,-0.009103266666666485,-0.07641997999999976,-0.08675526666666662,0.1149978571428587,0.866658107,-0.585677,0.111008,AntwerpHerring,0.1328,Herring,51.2211097,4.3997081,34791.66666666667,6.0,2.0,7.0,5798.611111111112,-2.0189110419398038
1545,0.2782792571158725,Antwerp,0.17062241292913485,0.16069631452440228,-0.029108281160481263,7,4.25,51.25,-0.44462848423431217,0.11857170001388963,-1.2651568210710327,0.6048672505101678,-5.415707960086524,6.719244060247903,3.7673733390282944,0.6384850666666669,0.6848040200000002,0.6935147333333332,0.5835590816326546,-1.031382445,0.244261,2.15176,AntwerpHerring,0.1264,Herring,51.2211097,4.3997081,4125.0,5.0,1.0,1.0,825.0,-2.06830379726938
1546,-0.6922713357268563,Antwerp,0.03824992390547419,-0.7097430691039994,-0.3091297347903413,7,4.25,51.25,-2.2666558849311467,-0.26100696408765306,0.3431323933564222,-15.514186797933936,-3.7760803635879103,3.209201671323659,2.2036731442128175,-0.7422682666666666,-0.7790639799999997,-0.7101052666666666,-0.5939103061224477,-1.808056936,0.153583,1.02079,AntwerpHerring,0.1256,Herring,51.2211097,4.3997081,8125.0,4.0,1.0,2.0,2031.25,-2.074653024948039
1547,0.26216682860216795,Antwerp,-0.1986462136453695,0.2362693709822579,-0.13835340353325923,7,4.25,51.25,-0.931979278341672,-0.06825724006549233,0.23643463678479,-3.328328327155299,-2.8040350984122715,5.895655133889945,3.016128909426767,0.05320173333333347,0.09601402000000013,0.10709473333333326,-0.035757244897957736,-1.195537448,-0.54261,0.299431,AntwerpHerring,0.0976,Herring,51.2211097,4.3997081,7887.5,5.0,2.0,5.0,1577.5,-2.32687778556309
1548,-0.681017572626171,Antwerp,-0.20248327225796908,-0.2687783657764956,-0.20162164940222677,7,4.25,51.25,-0.6534931102803235,-0.5273592419762294,-0.6067161616398392,-20.919454607649154,1.1644144925656432,1.94307573298907,3.844375322878635,-0.21017493333333317,-0.2370919799999998,-0.2561186000000001,-0.19318581632652918,-2.405657378,-0.342524,0.280105,AntwerpHerring,0.1728,Herring,51.2211097,4.3997081,3412.5,4.0,2.0,4.0,853.125,-1.7556204226121817
1549,-0.35336333487269594,Antwerp,0.1139111692837946,-0.1412493276161485,-0.19995595780257794,7,4.25,51.25,0.3694688650132096,-0.3962103041078284,-1.3259682957506922,-10.150921310914837,0.7920744251260001,3.58727986777019,3.33423483708597,-0.31914993333333325,-0.3309599799999999,-0.3055019333333334,-0.2857980612244884,-1.907184781,-0.160731,0.112739,AntwerpHerring,0.1384,Herring,51.2211097,4.3997081,3687.5,6.0,3.0,5.0,614.5833333333334,-1.977607235798568
1550,-0.15060253950752625,Antwerp,-0.09659010752786142,-0.069100442752346,-0.24297203688453692,7,4.25,51.25,-0.2982650152247966,0.3019128901573048,-0.20877060232102182,-5.913403078479891,0.5349149030442344,4.583107228077431,3.981486502545427,0.5679817333333336,0.5987140200000003,0.5365614000000001,0.45856928571428723,-2.141803587,0.542368,0.500753,AntwerpHerring,0.1264,Herring,51.2211097,4.3997081,5020.833333333333,7.0,2.0,5.0,717.2619047619047,-2.06830379726938
1551,-0.3712535201020913,Antwerp,-0.0013514168698464113,-0.038628360058943795,-0.051980623251128504,7,4.25,51.25,-0.11076154411530909,-0.17298732371764755,-0.5925193848590532,-10.299719668650921,-2.360450034280601,2.764043355391993,2.8918803247033598,-0.2039882666666665,-0.2414559799999998,-0.23012859999999993,-0.1162878571428558,0.066745428,0.0304779,-0.324878,AntwerpHerring,0.1784,Herring,51.2211097,4.3997081,22333.333333333332,7.0,4.0,20.0,3190.4761904761904,-1.7237270588362281
1552,0.9034463099364268,Antwerp,0.389093429406269,0.36827902976662147,-0.004122461224882756,7,4.25,51.25,-0.6408346480957168,-0.0606638083543835,-0.371977143608556,6.762126640342756,-5.047653861379404,6.068826486226993,4.479078875966226,-0.5477315999999998,-0.5487719799999997,-0.48045526666666677,-0.4849817346938762,-1.437987598,-0.710401,-1.36634,AntwerpHerring,0.2016,Herring,51.2211097,4.3997081,22633.333333333332,7.0,2.0,3.0,3233.333333333333,-1.6014697427849236
1553,-0.045859687946395035,Antwerp,-0.09523265754698894,-0.03473576763804657,-0.22687167854667056,7,4.25,51.25,-0.30063847688441037,0.18804564304174443,0.5845536527020669,-2.658274645007505,0.7340100697315549,5.8767871213512795,3.6711322798329196,0.14168506666666686,0.16902002000000024,0.13516806666666673,0.049855000000001454,-2.197206251,-0.202003,-0.674087,AntwerpHerring,0.216,Herring,51.2211097,4.3997081,21000.0,6.0,2.0,4.0,3500.0,-1.5324768712979722
1554,-0.8737794919840841,Antwerp,0.05192698660164294,-0.5045588233111231,-0.029060716907434885,7,4.25,51.25,-0.8773896601705554,0.09946517776795334,0.8237930555606623,-10.431322886675682,-14.245182908464617,6.750975791202047,1.4730954053025622,0.06345840000000015,0.04233802000000022,0.012811399999999983,0.06530397959183822,-2.756035313,-0.144866,-0.991299,AntwerpHerring,0.216,Herring,51.2211097,4.3997081,24120.0,8.0,4.0,14.0,3015.0,-1.5324768712979722
1555,0.21756202774920178,Antwerp,-0.559908901888239,0.4747224063305296,-0.18597342559768473,7,4.25,51.25,-0.6210558009322688,0.3723666456257394,0.6897365783759702,6.923668490605572,20.296556912189267,6.844603720514301,5.326477026248687,0.7995400666666667,0.8239180200000001,0.7698313999999998,0.7164570408163281,0.01422284,0.0367793,-0.592899,AntwerpHerring,0.24,Herring,51.2211097,4.3997081,23120.0,8.0,1.0,1.0,2890.0,-1.4271163556401458
1556,-0.08593563345576882,Antwerp,0.2494751740402622,0.08485724092534984,-0.07889649264273457,7,4.25,51.25,-3.142463237328626,-0.49488120431027266,0.10973525885704723,-6.421892540278513,-8.400490093940595,5.689908155327819,3.1026753370842197,0.46527340000000017,0.4581200200000002,0.43950139999999993,0.49273255102040964,2.026692122,0.274097,-0.279891,AntwerpHerring,0.162,Herring,51.2211097,4.3997081,7170.0,7.0,2.0,6.0,1024.2857142857142,-1.820158943749753
1557,-0.44270968709522,Antwerp,0.03283822331506245,-0.5744763872596718,-0.21781493058964246,7,4.25,51.25,0.3757980961055129,-0.22945373993899046,-0.5592414397597509,-9.610057363030649,-6.478831167681505,4.285156808985204,3.3661385324142783,-0.2617515999999998,-0.2673139799999999,-0.19862860000000016,-0.1704307142857129,-3.38786428,-0.0874869,-0.202042,AntwerpHerring,0.2475,Herring,51.2211097,4.3997081,17036.666666666664,9.0,3.0,6.0,1892.9629629629626,-1.3963446969733921
1558,0.38274056349578567,Antwerp,0.33054208689796827,0.0967760033774913,0.2569087445615839,7,4.25,51.25,-0.7333996528206537,0.08332522170588476,0.23357103574100585,-3.630061023037934,-8.161152307009814,5.347794292292605,2.6359100206295025,-0.30814159999999985,-0.29175597999999986,-0.2510686000000001,-0.3065225510204066,-2.863641771,-0.226926,-0.0699885,AntwerpHerring,0.279,Herring,51.2211097,4.3997081,15536.666666666666,8.0,2.0,8.0,1942.0833333333333,-1.2765434971607714
1559,0.6459772637865822,Antwerp,0.042219710960647985,0.19602495487354912,-0.07252970006418022,7,4.25,51.25,-0.6875127274014542,-0.039729692047912664,-1.7348956330046568,-4.1303307208837765,-11.434781889332301,7.4359458202562845,1.0007343913909916,-0.3306982666666664,-0.3377779799999998,-0.3315119333333334,-0.33504295918367216,0.671999685,-0.730687,-0.0742834,AntwerpHerring,0.1944,Herring,51.2211097,4.3997081,16754.126984126986,12.0,5.0,20.0,1396.1772486772488,-1.6378373869557985
1560,-0.022145539539804544,Antwerp,-0.0071733690100329334,-0.13158161346852887,-0.17400988760578273,7,4.25,51.25,0.6661515724649303,0.017957469505624626,-2.176977742035733,-15.342267713167681,8.195674942776723,4.192809413661595,3.843905030135202,-0.36287826666666645,-0.3780399799999997,-0.3697552666666667,-0.3485123469387742,0.640080799,-0.384954,-0.224802,AntwerpHerring,0.1944,Herring,51.2211097,4.3997081,8817.460317460316,9.0,2.0,3.0,979.7178130511462,-1.6378373869557985
1561,-0.6152325299975764,Antwerp,0.1934155063857408,-0.3386144785455068,0.025095782894946034,7,4.25,51.25,1.0973304406280977,-0.37392278128672085,-0.7054880606126249,-6.553157721442804,-10.93295700444134,7.909112049394028,0.5008208092125698,-0.7886782666666664,-0.8146039799999999,-0.7741952666666666,-0.7195225510204066,-1.096945832,0.138198,0.974452,AntwerpHerring,0.14985,Herring,51.2211097,4.3997081,10072.005772005772,9.0,2.0,21.0,1119.1117524450858,-1.8981204852194649
1562,0.7846744642026042,Antwerp,-0.2263442263661947,0.4980133875047845,-0.18551979137000485,7,4.25,51.25,3.1717359311305295,0.9575565268316464,-0.444461567320578,-1.5140770403110209,-1.2930604317786587,7.875799581272507,1.9040589186544454,-0.2897599333333332,-0.2801879799999999,-0.29070526666666674,-0.3368694897959169,2.105954239,-0.419434,-0.349194,AntwerpHerring,0.168075,Herring,51.2211097,4.3997081,17072.005772005774,10.0,4.0,12.0,1707.2005772005773,-1.7833449706270366
1563,0.02135721303239409,Antwerp,0.14685195548630076,0.13261011351750862,-0.2118773480435478,7,4.25,51.25,0.20965577993254933,0.5090167919210307,-0.2795378387923564,-16.918629287803096,-1.9185718543421422,3.023463217444007,2.4070257106167494,-0.2858665999999999,-0.30733597999999984,-0.3290619333333334,-0.28287969387754974,-3.030663254,-0.757609,-0.478447,AntwerpHerring,0.2187,Herring,51.2211097,4.3997081,15072.005772005772,9.0,1.0,8.0,1674.6673080006412,-1.520054351299415
1564,-0.8788392610979735,Antwerp,-0.10340752298735445,-0.2289037227045715,0.060976989164513634,7,4.25,51.25,-0.8765985062840176,-0.20290036331589928,-0.5484708039832885,-15.7007843876966,1.921329433528826,5.158298380287957,2.7667928092533884,0.8870650666666665,0.9171220200000001,0.8273647333333333,0.7505182653061239,0.996648698,-0.465162,-0.324776,AntwerpHerring,0.19305,Herring,51.2211097,4.3997081,8072.005772005772,9.0,2.0,8.0,896.8895302228635,-1.6448060562718918
1565,-0.8654296663239619,Antwerp,-0.017815776860073382,-0.26514556865783534,-0.13848757550859367,7,4.25,51.25,-0.4960534868592771,0.13387190723365228,-0.031086217896577895,-4.46567074316664,-0.3712092129700656,6.380783340590281,4.505151245715778,1.2199134000000003,1.2247320200000005,1.1309813999999998,1.1614876530612261,-0.871489753,-0.464675,-0.560512,AntwerpHerring,0.1458,Herring,51.2211097,4.3997081,8072.005772005772,12.0,3.0,5.0,672.6671476671477,-1.9255194594075793
1566,0.7913108863313143,Antwerp,-0.14650203504678697,0.5499171718603465,-0.0015633736577814051,7,4.25,51.25,-2.02930971896977,0.2870472438586016,0.7812544313530713,8.122613153307485,1.8052843775420317,7.198708420885265,3.6004795047564997,-0.34006159999999996,-0.3763719799999999,-0.28113526666666677,-0.14585928571428422,3.310799938,-0.42807,0.157446,AntwerpHerring,0.2106,Herring,51.2211097,4.3997081,32248.737373737375,12.0,3.0,48.0,2687.394781144781,-1.557794679282262
1567,1.0559231359360615,Antwerp,0.0887048314167487,0.5788230220852844,-0.15902096565698362,7,4.25,51.25,-1.580725465302768,-0.41648537126478635,0.8499063742255915,-7.149944399648619,-16.220158139289367,5.485617775461399,1.7990190247861777,-1.1125449333333333,-1.10012198,-0.9599186000000001,-1.007022551020407,1.870760001,-0.137184,-0.418342,AntwerpHerring,0.216,Herring,51.2211097,4.3997081,12248.737373737373,12.0,2.0,3.0,1020.7281144781144,-1.5324768712979722
1568,-0.7132665620976844,Antwerp,-0.22120401577195747,-0.15320789820194802,-0.1730342129087937,7,4.25,51.25,0.36076617226129243,-0.37902314936514214,0.7892867898578314,-6.473888077662313,-6.383722648348857,6.4492230165072355,3.2317906531974496,0.05974673333333351,0.10283402000000023,0.055811399999999955,-0.10293071428571289,-1.742855021,0.113872,0.490706,AntwerpHerring,0.213975,Herring,51.2211097,4.3997081,12834.848484848484,12.0,3.0,9.0,1069.570707070707,-1.5418960932144636
1569,-0.5580547257662177,Antwerp,0.01937231950480718,-0.3233310992870652,-0.05869006299191398,7,4.25,51.25,-0.5474784894842419,-0.26351495530420754,0.30256956933163065,11.90753482748363,4.671177425159735,8.965695720169656,1.5881822289496683,-0.07370493333333317,-0.11872197999999984,-0.16525193333333335,-0.06414499999999852,0.064385045,-0.415703,-0.574185,AntwerpHerring,0.16605,Herring,51.2211097,4.3997081,10368.181818181818,14.0,6.0,35.0,740.5844155844155,-1.7954663311593815
1570,0.33668781599655556,Antwerp,-0.08270188594577915,0.23728377753423283,-0.1606654462737947,7,4.25,51.25,-0.24842232037290748,0.1749388526233285,-0.05272940565954257,14.843805021186272,2.3025087143611067,9.082667612037689,2.4818742439199695,0.3870700666666669,0.3943460200000002,0.3684614,0.35721214285714425,0.144179403,-0.442139,-0.891617,AntwerpHerring,0.162,Herring,51.2211097,4.3997081,19268.181818181816,15.0,4.0,13.0,1284.5454545454545,-1.820158943749753
1571,-0.6205899325887533,Antwerp,0.3509762339433691,-0.49074838765502976,-0.060147697648615626,7,4.25,51.25,-2.3900758912310622,-0.914557758453878,0.836234673060168,0.9178247586125673,-1.8025503335503679,4.2108069019596295,2.5060109408977738,-0.7429882666666666,-0.7788159799999999,-0.7160386,-0.6011552040816311,-3.2098213,-0.130879,0.654663,AntwerpHerring,0.15795,Herring,51.2211097,4.3997081,18468.181818181816,11.0,1.0,2.0,1678.9256198347105,-1.845476751734043
1572,-0.7915200341802192,Antwerp,0.1378565869463856,-0.3337362719862434,0.006586803689478522,7,4.25,51.25,-1.4612612284355417,-0.9459691452632385,0.21357287645463335,-2.2434412780806032,-1.2191394135064495,6.712942877049082,2.7772067064986126,-0.12494826666666649,-0.08971197999999976,-0.07709860000000002,-0.19070622448979435,-1.362456854,0.411505,1.45267,AntwerpHerring,0.1863,Herring,51.2211097,4.3997081,30638.636363636364,16.0,7.0,30.0,1914.9147727272727,-1.6803970013745944
1573,-1.4130189554969048,Antwerp,-0.276002763222024,-1.0897827517318075,-0.26108729686550397,7,4.25,51.25,0.45966040807853265,-0.0324227971772889,0.2061421547733983,-17.982907273432225,5.801961988217064,2.295562479493041,4.424788417397422,-0.32921659999999986,-0.3540379799999998,-0.36769193333333333,-0.31564499999999857,-1.303428321,-0.561738,0.423973,AntwerpHerring,0.1998,Herring,51.2211097,4.3997081,30638.636363636364,12.0,0.0,0.0,2553.219696969697,-1.6104384127676838
1574,0.3387551620414991,Antwerp,-0.2309776556342395,0.2843892821323772,-0.1321254845506715,7,4.25,51.25,-0.8283381192052043,0.4092318856223003,-0.3303835485874675,6.386229651498804,1.7006639110739759,7.965093575933979,4.503143503545789,0.12730340000000023,0.13169402000000033,0.1103447333333334,0.08677336734694051,0.375256409,-0.0650749,0.6229,AntwerpHerring,0.208,Herring,51.2211097,4.3997081,20605.303030303032,10.0,2.0,4.0,2060.530303030303,-1.5702171992808192
1575,-0.2202165966006858,Antwerp,0.34791744665313634,-0.22760775052155705,-0.018287517786641436,7,4.25,51.25,-0.9414731249801271,-0.3731678894247315,-0.11098370510379263,-19.448835188429886,1.242341154425743,1.234794493196694,2.5386049949389533,-0.02610159999999988,-0.038911979999999805,-0.05002860000000004,-0.0057674489795904995,-0.844364747,-0.329609,0.444777,AntwerpHerring,0.2054,Herring,51.2211097,4.3997081,5205.303030303031,10.0,3.0,4.0,520.5303030303031,-1.5827959814876793
1576,0.7345594219458,Antwerp,0.02171919969396008,0.3196913177243366,-0.19890177627072758,7,4.25,51.25,-0.7294438833879641,0.39402029286589607,0.12308615909980833,4.060508710240424,4.687637148282145,6.25808454464326,4.346360479206773,-0.0619782666666665,-0.06043197999999981,-0.05008193333333343,-0.05100214285714127,-1.111388441,-0.275874,0.455884,AntwerpHerring,0.24375,Herring,51.2211097,4.3997081,7205.303030303031,8.0,1.0,8.0,900.6628787878789,-1.4116121691041805
1577,0.7182137131390864,Antwerp,0.1331628265680798,0.43572286114683906,-0.21684687599714564,7,4.25,51.25,-0.37658924999205085,0.7282174228570987,-0.07598332999595053,-4.986289762899816,5.713796817458494,3.950046095604484,6.04203466141553,0.0015450666666668115,0.005294020000000138,0.0019913999999999397,-0.00826744897959033,-1.3427136,-0.523993,-0.344948,AntwerpHerring,0.1683,Herring,51.2211097,4.3997081,11513.636363636364,8.0,3.0,8.0,1439.2045454545455,-1.7820071777853768
1578,0.0720755663918083,Antwerp,0.020500511266687893,-0.0037873184645118552,-0.18873033243224918,7,4.25,51.25,0.17800962447103244,0.3069479550481276,0.7906332605702319,-3.17005748063057,-4.361006390938894,5.80801248798741,1.655027964682588,-0.44617159999999983,-0.46530797999999973,-0.43291860000000004,-0.3884307142857127,-4.36969698,-0.249275,-0.215705,AntwerpHerring,0.1991,Herring,51.2211097,4.3997081,10713.636363636364,7.0,1.0,10.0,1530.5194805194806,-1.6139480679119864
1579,0.64082900904431,Antwerp,-0.637530908350042,0.3609004960362698,-0.34555541817666946,7,4.25,51.25,-0.3425696328709202,0.44850060519973634,-0.25876173610344594,8.536765475383143,8.095992905893201,8.123274594335237,4.331655573678404,-0.7490182666666666,-0.7609479799999996,-0.7097719333333335,-0.6978184693877536,0.418401172,-0.33618,0.380213,AntwerpHerring,0.192,Herring,51.2211097,4.3997081,12046.969696969698,9.0,2.0,5.0,1338.5521885521887,-1.6502599069543555
1580,0.29509152650860454,Antwerp,0.00765601789212093,0.26432173994000113,-0.2744462574295007,7,4.25,51.25,-1.0981215945146356,-0.030320355789878264,-0.05519797209201405,-2.3246272925921487,4.406674922232036,5.705759554355442,4.8700566257322055,-0.6264899333333331,-0.6322999799999998,-0.6194686,-0.6317878571428555,-1.38954313,-0.66621,-0.0912118,AntwerpHerring,0.1825,Herring,51.2211097,4.3997081,12846.969696969698,10.0,1.0,1.0,1284.6969696969697,-1.701005105959591
1581,-0.02130894814418527,Antwerp,-0.4583716433189757,0.09834891377876968,-0.08919037551876123,7,4.25,51.25,-1.5111039232874308,0.11158581933021715,0.1326663055273988,-4.8382271324482895,11.585455605974452,5.833695311533356,6.1356427920463945,0.36763840000000014,0.3815320200000002,0.3031080666666666,0.24938561224489944,-0.789170335,-0.27579,0.191452,AntwerpHerring,0.189,Herring,51.2211097,4.3997081,11046.969696969698,7.0,0.0,0.0,1578.1385281385283,-1.6660082639224947
1582,0.5395934060263516,Antwerp,0.019052564620423887,0.13302549669219038,-0.18150589978109896,7,4.25,51.25,-1.5435412326354858,0.06152583428750398,-0.5318777161167096,-0.18147608277001318,4.657413297443068,3.6163117111244145,4.964928207068603,0.45975840000000007,0.44119402000000013,0.3822913999999999,0.4490386734693892,-2.872138107,-0.207758,0.360622,AntwerpHerring,0.1737,Herring,51.2211097,4.3997081,9713.636363636364,7.0,1.0,2.0,1387.6623376623377,-1.7504256057350778
1583,0.16104384365669674,Antwerp,0.33904274033374315,0.012579771998381867,0.1832470743947126,7,4.25,51.25,-0.6178911853861171,-0.09072101165407999,0.48330913592886987,-3.738205477172057,-11.053398015418566,5.366864642557022,2.382141341391038,0.4702050666666668,0.4776760200000002,0.4682414,0.4768652040816342,-1.546176178,-0.513092,0.593172,AntwerpHerring,0.162,Herring,51.2211097,4.3997081,5638.636363636364,9.0,3.0,16.0,626.5151515151515,-1.820158943749753
1584,1.0202714718458277,Antwerp,-0.037073467255384664,0.6877821652950817,0.12625333793049381,7,4.25,51.25,1.093374671195408,0.11588117182249014,0.14800689078821933,-8.169712127344752,-2.255935592700997,4.4261776923154255,2.1867805252724066,-1.0032466,-1.0388539799999998,-0.9280952666666669,-0.8215123469387743,1.223882551,-0.627821,0.33571,AntwerpHerring,0.3995,Herring,51.2211097,4.3997081,3238.6363636363635,4.0,0.0,0.0,809.6590909090909,-0.9175415137758076
1585,0.28753807150392724,Antwerp,-0.22943317921155792,0.23851606303189354,-0.25664087055858503,7,4.25,51.25,0.8180531186802114,0.15150307471171703,-0.26642831219168683,-7.067224791439202,14.466113609651464,4.511046400974165,5.112188084453997,-0.07337993333333323,-0.022981979999999836,-0.015848600000000122,-0.18234908163265165,-1.448595219,-1.42631,-0.73158,AntwerpHerring,0.2565,Herring,51.2211097,4.3997081,3238.6363636363635,5.0,1.0,5.0,647.7272727272727,-1.3606266143713128
1586,-0.9492416446985436,Antwerp,-0.3444846064792854,-0.6945422303792238,-0.27827235558431945,7,4.25,51.25,-1.997663563508253,0.010047684801727269,-0.5119935436926359,-7.840881800191109,-1.9815333944744058,4.3655554506533685,2.3125409266507875,0.6341550666666668,0.6347260200000002,0.5322213999999998,0.5217733673469401,-0.78466431,-0.565654,-0.343006,AntwerpHerring,0.342,Herring,51.2211097,4.3997081,3238.6363636363635,5.0,0.0,0.0,647.7272727272727,-1.0729445419195318
1587,-0.7299983900100685,Antwerp,-0.6192324826078807,-0.45418032420747245,-0.5444194782094963,7,4.25,51.25,-1.8592116333641167,0.48425061696121197,1.8050445621625613,-1.4603068094097484,10.87467081235721,5.389118327020512,4.0041801095419425,-0.18463326666666655,-0.23022397999999974,-0.20380859999999998,-0.07006336734693745,-3.835066959,-1.18664,-1.53015,AntwerpHerring,0.355775,Herring,51.2211097,4.3997081,9905.30303030303,8.0,3.0,21.0,1238.1628787878788,-1.0334567704124134
1588,-0.19995338770102447,Antwerp,-0.2256262861540888,-0.13755603345930692,-0.12886751531799454,7,4.25,51.25,-0.20253539495370804,0.45977452806662417,-0.715341725440652,-4.342883824730785,-2.995459888718988,5.921835710530741,2.4912008772375307,0.2086834000000002,0.2431020200000003,0.25450806666666664,0.1750896938775525,-1.27837733,-0.77987,-0.359351,AntwerpHerring,0.2565,Herring,51.2211097,4.3997081,13455.30303030303,8.0,2.0,3.0,1681.9128787878788,-1.3606266143713128
1589,-0.2725759561591992,Antwerp,-0.16071001151325254,0.018316899786429735,-0.2062258964181035,7,4.25,51.25,-1.2334089091126204,0.3148486443348579,0.3290719676481742,-12.110308475245906,1.4205853034348777,4.433436236451369,3.8307450218753107,-1.0762449333333333,-1.1192859799999997,-1.0409019333333336,-0.9293184693877539,-3.993994139,-0.594938,-0.0348028,AntwerpHerring,0.3078,Herring,51.2211097,4.3997081,15913.197767145135,9.0,3.0,30.0,1768.1330852383483,-1.1783050575773582
1590,-0.5634925698377425,Antwerp,0.1774579277217062,-0.41537167439189726,-0.0803008771033201,7,4.25,51.25,-2.853692068742285,-0.31740833249627787,1.6733536348419162,-8.030353946050358,-16.53916861992458,5.585579569831871,2.2464975638667095,-0.6124165999999999,-0.5945099799999998,-0.5568186,-0.6484613265306105,-1.74139193,-1.42203,-0.733526,AntwerpHerring,0.342,Herring,51.2211097,4.3997081,16063.197767145135,9.0,4.0,20.0,1784.799751905015,-1.0729445419195318
1591,-0.35956537300752683,Antwerp,-0.01109489117699794,-0.3507377434090904,-0.16015166304563788,7,4.25,51.25,0.5427315661650145,-0.05770611935905724,0.09239335879146471,-13.230827343535926,2.469372314959015,3.7719442225165096,5.590821905020731,0.6774434000000003,0.6981460200000003,0.5788247333333333,0.5077019387755116,-2.25578662,-0.461499,0.233442,AntwerpHerring,0.399,Herring,51.2211097,4.3997081,13413.197767145135,10.0,3.0,12.0,1341.3197767145134,-0.9187938620922735
1592,0.48160314284347816,Antwerp,-0.3432960836071437,0.4241443110863229,-0.2867703637297151,7,4.25,51.25,-0.5751688755130693,0.30054277919945427,-0.13110916706921694,0.2924416533499796,2.6236532080258654,7.480462533062583,4.651156338349425,0.09109340000000017,0.0429340200000002,0.020838066666666606,0.1675896938775524,-4.468161627,-0.682107,-0.0630393,AntwerpHerring,0.342,Herring,51.2211097,4.3997081,13413.197767145135,10.0,1.0,7.0,1341.3197767145134,-1.0729445419195318
1593,-0.07975772776504235,Antwerp,-0.5643734040475531,-0.2658659164965887,-0.38753100589800143,7,4.25,51.25,-0.6574488797130131,0.046566704760486445,0.46741431552541224,-7.627555685582291,-2.4736109802797674,5.133390492586821,2.2173612328145103,-0.07002826666666641,-0.059993979999999746,-0.017831933333333473,-0.02698173469387604,-1.493414274,-0.0855376,1.17469,AntwerpHerring,0.321575,Herring,51.2211097,4.3997081,19841.769195716563,12.0,2.0,15.0,1653.4807663097135,-1.1345244810173578
1594,0.0593255917566502,Antwerp,-0.4923018597297622,0.025329843190196454,-0.3103427760686991,7,4.25,51.25,-0.26741001364981765,0.4798549117905909,-1.2222971452897635,-16.005391639675818,7.158524570548229,4.046145127393459,3.062875040252249,1.4038217333333336,1.4720280200000002,1.3600647333333333,1.1971917346938792,-1.294762317,-0.417153,-0.572583,AntwerpHerring,0.3249,Herring,51.2211097,4.3997081,20341.769195716563,14.0,5.0,23.0,1452.9835139797544,-1.1242378363070824
1595,-1.0346785409761545,Antwerp,-0.32595692251813224,-0.7650398239773554,-0.3201763681344584,7,4.25,51.25,-1.9581058691813569,-0.5627048256530538,-0.09249699515109325,-12.498105107247985,7.38893692604521,3.116533462109142,3.9540901117071696,0.6336417333333335,0.5996460200000003,0.5725014,0.6980590816326545,-2.594382137,-0.404132,-0.626498,AntwerpHerring,0.33535,Herring,51.2211097,4.3997081,20341.769195716563,18.0,4.0,18.0,1130.09828865092,-1.0925805164363909
1596,1.1803178411462092,Antwerp,-0.20837158861944272,0.7321012387861565,-0.168924615357529,7,4.25,51.25,0.5419404122784766,0.20393216742839812,0.05654760510507799,-5.265515666344464,4.7899537288774,6.797446149708397,5.045998144331959,-0.1261865999999998,-0.12327597999999972,-0.030058600000000008,-0.018491938775508723,0.510947759,-0.566098,-0.823238,AntwerpHerring,0.342,Herring,51.2211097,4.3997081,21541.769195716563,16.0,3.0,5.0,1346.3605747322852,-1.0729445419195318
1597,0.07911419592225832,Antwerp,-0.6009702555318759,0.007777427603839125,-0.3828131675656204,7,4.25,51.25,0.5451050278246282,0.1358068261061357,0.41816769190690933,4.486385443131102,-0.421406288619639,7.289788468002442,2.3389026805561373,0.9373500666666669,1.0067860200000003,0.9575680666666665,0.7817325510204094,-1.569877941,-0.830101,-1.00463,AntwerpHerring,0.342,Herring,51.2211097,4.3997081,21541.769195716563,16.0,1.0,3.0,1346.3605747322852,-1.0729445419195318
1598,0.20860084683843452,Antwerp,-0.2742772934685594,0.038123731251398306,-0.23616991987448857,7,4.25,51.25,-1.2136300619491722,0.2034175559581732,1.0922317252030211,16.970690692663386,4.7729773965732365,8.974316503714503,3.8285963708014945,0.6535317333333335,0.6391840200000002,0.5973013999999999,0.6521407142857157,0.037326831,-0.300085,0.141689,AntwerpHerring,0.396625,Herring,51.2211097,4.3997081,21541.769195716563,15.0,2.0,3.0,1436.1179463811043,-0.9247640290787774
1599,-0.964662276481255,Antwerp,0.57757385097266,-0.959837931303045,0.05468009702643884,7,4.25,51.25,-2.198616650688885,-0.8124657628584735,-0.4333381483301066,0.1142514877089565,-15.054282833480416,5.5226039997953835,2.499355599850618,-0.06722659999999987,-0.07851797999999985,-0.012185266666666656,0.03092642857143009,-1.39565391,0.263666,-0.0149488,AntwerpHerring,0.396625,Herring,51.2211097,4.3997081,19691.769195716563,9.0,1.0,2.0,2187.974355079618,-0.9247640290787774
1600,-1.1508601710427715,Antwerp,-0.48592486137517443,-0.7785519446837534,-0.266147332039461,7,4.25,51.25,-0.2515869359190592,-0.34248329730890964,0.523685869037444,-11.68044116750606,-1.4032573413358254,5.644834242370788,2.5051654737239946,-1.1849299333333332,-1.2003659799999997,-1.0759619333333335,-1.0422572448979577,-2.508019272,-1.17402,-0.602916,AntwerpHerring,0.342,Herring,51.2211097,4.3997081,21216.769195716563,10.0,3.0,15.0,2121.676919571656,-1.0729445419195318
1574,0.3486323205418233,Barcelona,-1.3080882727359155,0.2843892821323772,-0.1321254845506715,6,2.25,41.75,0.4828344096040122,0.4092318856223003,-0.3303835485874675,11.950996166271276,16.88017519726216,7.965093575933979,4.503143503545789,0.12730340000000023,0.13169402000000033,0.1103447333333334,0.08677336734694051,0.375256409,-0.0650749,0.6229,BarcelonaCod,10.0,Cod,41.3825802,2.177073,20605.303030303032,10.0,2.0,4.0,2060.530303030303,2.302585092994046
1582,0.04182254577425184,Barcelona,-0.317734686840103,0.13302549669219038,-0.18150589978109896,6,2.25,41.75,-0.7341847015445623,0.06152583428750398,-0.5318777161167096,12.494965982670024,9.587965779797589,3.6163117111244145,4.964928207068603,0.45975840000000007,0.44119402000000013,0.3822913999999999,0.4490386734693892,-2.872138107,-0.207758,0.360622,BarcelonaCod,20.0,Cod,41.3825802,2.177073,9713.636363636364,7.0,1.0,2.0,1387.6623376623377,2.995732273553991
1583,-0.5432194336827635,Barcelona,0.49752865328467666,0.012579771998381867,0.1832470743947126,6,2.25,41.75,-0.7989657046220237,-0.09072101165407999,0.48330913592886987,9.136589035676188,6.633903038809138,5.366864642557022,2.382141341391038,0.4702050666666668,0.4776760200000002,0.4682414,0.4768652040816342,-1.546176178,-0.513092,0.593172,BarcelonaCod,18.0,Cod,41.3825802,2.177073,5638.636363636364,9.0,3.0,16.0,626.5151515151515,2.8903717578961645
1588,-0.16835153545411397,Barcelona,0.018683310087910326,-0.13755603345930692,-0.12886751531799454,6,2.25,41.75,3.8609477834166976,0.45977452806662417,-0.715341725440652,8.19712369149858,-2.1737758304328088,5.921835710530741,2.4912008772375307,0.2086834000000002,0.2431020200000003,0.25450806666666664,0.1750896938775525,-1.27837733,-0.77987,-0.359351,BarcelonaCod,26.34,Cod,41.3825802,2.177073,13455.30303030303,8.0,2.0,3.0,1681.9128787878788,3.271088696315135
1593,-0.26996067350967884,Barcelona,-0.18642522579971924,-0.2658659164965887,-0.38753100589800143,6,2.25,41.75,0.4154621664034523,0.046566704760486445,0.46741431552541224,9.808299930164395,10.155811154303743,5.133390492586821,2.2173612328145103,-0.07002826666666641,-0.059993979999999746,-0.017831933333333473,-0.02698173469387604,-1.493414274,-0.0855376,1.17469,BarcelonaCod,17.0,Cod,41.3825802,2.177073,19841.769195716563,12.0,2.0,15.0,1653.4807663097135,2.833213344056216
1594,-0.46781078728569064,Barcelona,-0.4016911668900719,0.025329843190196454,-0.3103427760686991,6,2.25,41.75,1.3621285580420879,0.4798549117905909,-1.2222971452897635,10.110188051335895,-4.0215906581560725,4.046145127393459,3.062875040252249,1.4038217333333336,1.4720280200000002,1.3600647333333333,1.1971917346938792,-1.294762317,-0.417153,-0.572583,BarcelonaCod,20.0,Cod,41.3825802,2.177073,20341.769195716563,14.0,5.0,23.0,1452.9835139797544,2.995732273553991
1596,0.4007877016604686,Barcelona,-1.3550399572772591,0.7321012387861565,-0.168924615357529,6,2.25,41.75,3.398843294797474,0.20393216742839812,0.05654760510507799,9.421157584496688,11.603210898868682,6.797446149708397,5.045998144331959,-0.1261865999999998,-0.12327597999999972,-0.030058600000000008,-0.018491938775508723,0.510947759,-0.566098,-0.823238,BarcelonaCod,26.0,Cod,41.3825802,2.177073,21541.769195716563,16.0,3.0,5.0,1346.3605747322852,3.258096538021482
1597,-0.12250286792852376,Barcelona,-0.8336111400667452,0.007777427603839125,-0.3828131675656204,6,2.25,41.75,3.164767937010913,0.1358068261061357,0.41816769190690933,5.260695596651014,3.948975519221771,7.289788468002442,2.3389026805561373,0.9373500666666669,1.0067860200000003,0.9575680666666665,0.7817325510204094,-1.569877941,-0.830101,-1.00463,BarcelonaCod,24.0,Cod,41.3825802,2.177073,21541.769195716563,16.0,1.0,3.0,1346.3605747322852,3.1780538303479458
1599,-0.16241322515856688,Barcelona,0.026123740971511267,-0.959837931303045,0.05468009702643884,6,2.25,41.75,0.1554744073859073,-0.8124657628584735,-0.4333381483301066,15.290107536775304,11.574348742210631,5.5226039997953835,2.499355599850618,-0.06722659999999987,-0.07851797999999985,-0.012185266666666656,0.03092642857143009,-1.39565391,0.263666,-0.0149488,BarcelonaCod,21.67,Cod,41.3825802,2.177073,19691.769195716563,9.0,1.0,2.0,2187.974355079618,3.075928815548268
1600,-1.1884690377611007,Barcelona,-0.7267939196803367,-0.7785519446837534,-0.266147332039461,6,2.25,41.75,0.36104612381838475,-0.34248329730890964,0.523685869037444,8.121737036039093,2.3916235102405055,5.644834242370788,2.5051654737239946,-1.1849299333333332,-1.2003659799999997,-1.0759619333333335,-1.0422572448979577,-2.508019272,-1.17402,-0.602916,BarcelonaCod,21.67,Cod,41.3825802,2.177073,21216.769195716563,10.0,3.0,15.0,2121.676919571656,3.075928815548268
1601,-0.991250472495103,Barcelona,-1.406912457292461,-0.6849604442853903,-0.6675988242595954,6,2.25,41.75,3.485217965567422,0.4883246145006024,1.8931234508982644,10.836246125477837,8.154188371231855,9.616411030444937,2.909042017119351,-0.07285159999999988,-0.028531979999999835,-0.052125266666666704,-0.2123184693877538,-4.427241393,-0.529803,-0.85691,BarcelonaCod,21.67,Cod,41.3825802,2.177073,24466.769195716563,10.0,2.0,5.0,2446.676919571656,3.075928815548268
1602,0.24442681638953467,Barcelona,0.18450426574842702,0.29180065925199467,-0.3197000981801685,6,2.25,41.75,1.0002186875160035,-0.20360340673957986,0.4442799323609341,8.794010320302792,1.9293589895270713,4.886282236565067,2.7886493102721333,0.06566673333333348,0.03421002000000016,-0.030385266666666803,0.03733459183673618,0.555353664,0.377236,0.0932494,BarcelonaCod,20.0,Cod,41.3825802,2.177073,23716.769195716563,9.0,1.0,1.0,2635.19657730184,2.995732273553991
1603,-0.3871830941739199,Barcelona,0.5202709782754886,0.17681583814510674,-0.00017458143138795293,6,2.25,41.75,-2.8555466156544975,-0.6137230458169611,0.05104079619865046,11.479445213504725,10.113353103070885,5.08092932848949,1.6647872777119366,-0.05972659999999987,-0.07861997999999976,-0.07290193333333325,-0.01816540816326397,-2.453399364,-0.48847,-0.911512,BarcelonaCod,17.33,Cod,41.3825802,2.177073,22816.769195716563,8.0,0.0,0.0,2852.0961494645703,2.8524391037275145
1604,0.6641258873220853,Barcelona,-0.39135613866890734,-0.2633717363303564,-0.22400965858797775,6,2.25,41.75,-1.2455227525026573,0.519608278611096,-0.23624345636836,15.382374694014084,23.841713973491522,5.847812881793707,3.5776067234954714,0.15973006666666684,0.1754880200000003,0.16457140000000006,0.13827336734694018,-1.83223858,-0.142777,-0.544093,BarcelonaCod,11.5,Cod,41.3825802,2.177073,25016.769195716563,9.0,2.0,11.0,2779.641021746285,2.4423470353692043
1606,0.1293534149607575,Barcelona,0.16613015128521108,0.40741515748028223,-0.33029545412256295,6,2.25,41.75,2.4590868768204337,0.6873408040796352,-1.0762565139435254,9.140196461175845,-2.564268423677898,5.287366241218119,3.81652600681192,0.20664506666666674,0.2242620200000002,0.21106140000000004,0.15643663265306276,-1.354703763,-0.316057,-1.39621,BarcelonaCod,16.5,Cod,41.3825802,2.177073,22162.6025290499,9.0,2.0,6.0,2462.5113921166553,2.803360380906535
1607,1.0886668301647422,Barcelona,0.4863055099713051,0.6905370724232189,-0.3392664227896128,6,2.25,41.75,-0.09673963126234232,0.16744953460231934,-1.8564281952237127,14.70471195399827,3.0709495270164204,5.036319567025659,2.6660688305169584,0.8951067333333335,0.9149080200000003,0.8362047333333332,0.7959978571428584,-0.30902285,-0.294585,-0.936297,BarcelonaCod,18.5,Cod,41.3825802,2.177073,15734.031100478469,11.0,5.0,10.0,1430.3664636798608,2.917770732084279
1608,-0.6864844588779931,Barcelona,-0.4815688961462011,-1.1115558754634784,-0.31425525232225865,6,2.25,41.75,0.4854256497271106,-0.06319298143188393,-0.10394590163138158,11.965715194094164,4.358704399587054,7.179659675795646,5.0760053131011365,0.6035767333333335,0.5945760200000001,0.5745780666666666,0.6297121428571442,-0.308729149,-0.208526,-1.09822,BarcelonaCod,14.0,Cod,41.3825802,2.177073,12576.136363636364,9.0,2.0,6.0,1397.348484848485,2.6390573296152584
1610,-0.29050354309929666,Barcelona,-0.10624487954920833,0.284934515289996,-0.3176357798505387,6,2.25,41.75,0.15115567384740988,-0.540617280752022,-0.5438072473400619,9.213937279569466,-1.1199758402739177,4.006547590400068,2.60532019491854,0.9473917333333335,1.01154402,0.9600580666666665,0.7937529591836749,1.252804848,-0.220878,-1.27787,BarcelonaCod,12.0,Cod,41.3825802,2.177073,7575.0,7.0,2.0,7.0,1082.142857142857,2.4849066497880004
1611,0.705176540472987,Barcelona,0.35073967511864035,-0.14070556077794438,0.07521286606490835,6,2.25,41.75,1.9581137863547324,0.13212087115802829,1.2254633345015937,10.837384456589675,14.980413610679637,5.0372022502077165,1.1211729972793727,-0.029104933333333194,-0.06949797999999978,-0.05726526666666666,0.06416112244898087,1.6221058799999999,-0.398103,-1.4946,BarcelonaCod,15.5,Cod,41.3825802,2.177073,7575.0,8.0,2.0,5.0,946.875,2.740840023925201
1612,0.496984819845498,Barcelona,-1.24170331425102,0.014708625583243448,-0.5250304509364535,6,2.25,41.75,3.2675537952271516,-0.11570584801772557,0.5164335497736458,8.701390144903735,14.93787833143064,7.127828790451492,2.645265607093861,-0.34137826666666643,-0.33514397999999984,-0.26048860000000007,-0.28353275510203935,0.212950308,-0.440182,-1.43803,BarcelonaCod,14.67,Cod,41.3825802,2.177073,5700.0,5.0,0.0,0.0,1140.0,2.6858045921548905
1613,0.24170764919364177,Barcelona,-0.4529781688074481,0.17316382127927077,-0.0574557984566432,6,2.25,41.75,1.4787343635815184,0.07162122906681055,-1.6015137382340214,7.375628072455785,3.2074093193967874,3.357100705228547,4.024157694751568,-0.4282315999999997,-0.4226479799999997,-0.39829860000000006,-0.4247572448979576,1.097142567,-0.656514,-1.46784,BarcelonaCod,16.0,Cod,41.3825802,2.177073,5700.0,9.0,6.0,14.0,633.3333333333334,2.772588722239781
1614,-0.6512317719093023,Barcelona,-0.2995118808740778,-0.15333185726822107,-0.6359188499496966,6,2.25,41.75,-1.6782598530600994,-0.13908051937305438,-1.1510494795905721,8.446019111523828,2.738233129449915,5.697418951030045,2.2763928229743136,-0.024583266666666468,-0.02119797999999978,-0.0454319333333334,-0.07625724489795786,2.749668094,-0.48652,-1.16363,BarcelonaCod,19.0,Cod,41.3825802,2.177073,3000.0,8.0,5.0,7.0,375.0,2.9444389791664403
1615,-0.06802303743274392,Barcelona,0.1927736040514212,-0.1892268708631689,-0.3289845398568056,6,2.25,41.75,-0.2824451734177316,-0.46617253032282213,-0.5168452158161818,17.267283653440575,9.433062331620803,7.572371632246729,2.8234734090886326,0.5721784000000002,0.57737202,0.5113580666666665,0.49914071428571577,3.297633212,-0.145294,-1.54407,BarcelonaCod,15.17,Cod,41.3825802,2.177073,4250.0,8.0,4.0,11.0,531.25,2.719319793360441
1617,1.1735487042120234,Barcelona,-0.4551359595499956,0.8478914513891742,0.10737694851282252,6,2.25,41.75,3.1656316837186127,0.47377018290418715,1.0310909388824998,11.490779739004024,3.3493549847673254,5.325704433482874,2.2240746653542858,0.20712173333333345,0.23323002000000018,0.24372806666666663,0.18397744897959328,-0.417102733,-0.277847,-1.75194,BarcelonaCod,17.33,Cod,41.3825802,2.177073,13750.0,12.0,5.0,11.0,1145.8333333333333,2.8524391037275145
1618,-0.5769195638976702,Barcelona,-0.4267360124903094,-0.12009223638249303,-0.41176153699632456,6,2.25,41.75,1.9175176910928569,-0.1862138945832543,-0.12061698437041261,8.071672149615608,4.287498501229389,7.4476198014829595,5.4531897927555315,0.30055840000000017,0.30889402000000016,0.28586473333333323,0.27072234693877717,1.228870053,-0.260653,-1.80821,BarcelonaCod,17.33,Cod,41.3825802,2.177073,315564.51612903224,10.0,5.0,42.0,31556.451612903224,2.8524391037275145
1619,0.7132901845252485,Barcelona,0.28649277148535435,0.336866639579009,-0.2959129514313411,6,2.25,41.75,-0.019866174277088155,-0.2708616503720301,0.15968891405228058,14.258270010762294,-3.2775245923716874,3.512424010406931,1.8646243011717256,0.02187340000000022,0.012672020000000287,0.02709806666666657,0.05354887755102195,-3.846957039,-0.292715,-1.39855,BarcelonaCod,17.33,Cod,41.3825802,2.177073,311175.62724014337,7.0,2.0,11.0,44453.6610343062,2.8524391037275145
1623,-0.49320430029249823,Barcelona,0.15728189351470417,-0.007298537327079901,-0.09006695533361757,6,2.25,41.75,-2.2975662424806305,-0.8839268912604773,-0.026663401774959662,7.795224373637592,2.984968128940869,6.256052703428465,4.572138147765195,-0.3438399333333332,-0.3142899799999997,-0.23443859999999997,-0.3161347959183661,1.759881647,0.0159669,-0.224608,BarcelonaCod,22.0,Cod,41.3825802,2.177073,274336.3415258577,9.0,3.0,15.0,30481.815725095297,3.091042453358316
1624,0.20706019621371408,Barcelona,0.1455982460794476,-0.5036397782873969,0.11634784883026295,6,2.25,41.75,-0.04664232221577219,-1.4417920666762047,0.8252236988007627,14.618301103783068,4.349530321089941,10.008647360061373,2.568487005494381,-0.5178599333333331,-0.5204919799999996,-0.49486526666666675,-0.5143082653061212,-1.950494719,-0.441297,-0.875652,BarcelonaCod,17.33,Cod,41.3825802,2.177073,275826.81771633384,9.0,2.0,10.0,30647.42419070376,2.8524391037275145
1625,0.5570959578889015,Barcelona,0.0030787989863176324,0.6239572495652844,-0.22808119605919672,6,2.25,41.75,0.22198290387876765,-0.0339512700403456,-0.12278858241463818,14.612978050679141,-3.7858630092541747,4.785946278588207,3.071337915175843,-0.38526993333333315,-0.3974199799999998,-0.39313193333333335,-0.3937572448979576,-0.008477701,-0.0277307,-0.69499,BarcelonaCod,23.8,Cod,41.3825802,2.177073,443206.81771633384,15.0,6.0,29.0,29547.12118108892,3.169685580677429
1626,1.0723079694539666,Barcelona,-0.8135660535041174,0.768119799454237,-0.3539729764760281,6,2.25,41.75,1.2973475549646265,-0.4861554667968173,-1.0165852901040038,7.201726990203267,7.174058937799698,8.801252509485519,3.801631634539046,-1.0166799333333332,-1.0575999799999998,-1.0077352666666668,-0.9188898979591825,1.650078611,-0.457084,-0.355159,BarcelonaCod,22.0,Cod,41.3825802,2.177073,443206.81771633384,15.0,2.0,3.0,29547.12118108892,3.091042453358316
1627,-0.012569569650692744,Barcelona,-1.3612501842923954,-0.5826584584937677,-0.5294443257563562,6,2.25,41.75,0.9017515628382624,0.12788263336758626,-0.11831677830551232,6.960537665258336,9.746072697855027,8.382580462710163,4.273774015718742,0.8057617333333336,0.8627200200000003,0.7593513999999999,0.5933958163265322,-1.358364647,0.309098,0.387491,BarcelonaCod,18.5,Cod,41.3825802,2.177073,443323.4843830005,15.0,4.0,25.0,29554.898958866703,2.917770732084279
1628,0.384165695737187,Barcelona,-1.0022872212829494,0.42377815518765877,-0.33431223970931595,6,2.25,41.75,4.459524251852441,0.2725637853255829,-1.1505115022243668,7.491474945582628,3.3535187547758722,5.744243324633411,3.038546252671783,-0.3436565999999998,-0.4134659799999998,-0.42000526666666665,-0.21361438775510055,-2.446453698,-0.00605333,0.20204,BarcelonaCod,15.0,Cod,41.3825802,2.177073,446412.3732718894,16.0,4.0,10.0,27900.773329493088,2.70805020110221
1629,0.16192202076188944,Barcelona,-1.5934626770681204,0.21357405992729503,-0.00944088368931718,6,2.25,41.75,0.1261070193241248,-0.09860169181791716,-1.3043602586830683,8.472483954717966,16.64085534189868,5.997406058691701,4.937653405084558,0.5045084000000002,0.5489660200000003,0.5431447333333334,0.4284264285714301,0.239566336,0.452509,0.377271,BarcelonaCod,17.33,Cod,41.3825802,2.177073,444162.3732718894,14.0,1.0,2.0,31725.883805134956,2.8524391037275145
1630,0.5026950709568734,Barcelona,0.15393994931588081,0.4404287073663721,-0.1054576164599345,6,2.25,41.75,-0.9155715101614542,-0.0766525012913952,-1.101026186814265,4.606596649439258,1.2573747717022863,6.175039009495738,2.4453485392800043,0.36965006666666683,0.3672980200000002,0.32880806666666673,0.3596305102040831,0.221013899,0.00717873,-0.589685,BarcelonaCod,17.33,Cod,41.3825802,2.177073,276212.3732718894,13.0,3.0,21.0,21247.105636299184,2.8524391037275145
1631,-0.1214853731068347,Barcelona,0.24437638022380442,-0.2121073192802467,-0.01829865685063231,6,2.25,41.75,-0.8913866023458685,-0.6415858816294233,-0.9362148355151889,8.79802293747202,1.7167787034925934,6.376588724529107,2.2393488510190633,0.1648700666666668,0.16464202000000017,0.18318806666666662,0.19021214285714433,-0.282763074,0.12341,0.412145,BarcelonaCod,17.33,Cod,41.3825802,2.177073,275355.23041474656,11.0,2.0,6.0,25032.29367406787,2.8524391037275145
1632,0.09847771002674606,Barcelona,-0.9368166924115117,0.13915707392499166,-0.2444225376623193,6,2.25,41.75,0.5718003204970591,-0.08550637955438717,-0.4419476591365234,9.215040376623081,4.297222307262318,2.7692382509717692,2.398558646710563,-0.17561493333333314,-0.17592797999999982,-0.14054526666666664,-0.13561438775510046,-0.782874757,-0.456343,0.0946172,BarcelonaCod,34.67,Cod,41.3825802,2.177073,279055.23041474656,12.0,5.0,19.0,23254.602534562215,3.545874759696932
1633,-0.15351891697587156,Barcelona,-1.2346904943377408,0.035340481712869694,-0.44351590943156677,6,2.25,41.75,2.418490781558558,0.07174822257824096,-0.012409266009662082,11.87751418268999,21.578570638705298,2.5232743290920863,5.147820028980414,-0.5977582666666665,-0.6066759799999998,-0.5554152666666667,-0.5451654081632639,2.695390504,0.503662,0.498075,BarcelonaCod,30.33,Cod,41.3825802,2.177073,279055.23041474656,13.0,2.0,3.0,21465.786954980504,3.41213732170049
1634,-0.19500814548094939,Barcelona,-0.8885624390682645,0.1817041191988568,-0.23845768025821143,6,2.25,41.75,1.489099324073912,-0.5377471103118081,0.11371097151957388,10.028360339001928,8.683706797841028,3.5036851710824584,2.4128309160049084,0.7632234,0.80837002,0.7262913999999999,0.5910590816326545,-0.440141593,0.814298,1.01778,BarcelonaCod,13.5,Cod,41.3825802,2.177073,279055.23041474656,12.0,1.0,1.0,23254.602534562215,2.6026896854443837
1635,-0.2109898313871337,Barcelona,-0.13936828317337327,-0.780618694898463,-0.2103854889483611,6,2.25,41.75,-1.1418731475787192,-0.7539027614387325,-0.5328229346657196,11.409175627424167,-0.6796685245361624,7.298981960395028,3.19651947739332,1.6304184000000002,1.64276802,1.4986347333333334,1.4981917346938785,2.615761859,0.169832,0.243734,BarcelonaCod,17.33,Cod,41.3825802,2.177073,290546.65898617514,10.0,3.0,34.0,29054.665898617513,2.8524391037275145
1636,0.042208492085926995,Barcelona,-0.2579941449709785,-0.030980057976645783,0.20359301850202352,6,2.25,41.75,-0.5424329324352766,-1.0314975311562837,0.08656196898585787,13.588665028830983,8.626281550533546,8.202315468386212,1.70826418466077,0.42786173333333344,0.3962500200000002,0.4337114000000001,0.5746305102040831,2.697063455,0.744721,1.31418,BarcelonaCod,17.33,Cod,41.3825802,2.177073,291546.65898617514,10.0,2.0,3.0,29154.665898617513,2.8524391037275145
1637,0.23549742217850525,Barcelona,0.32668162406529955,-0.40396987518829164,0.1477747115563771,6,2.25,41.75,-1.9252914114621522,-0.6106192112924761,-0.46400772748235564,7.222000125242662,9.518258879932914,7.434282591459684,2.60639080999725,-0.6910899333333331,-0.6805159799999998,-0.5380519333333335,-0.5468898979591824,1.769866815,0.265665,1.35599,BarcelonaCod,24.05,Cod,41.3825802,2.177073,293796.65898617514,14.0,5.0,8.0,20985.475641869652,3.1801349965517702
1638,-0.038068340742502656,Barcelona,-0.22635751179747127,0.19130389759445948,-0.15723092886838153,6,2.25,41.75,-1.5979314092440473,0.05814712851150988,0.6969352886167041,5.237915422853407,13.140555841297852,8.294137372422226,4.302449224137752,0.19630506666666686,0.2537700200000002,0.24079806666666675,0.06199785714285857,0.875584678,0.443559,1.97003,BarcelonaCod,23.28,Cod,41.3825802,2.177073,292796.65898617514,12.0,2.0,2.0,24399.72158218126,3.147594622863237
1639,1.0001623236919654,Barcelona,-0.14926254316359056,0.3006724192316171,-0.36951818266237146,6,2.25,41.75,3.6156437184300443,0.46869952154762917,-0.2419430302801755,10.753685951279644,-6.453243983726953,6.348560761365752,3.8325591968282327,0.6726817333333334,0.6658980200000003,0.5813614,0.5867631632653075,1.083453477,0.686883,0.87114,BarcelonaCod,21.0,Cod,41.3825802,2.177073,291146.65898617514,11.0,2.0,2.0,26467.878089652284,3.044522437723423
1640,0.38158687265463026,Barcelona,-0.5560455699156492,-0.24809409069964583,-0.20636702623786363,6,2.25,41.75,1.1159607463477348,0.689853420846163,-0.4934383728627539,9.760103803982842,9.349825323127627,5.228354412242905,5.1767759009235945,0.9248400666666668,0.9260740200000004,0.8784380666666668,0.8996713265306137,0.97490231,0.843907,1.30044,BarcelonaCod,17.0,Cod,41.3825802,2.177073,290946.65898617514,11.0,3.0,22.0,26449.696271470468,2.833213344056216
1642,0.27756557015109584,Barcelona,-1.652361154257226,0.5294919194596536,-0.5466294825440655,6,2.25,41.75,3.4273469361515567,0.5757058919506317,0.05723825972146983,14.365481151734153,15.378366481102136,6.589386914476032,3.4827283422665745,-0.7041315999999999,-0.6932139799999998,-0.5966019333333333,-0.6319409183673456,-2.908091565,1.07201,2.20695,BarcelonaCod,23.67,Cod,41.3825802,2.177073,296779.99231950846,11.0,2.0,8.0,26979.999301773496,3.1642084235258925
1643,0.26028570119654965,Barcelona,-1.4511471675146823,0.21085849791569208,-0.7629370670525005,6,2.25,41.75,1.9201089312159552,-0.14625804399309447,0.19943651343919305,16.99049776601922,14.897283995659444,5.448535376445975,3.58473094878916,-1.1657665999999998,-1.18136998,-1.1105419333333333,-1.111838877551019,-1.536403559,1.09674,1.73045,BarcelonaCod,26.62,Cod,41.3825802,2.177073,296779.99231950846,14.0,3.0,6.0,21198.57087996489,3.2816628129669656
1644,-0.1614746739006296,Barcelona,-0.7318923581726362,-0.18126179892257172,-0.3412987801188673,6,2.25,41.75,1.6920798003832913,-0.5102577271719949,-0.47484543898295023,10.09537822805528,17.80431836858083,6.172361084715143,2.575006256201875,-0.48450993333333325,-0.4839899799999998,-0.5024086,-0.5550735714285702,-1.528736664,1.23283,1.79429,BarcelonaCod,20.0,Cod,41.3825802,2.177073,301113.32565284177,14.0,1.0,3.0,21508.0946894887,2.995732273553991
1645,-0.3936126088661444,Barcelona,-0.2237194810421008,-0.34389132376095655,-0.16635386629492374,6,2.25,41.75,-0.06823598990825931,0.10310571401540887,-0.15495423501504405,5.796247861024548,14.548579890082241,5.08060892841559,3.428268966751247,-1.0346682666666664,-1.0917819799999997,-1.0740819333333333,-0.9471756122448964,0.477531946,0.470664,1.48162,BarcelonaCod,32.0,Cod,41.3825802,2.177073,305113.32565284177,13.0,2.0,26.0,23470.25581944937,3.4657359027997265
1646,-0.03330541239614812,Barcelona,0.6011552379694525,-0.2785997337494518,-0.13102511030948316,6,2.25,41.75,1.2256565782255693,0.3355463283271944,0.5485446422247053,10.838177900477746,2.5002014875787575,4.622016531177833,2.889511801993608,0.5191150666666668,0.5589420200000002,0.4746714,0.3549570408163279,-3.504367969,0.626414,0.608605,BarcelonaCod,38.0,Cod,41.3825802,2.177073,305113.32565284177,13.0,3.0,9.0,23470.25581944937,3.6375861597263857
1647,0.6024972785532319,Barcelona,-0.16878791793151937,0.08516773318524534,-0.18132629218791335,6,2.25,41.75,1.0667271840088641,-0.08675683484098812,-0.42441581467741823,17.44849444761839,3.6618652110619445,6.122187545700186,3.622313181281169,0.5730567333333334,0.5501700200000001,0.4636014,0.5531407142857158,-1.237924472,1.04712,1.05945,BarcelonaCod,55.0,Cod,41.3825802,2.177073,294779.99231950846,13.0,2.0,3.0,22675.384024577572,4.007333185232471
1648,-0.540710782656875,Barcelona,-0.8211183211030332,-0.07811689603743929,-0.11940320232247711,6,2.25,41.75,-0.37918480468007393,-0.22591891763515606,-1.4599315184498545,7.580315590659168,4.326191563599755,6.784964293617758,3.6367731831849155,-1.3633866000000001,-1.42844598,-1.2811919333333335,-1.0967980612244883,2.596062066,0.261388,1.16407,BarcelonaCod,36.57,Cod,41.3825802,2.177073,399654.99231950846,18.0,7.0,21.0,22203.055128861582,3.59922823216129
1649,-0.38889353805520743,Barcelona,-0.5028376079469806,-0.6371926360016461,-0.120821808974784,6,2.25,41.75,0.9466663916386356,-0.22670209711590225,-0.19335019392175748,8.71725021415063,1.1928538689016532,5.294761974467969,4.984503776688412,1.0015534000000001,1.1137780200000003,1.0330947333333331,0.7163856122448998,-1.346516512,-0.0141239,-0.17461,BarcelonaCod,48.75,Cod,41.3825802,2.177073,107158.33333333333,10.0,1.0,4.0,10715.833333333332,3.886705197443856
1650,1.051054607790583,Barcelona,-0.46566834668053936,0.24590684113507064,-0.1934304582954624,6,2.25,41.75,-0.09069340430844593,-0.2555396078364352,-1.4924006000137284,10.926002856068187,9.939452444304644,4.801186927041067,4.6781102525534175,-0.47461659999999983,-0.5607679799999999,-0.5724519333333334,-0.333012346938774,3.10053445,0.0710768,0.181629,BarcelonaCod,57.11,Cod,41.3825802,2.177073,8291.666666666666,10.0,5.0,19.0,829.1666666666666,4.044979232676772
1651,0.05689199494374947,Barcelona,-0.35828536408724354,0.2006395527336034,-0.06837771581835299,6,2.25,41.75,0.3938684987109652,-0.2743177940431979,-0.21224794952701972,8.157698813080563,14.674763639737671,7.2830337254553985,4.034148606688086,1.5051367333333336,1.5862440200000003,1.509028066666667,1.2919570408163281,0.074809445,0.793162,0.355684,BarcelonaCod,61.67,Cod,41.3825802,2.177073,28291.666666666664,10.0,2.0,5.0,2829.1666666666665,4.1217975890034015
1652,-0.4329001890932573,Barcelona,-1.1167224955714001,0.3289325077353346,-0.06589826606054776,6,2.25,41.75,2.4685880906051283,-0.6328099867312686,0.19030300277076836,6.503179262175446,6.155306253709893,4.749755744559178,3.3076572093113468,-0.3893682666666665,-0.45896797999999983,-0.42236193333333344,-0.1876245918367332,-3.056481235,-0.641666,-0.384691,BarcelonaCod,185.0,Cod,41.3825802,2.177073,41311.666666666664,12.0,3.0,5.0,3442.6388888888887,5.220355825078324
1654,-0.3543425716531987,Barcelona,-0.4790755952577088,-0.05256871044712982,-0.2185269354818354,6,2.25,41.75,0.9043428029613607,-0.06438352174603923,-0.36281857721729055,14.509601323851262,5.934504145713726,3.262442042660553,2.6934237280073385,-0.46670993333333316,-0.4464799799999997,-0.4492452666666668,-0.5366347959183659,-1.026829084,-0.443923,0.371298,BarcelonaCod,34.67,Cod,41.3825802,2.177073,26666.666666666668,8.0,2.0,8.0,3333.3333333333335,3.545874759696932
1655,0.4745473047258386,Barcelona,-0.37499508508136054,-0.6760877022439314,-0.09247388885566721,6,2.25,41.75,0.053552295877368074,0.3538552197493269,-0.0933235922147293,16.67141000381029,4.181764850941238,3.3828632885086765,4.238744576571116,0.9845184000000002,1.0053080200000002,0.8720880666666666,0.7948652040816341,0.85025794,-0.0415343,-0.123179,BarcelonaCod,34.67,Cod,41.3825802,2.177073,11222.38095238095,8.0,3.0,10.0,1402.7976190476188,3.545874759696932
1656,-0.08772384234234325,Barcelona,-0.4164667705722713,-0.22840428315618697,-0.058940914570858184,6,2.25,41.75,0.8326518262223035,0.2609630441022647,0.7974238057063258,12.060679789521169,10.395181653332346,4.210367402460787,5.174006150222559,0.9882567333333334,0.9647160200000002,0.8855514,0.9862733673469404,-0.477178131,0.241619,0.622602,BarcelonaCod,42.5,Cod,41.3825802,2.177073,15384.88095238095,10.0,3.0,6.0,1538.488095238095,3.7495040759303713
1657,0.2647503983020644,Barcelona,-0.23754776195927946,0.29738345690636975,0.01650096509304973,6,2.25,41.75,0.5337954653582817,-0.5301528731593556,-0.8544258435928578,11.156118523060284,11.773228098486518,4.8976581159649974,2.9615875194244694,-0.8801982666666665,-0.9231579799999999,-0.7836452666666668,-0.6308388775510189,2.558282252,-0.205543,-0.534528,BarcelonaCod,42.5,Cod,41.3825802,2.177073,35008.21428571429,11.0,5.0,21.0,3182.5649350649355,3.7495040759303713
1658,-0.817364116071284,Barcelona,-1.2190136183027092,-1.1441683677351568,-0.24081343376618305,6,2.25,41.75,-0.5329317186505823,-0.5501117294257427,0.454770158634055,14.258185313506948,22.972264801206478,2.6033124275722312,4.804851478062614,-0.697189933333333,-0.6501799799999998,-0.5667986,-0.7136449999999988,1.328899295,-0.25086,0.297678,BarcelonaCod,49.83,Cod,41.3825802,2.177073,29208.214285714286,13.0,3.0,16.0,2246.785714285714,3.908617212293313
1659,0.11028415856117206,Barcelona,0.6096745642243271,-0.05533769702822914,-0.25048421570828605,6,2.25,41.75,0.5337954653582817,-1.3993444021057706,0.379559018775796,9.821697003225855,6.0746254163233955,5.013053076970574,2.5131750013889733,-0.20554159999999977,-0.20499197999999974,-0.2489119333333334,-0.29088989795918213,2.060333017,0.151235,0.742946,BarcelonaCod,32.5,Cod,41.3825802,2.177073,25208.214285714286,9.0,0.0,0.0,2800.9126984126983,3.481240089335692
1660,-0.8520905126149634,Barcelona,0.22552202574776542,-0.1733949116636855,-0.07840871439114909,6,2.25,41.75,2.402079594112268,-0.9261443224828607,0.11401716556721453,17.405517705100223,8.304930121836055,3.09943957228498,3.0301669599705936,0.07003840000000014,0.04576602000000016,0.004531399999999965,0.04833459183673592,3.489502562,-0.332187,-0.330005,BarcelonaCod,46.25,Cod,41.3825802,2.177073,21045.714285714286,9.0,2.0,2.0,2338.4126984126983,3.834061463958434
1661,0.5856296704316115,Barcelona,0.42379536474055723,0.8603687145816376,0.0398354935816498,6,2.25,41.75,-0.5959852283126447,-0.07452132165371853,-0.7110349790419732,13.335866081701395,4.587835746839002,4.131552203967002,2.6348611476959665,1.3445534000000001,1.3820160200000005,1.2682047333333333,1.1945080612244912,-0.147771776,0.47642,0.521374,BarcelonaCod,35.0,Cod,41.3825802,2.177073,21045.714285714286,7.0,1.0,1.0,3006.530612244898,3.5553480614894135
1662,0.07232107590367164,Barcelona,0.14905202699358594,0.4586832555012775,-0.0763326190341231,6,2.25,41.75,-0.6823598990825932,-0.018597319550207953,-0.527715179117754,13.425464936607781,5.977832381841576,4.8924338218482495,4.310766852324708,-0.3327599333333332,-0.3892239799999998,-0.33313860000000006,-0.1358184693877536,3.444868635,0.179661,0.463718,BarcelonaCod,47.25,Cod,41.3825802,2.177073,22626.666666666668,5.0,1.0,3.0,4525.333333333334,3.855452653939752
1663,-0.6544596865160398,Barcelona,-0.8733526457854304,-0.4987730564278534,-0.4380457288342317,6,2.25,41.75,1.6057051296133427,0.3728887916982412,-0.6288011630110498,7.869919899493463,12.933590221017457,2.569795217087898,6.434543193505767,-0.9108232666666665,-0.8948499799999999,-0.7635252666666669,-0.8167470408163254,-1.804864489,-0.213914,-0.629758,BarcelonaCod,38.44,Cod,41.3825802,2.177073,23626.666666666668,6.0,2.0,8.0,3937.777777777778,3.6490985841020915
1664,-0.07486481295789417,Barcelona,0.05614860971842062,0.010197343328994397,-0.13187518527716377,6,2.25,41.75,-0.72122850092907,-0.6778768582664555,-0.6954458800663829,7.598449611817567,4.520092039362392,4.701663350311852,1.9561030970462614,-0.7040565999999998,-0.6930699799999998,-0.6744319333333334,-0.7429715306122436,0.126751028,-0.33862,-0.645603,BarcelonaCod,34.5,Cod,41.3825802,2.177073,32826.66666666667,7.0,2.0,4.0,4689.52380952381,3.5409593240373143
1665,-1.0557210495590188,Barcelona,-0.8203749358777043,-0.46347904766906844,-0.18750255782591094,6,2.25,41.75,-0.01554744073859073,-0.7828999427949146,0.545281581839261,18.570532517839766,18.5110056775354,5.024947392709305,4.4270632224006405,1.0759467333333332,1.1088100200000004,0.9641347333333332,0.8483243877551037,0.594877096,-0.553165,-0.948973,BarcelonaCod,35.0,Cod,41.3825802,2.177073,38493.333333333336,7.0,2.0,5.0,5499.047619047619,3.5553480614894135
1666,-0.5733407890075916,Barcelona,-0.587504580070715,0.1767587084386472,0.032728688158972216,6,2.25,41.75,-0.4405108209267374,-1.1357466439536301,0.40547766989148776,5.559854433466275,18.31246891636381,6.5065033802042676,3.75213537335509,0.3057700666666668,0.24776802000000012,0.21334473333333331,0.4011407142857156,-0.293084602,-0.767345,-0.915869,BarcelonaCod,40.0,Cod,41.3825802,2.177073,30333.333333333336,7.0,1.0,1.0,4333.333333333334,3.6888794541139363
1667,0.5287113609666114,Barcelona,-0.16818926257306877,-0.36094612522448594,-0.22697097077127262,6,2.25,41.75,-0.13560823310881914,-0.47672019509698715,0.12485521296100516,14.628460031378175,0.16580332588917385,5.013161587893579,2.471322939654161,-0.5739699333333331,-0.5794719799999998,-0.4732152666666667,-0.4352572448979577,-1.310794247,-0.617768,-1.86438,BarcelonaCod,57.5,Cod,41.3825802,2.177073,23883.333333333336,8.0,4.0,10.0,2985.416666666667,4.051784947803305
1668,0.020674442195870713,Barcelona,0.6128980930775229,0.3891231298313611,-0.2625656439626835,6,2.25,41.75,-0.8499267603762932,-0.4627594312282,-0.6277627888615186,3.6895540566417018,1.8277933652845488,3.7638404677979262,3.2490100875907886,-1.0209815999999998,-1.01316598,-0.9316252666666668,-0.9696347959183654,1.124881457,0.0934971,0.634397,BarcelonaCod,34.69,Cod,41.3825802,2.177073,8350.0,9.0,4.0,13.0,927.7777777777778,3.5464514609816584
1669,0.04171728768924951,Barcelona,-0.3832183729721662,-0.2920956057575682,-0.1318087165548994,6,2.25,41.75,-1.9537950528162351,-0.6746220204266662,0.9382721932737108,15.97328237416898,7.755880677538822,4.110479943757768,2.9499060867760276,-0.8759582666666665,-0.8862699799999998,-0.8667052666666668,-0.8932062244897941,-3.021339627,-0.106888,-0.0281509,BarcelonaCod,35.0,Cod,41.3825802,2.177073,7350.0,7.0,1.0,1.0,1050.0,3.5553480614894135
1670,0.26275049468702055,Barcelona,-0.3327273853226198,-0.6670954968237396,-0.20844898321768005,6,2.25,41.75,-0.5778465474509555,-0.9502385563147459,1.1318627418712637,15.665825916642072,15.940765255676705,5.840198707420481,3.6011656583622726,-0.09678326666666646,-0.10446597999999978,-0.1622486000000001,-0.1781449999999984,-2.128919637,-0.688077,-0.455913,BarcelonaCod,33.5,Cod,41.3825802,2.177073,7000.0,6.0,4.0,5.0,1166.6666666666667,3.5115454388310208
1671,0.4647407598064564,Barcelona,-0.056214396021547056,0.3604798682786474,-0.0027478946611852848,6,2.25,41.75,-0.5113380509580951,-0.6239317902975208,0.2178868946634412,6.704510736333035,6.960872896994991,5.0421114110252265,3.5343944120484965,1.1061884000000002,1.1212000200000003,0.9899414,0.9640284693877564,2.27731881,0.35027,0.344386,BarcelonaCod,28.44,Cod,41.3825802,2.177073,6000.0,2.0,0.0,0.0,3000.0,3.34779660493504
1672,-0.8764051302504975,Barcelona,-0.16930105109590565,-0.4075781569689479,-0.10067553354501978,6,2.25,41.75,0.46815071557312093,-0.2103566272586459,0.4014285315280338,10.579701526927865,4.7081069240254125,-1.0384874686129726,5.322870451478472,-0.20571659999999986,-0.25900197999999985,-0.2243219333333335,-0.03917561224489656,0.482570344,-0.0250447,-0.0360624,BarcelonaCod,39.17,Cod,41.3825802,2.177073,65657.14285714286,6.0,5.0,19.0,10942.857142857143,3.66791114767774
1673,-0.18575420550782948,Barcelona,-1.004017401055175,0.49912150595129806,-0.14301132036270262,6,2.25,41.75,0.19002427569388672,0.7247062520674379,-0.04501900316497052,8.64386851211967,14.502772480593187,3.451503506127928,5.714821815256329,-0.25189493333333324,-0.2204079799999998,-0.15076193333333335,-0.2283796938775496,0.510138182,0.0620237,-0.255216,BarcelonaCod,40.47,Cod,41.3825802,2.177073,65657.14285714286,6.0,0.0,0.0,10942.857142857143,3.7005609588877744
1674,-0.2121652133363262,Barcelona,-0.44255761839221935,-0.6324019650771239,-0.19402571049540482,6,2.25,41.75,0.3403162028335971,0.07057179917624322,0.12787805071898792,12.616715238127355,13.023199493686251,2.38198466288424,2.8445529649669705,0.6474534000000002,0.6865800200000001,0.6162847333333333,0.5072325510204094,-0.339560168,-0.377597,-1.3929,BarcelonaCod,57.56,Cod,41.3825802,2.177073,50657.142857142855,8.0,3.0,15.0,6332.142857142857,4.052827882019167
1675,-0.8157238442466648,Barcelona,-2.0328099238677693,0.5152030033309195,-0.6928589376797755,6,2.25,41.75,5.096969322134661,0.33419263275073985,0.7186106073463235,1.4119621958918518,9.799890953736286,2.190571938896747,4.721164863405781,0.08704506666666688,0.05074002000000026,0.04458806666666663,0.144834591836736,-5.37141946,-0.589921,-0.767955,BarcelonaCod,42.55,Cod,41.3825802,2.177073,44857.142857142855,10.0,5.0,10.0,4485.714285714285,3.750679855019383
1676,-0.5393161130305943,Barcelona,-0.3335431354813877,0.05894897645830877,-0.1252841319152773,6,2.25,41.75,2.2448776933109618,-1.082679404205304,0.9064685751777758,8.628258469170556,25.037436729000532,6.951215531953908,2.6156030760278215,-0.8424299333333332,-0.8648279799999998,-0.7619086,-0.7034511224489781,-3.095155196,0.316135,0.439549,BarcelonaCod,36.01,Cod,41.3825802,2.177073,43857.142857142855,7.0,1.0,4.0,6265.306122448979,3.583796677660784
1677,0.14427374850983518,Barcelona,-0.8004087928788284,-0.4525911320423528,-0.10725705946393647,6,2.25,41.75,3.3081498904890276,0.3249248923699114,-0.10449317718236201,9.655146287581204,11.750199237666486,5.077984090933618,4.154754479933087,-0.07831326666666656,-0.03785197999999982,-0.04607526666666673,-0.17205316326530443,-1.229665334,0.538229,0.367824,BarcelonaCod,39.94,Cod,41.3825802,2.177073,46257.142857142855,6.0,1.0,5.0,7709.523809523809,3.6873783279876693
1678,0.19640281510723004,Barcelona,-0.9336589498614423,0.3321467355954891,-0.003244530804156231,6,2.25,41.75,1.5642452876437674,0.296275232350465,-0.5790133147563422,8.226103704387446,8.697445412584667,5.650000294427665,2.1106471491445804,-0.8686582666666666,-0.9205259799999997,-0.8953285999999999,-0.7784409183673456,-2.421722991,0.208068,-0.373097,BarcelonaCod,40.0,Cod,41.3825802,2.177073,47423.80952380952,8.0,2.0,7.0,5927.97619047619,3.6888794541139363
1679,-1.293718351256329,Barcelona,-0.5563547655403435,-0.5830048710300214,-0.12921200525857207,6,2.25,41.75,-0.5597078665892663,-0.6756225545452731,-0.4414362809168048,20.380307558416717,9.09726776317577,2.7089719719933782,1.73519696741491,-0.5033432666666665,-0.5019399799999997,-0.48053193333333327,-0.5155327551020394,-0.259387127,-0.240811,-0.608359,BarcelonaCod,39.31,Cod,41.3825802,2.177073,5566.666666666667,7.0,1.0,1.0,795.2380952380953,3.671478939433769
1680,0.5624114911815182,Barcelona,0.2844336601974967,0.3468304445065201,-0.03649396569922222,6,2.25,41.75,1.1047320391476412,0.31474300188429205,-0.43679432739843616,4.657255771806245,1.3186915138102735,2.2566868800465447,1.3008805480398533,0.8690417333333335,0.9009280200000003,0.7786380666666666,0.6944264285714302,0.270857045,1.13688,0.23975,BarcelonaCod,31.67,Cod,41.3825802,2.177073,3566.666666666667,4.0,1.0,1.0,891.6666666666667,3.4553698605505483
1681,-0.5593853212377017,Barcelona,-0.21243055142560285,-0.49653916005557414,0.10179043223566303,6,2.25,41.75,-1.4942818043201092,-0.21968417568971926,0.18338596819165187,12.380073139427388,9.152722655883535,1.2626670507373225,1.728608298350107,0.5290017333333334,0.4971580200000002,0.4479213999999999,0.5634672448979607,0.55810842,0.152768,-0.189523,BarcelonaCod,33.52,Cod,41.3825802,2.177073,3566.666666666667,3.0,0.0,0.0,1188.888888888889,3.5121422756138823
1682,0.4612409284801297,Barcelona,-0.6004250100047489,0.6865022163134522,-0.15283844116181458,6,2.25,41.75,-0.6814961523748937,0.6123870948523791,-0.9454498940020696,7.199953768465363,7.420263933628172,3.4800853022053855,3.7882957758407265,1.243130066666667,1.2892000200000002,1.2441814,1.159875408163267,0.325898396,0.762618,0.749775,BarcelonaCod,37.92,Cod,41.3825802,2.177073,1166.6666666666667,3.0,2.0,4.0,388.8888888888889,3.6354786773868213
1683,0.29867858770114286,Barcelona,0.5955699808340172,0.14666280849443938,0.13450231659310422,6,2.25,41.75,-0.778235783637236,-0.2612609943090666,-1.14868976972606,5.419501934055934,3.4524664794933018,4.9501545862565575,3.4106862553437187,0.550415066666667,0.5486040200000002,0.5530180666666666,0.6044876530612261,1.811059466,0.414287,-0.125154,BarcelonaCod,35.0,Cod,41.3825802,2.177073,26254.901960784315,4.0,2.0,19.0,6563.725490196079,3.5553480614894135
1684,-2.098416411099002,Barcelona,0.5533746460087156,-1.1707734961885574,0.2336288060847621,6,2.25,41.75,-1.5677002744745652,-1.102809318729495,1.1016816886562228,18.809582728903703,8.40723824986114,4.107338526820651,0.7528640609600549,-0.6343615999999997,-0.6454599799999998,-0.5241819333333334,-0.49066540816326387,-1.558095327,-1.11429,-2.10983,BarcelonaCod,33.33,Cod,41.3825802,2.177073,25088.235294117647,5.0,2.0,3.0,5017.64705882353,3.506457892319648
1685,-0.8708352232524583,Barcelona,0.13226336243571718,-0.11405089949927621,-0.03648538207998476,6,2.25,41.75,3.33751727855081,-0.5694570377662459,-0.20899759515869348,12.56647621414688,-0.8225897752423912,2.1047571287849562,1.6298758395972144,-1.9255065999999996,-1.95211998,-1.7853785999999998,-1.7579919387755087,-3.21126461,-0.423456,-0.321989,BarcelonaCod,38.75,Cod,41.3825802,2.177073,22588.235294117647,4.0,2.0,2.0,5647.058823529412,3.657130755799356
1686,0.40134907811381443,Barcelona,-0.06317458689232491,0.6255059301158938,0.044918409754044694,6,2.25,41.75,0.019866174277088155,-0.10783516410498456,-1.0995126525710432,8.578407697408581,7.840518898896906,3.6373432288221257,3.1132377131412685,0.33018006666666677,0.3981620200000002,0.30078806666666663,0.053865204081634005,-3.490290742,-0.131791,0.370736,BarcelonaCod,29.48,Cod,41.3825802,2.177073,22588.235294117647,2.0,1.0,2.0,11294.117647058823,3.383712067321136
1687,-0.5039581679769013,Barcelona,0.28038780255522033,-0.03964960036196662,-0.15496932748256562,6,2.25,41.75,-1.4951455510278087,-0.459464009553844,-0.49360229189739857,5.214336384543386,-4.86708909293243,7.790134153225671,2.771562813134511,1.2382184,1.2113780200000002,1.0258280666666666,1.1043958163265322,-2.94011944,-0.0716935,-0.560735,BarcelonaCod,29.17,Cod,41.3825802,2.177073,24588.235294117647,6.0,4.0,6.0,4098.0392156862745,3.37314078387963
1688,0.05831297909128064,Barcelona,-0.7364908207611746,-0.5767923659514302,-0.26478816143195666,6,2.25,41.75,1.2653889267797456,0.4700827798849809,0.8010322126031174,17.21099114722608,10.057858881721963,5.00254581069887,2.2835092379431083,0.6425400666666669,0.6120500200000002,0.6063414,0.741691734693879,-5.189565205,0.296127,-0.191425,BarcelonaCod,28.5,Cod,41.3825802,2.177073,80588.23529411765,4.0,2.0,12.0,20147.058823529413,3.349904087274605
1689,-0.2802671943328218,Barcelona,-0.7329580962832846,0.004528854766668769,0.07999808176021465,6,2.25,41.75,3.2597800748578565,0.40092092825571685,0.14887588571722135,11.845939045897351,11.708337492166304,2.8609089451054985,3.2199257579174065,0.6401350666666668,0.6852400200000002,0.7065447333333332,0.6390998979591851,-4.364131834,0.661128,0.702819,BarcelonaCod,33.75,Cod,41.3825802,2.177073,82588.23529411765,8.0,4.0,7.0,10323.529411764706,3.518980417318539
1690,0.26121548094740343,Barcelona,-1.3667828123853294,0.6916735989274841,-0.19781849290100795,6,2.25,41.75,1.5478341001974771,0.04228632705814545,-0.06491550154403805,12.065768400622304,20.408051436038136,7.263161544149115,1.7569467886181087,0.3751250666666668,0.39510002000000016,0.40455139999999984,0.3707835714285728,-4.285012734,0.315687,0.0460976,BarcelonaCod,38.12,Cod,41.3825802,2.177073,80588.23529411765,4.0,0.0,0.0,20147.058823529413,3.6407390787860012
1691,-1.4762709566786716,Barcelona,0.05806956976971281,-0.5473085360929315,-0.3026811155507373,6,2.25,41.75,0.1546106606782078,0.43522542675818543,0.10003205304786025,14.486735097642224,5.739085154034322,-1.0570305974177958,2.032272680533043,0.0676367333333335,0.06886602000000025,0.10149140000000001,0.09173255102040968,-2.431562704,0.318654,-0.0422589,BarcelonaCod,48.33,Cod,41.3825802,2.177073,80588.23529411765,3.0,0.0,0.0,26862.745098039217,3.8780524858569927
1692,-0.42042710602048333,Barcelona,-1.453298379626917,-1.1244829045213676,-0.2331525206167534,6,2.25,41.75,1.7145372147834779,-0.004074259846530357,0.6231456551053528,17.336176400938243,12.821688786902405,2.7444153970273466,4.604868484274756,1.3929934000000004,1.4505540200000002,1.3591680666666666,1.2135998979591853,-0.386287474,-0.268317,-1.21465,BarcelonaCod,48.0,Cod,41.3825802,2.177073,80588.23529411765,3.0,1.0,1.0,26862.745098039217,3.871201010907891
1693,-0.02598120398140395,Barcelona,-1.0790072079890094,0.337801019686083,-0.04755137452669358,6,2.25,41.75,1.160875575148108,-0.42466414873526476,-1.2468970905597134,11.586064151267214,10.048793276587842,5.801189576658092,3.4189839147895795,0.8054334000000002,0.7849700200000002,0.7511814,0.8486509183673482,0.420132894,0.261385,0.424926,BarcelonaCod,52.5,Cod,41.3825802,2.177073,80588.23529411765,2.0,0.0,0.0,40294.117647058825,3.960813169597578
1694,-1.1130165338286104,Barcelona,-0.18216885198743826,-0.37970466910799,-0.1191961068678376,6,2.25,41.75,-2.106678220079044,-0.3038640205925833,-0.5760875744180972,21.847310773878082,11.795356045188605,1.6265455712282688,2.8157997993266033,-0.045658266666666586,-0.04345797999999981,0.04504473333333341,0.06536520408163425,-1.674852788,0.599743,0.765101,BarcelonaCod,50.83,Cod,41.3825802,2.177073,80588.23529411765,2.0,0.0,0.0,40294.117647058825,3.928486731458811
1695,-0.5513418492421085,Barcelona,-0.844827704749804,-0.8006518231018477,-0.7401444658815829,6,2.25,41.75,0.4767881826501158,-0.2937140749246883,0.823147895174609,22.645534297464234,7.6325696258672435,5.204168126922949,2.0336388982166613,1.7769600666666672,1.8770780200000001,1.7708780666666666,1.5214876530612258,-2.041568279,0.227544,-0.136875,BarcelonaCod,50.0,Cod,41.3825802,2.177073,85588.23529411765,3.0,1.0,6.0,28529.411764705885,3.912023005428146
1696,0.4661091149114866,Barcelona,-0.8115332567375102,0.47179902454110073,-0.4783479146911287,6,2.25,41.75,1.7464958429683586,-0.19874981849032197,-0.6891345751927703,8.356525281214067,5.588867245367273,7.667890106351887,2.63940820366513,-0.2965782666666665,-0.37500397999999985,-0.3199419333333334,-0.08051234693877399,1.906401767,0.169716,0.216441,BarcelonaCod,51.67,Cod,41.3825802,2.177073,91188.23529411765,4.0,1.0,2.0,22797.058823529413,3.9448773422990935
1697,-0.5824806993886257,Barcelona,-1.1953897568500027,-0.7985418044048344,-0.31976869558935056,6,2.25,41.75,-0.46124074191152503,-0.5852109090907814,-1.0108672373720973,15.284327118492518,16.344447212551678,2.6822319821220098,1.411463355786076,-0.42677659999999984,-0.39325797999999973,-0.2759619333333333,-0.3790429591836718,-0.003707393,-0.0269484,0.339377,BarcelonaCod,56.97,Cod,41.3825802,2.177073,91188.23529411765,4.0,0.0,0.0,22797.058823529413,4.042524813492304
1698,-0.5839192265503239,Barcelona,-1.590469400275867,-0.9045287893723457,-0.29024105942231443,6,2.25,41.75,0.9060702963767597,-0.18711384999796474,-0.7828484223477228,16.721281780491587,19.63479460941927,1.8961447180686366,3.757267147886611,0.10206840000000016,0.13079802000000024,0.0962247333333334,0.007855000000001635,-2.423745178,0.249314,-0.0478581,BarcelonaCod,50.02,Cod,41.3825802,2.177073,27588.235294117647,3.0,1.0,1.0,9196.078431372549,3.912422925449473
1699,0.053058846348248596,Barcelona,-0.691723241483629,0.30665667076778497,-0.3993273439698394,6,2.25,41.75,1.105595785855341,-0.09233254592301006,-0.9404168259738539,5.819349884392467,7.699921015657095,7.72851221323567,1.7188360195917682,0.18324840000000017,0.1658600200000003,0.13187139999999997,0.1647121428571443,-3.702363235,0.723668,0.859226,BarcelonaCod,30.0,Cod,41.3825802,2.177073,27588.235294117647,4.0,2.0,3.0,6897.058823529412,3.4011973816621555
1700,-0.5162909069363387,Barcelona,-1.0634882190814812,0.0026137939496990864,-0.21078163963062155,6,2.25,41.75,0.8896591089304696,-0.2855754413049023,-0.217315696747592,4.401643859432133,9.161803323895155,5.386875920181827,4.305468197276891,0.09355006666666689,0.08534202000000024,0.08912473333333325,0.118630510204083,-1.606769315,0.330346,0.29928,BarcelonaCod,25.83,Cod,41.3825802,2.177073,41363.63636363636,4.0,2.0,29.0,10340.90909090909,3.251536607107749
1701,0.5374565535288868,Barcelona,-0.9562236518338129,-0.25960757684125213,-0.507633947498929,6,2.25,41.75,1.4554132024736324,-0.3434575810007384,-0.7356223723913848,5.486707851016155,5.948990028460538,5.844818212023565,2.510418408338562,0.11861673333333347,0.12898202000000022,0.1298680666666667,0.11573255102040947,-0.222015937,1.22309,0.420721,BarcelonaCod,27.5,Cod,41.3825802,2.177073,122435.06493506493,4.0,2.0,17.0,30608.766233766233,3.3141860046725258
1702,0.8691160078640873,Barcelona,-0.8472091689229811,0.30284025174425355,-0.3638780873857036,6,2.25,41.75,0.8050119315759201,0.002497941110904435,-0.8079968001478522,12.124551006143944,15.602965244147137,6.436048608867453,2.017801078888865,0.12368673333333352,0.12897002000000027,0.12450806666666665,0.11486520408163416,-0.509720905,0.205248,-0.615973,BarcelonaCod,46.25,Cod,41.3825802,2.177073,123235.06493506493,5.0,1.0,5.0,24647.012987012986,3.834061463958434
1703,-0.033849245835326704,Barcelona,-0.9003579232188359,-0.372225206753793,0.16223753300707144,6,2.25,41.75,0.6668124583440025,-0.2173616361733478,-0.5595057270735867,15.452447782462244,8.720974945348939,2.7621285543674308,3.026976013772555,-0.22303493333333313,-0.2344339799999997,-0.20847193333333328,-0.1806552040816312,-2.634760102,0.138811,0.202666,BarcelonaCod,50.0,Cod,41.3825802,2.177073,128035.06493506493,6.0,1.0,9.0,21339.177489177488,3.912023005428146
1704,-0.6683186677080108,Barcelona,0.196977348821201,-0.4988497609086991,-0.09729329513049761,6,2.25,41.75,-0.7134547805597746,0.2376513788600406,-0.691558535968835,10.513332757639478,14.28235346357652,4.089870244665569,2.0624455885497235,-0.7800599333333332,-0.7975379799999999,-0.7335086000000001,-0.7014715306122432,1.765555726,0.185523,0.105612,BarcelonaCod,51.25,Cod,41.3825802,2.177073,128035.06493506493,5.0,0.0,0.0,25607.012987012986,3.9367156180185177
1705,0.9225344860027604,Barcelona,-0.0811079331245938,-0.07208226500378753,-0.7015968378420296,6,2.25,41.75,0.47246944911161837,0.1407359570478448,-0.5577033138990679,14.41845013764891,7.425901991705463,7.267482112955301,3.0742055624571094,-0.7266849333333333,-0.7288479799999998,-0.6978252666666669,-0.7222776530612233,-0.189651672,0.933562,0.785918,BarcelonaCod,48.9,Cod,41.3825802,2.177073,128035.06493506493,8.0,3.0,20.0,16004.383116883117,3.8897773964808264
1706,0.17858788422058872,Barcelona,0.6257461580781175,-0.34355876391829454,-0.03277290951875882,6,2.25,41.75,-1.2196103512716727,-0.32913677694513416,-0.6612713685326685,14.577243939860042,8.814348825742577,4.044401884541526,1.7717952570484659,-0.01589326666666647,-0.011747979999999856,-0.0633786000000001,-0.09924704081632521,1.623314574,0.581229,0.290916,BarcelonaCod,66.5,Cod,41.3825802,2.177073,128035.06493506493,8.0,0.0,0.0,16004.383116883117,4.197201947661808
1707,1.224826934622316,Barcelona,-0.11837587384572473,-0.06846796239926821,-0.07567021016111074,6,2.25,41.75,0.4733331958193178,-0.5013721066033389,0.225826522353635,12.259123426060517,2.9074073637531934,5.42515076681828,2.8556120803067677,-0.3109799333333331,-0.3474199799999998,-0.35712193333333325,-0.26347153061224343,-0.184869195,0.0804694,0.178386,BarcelonaCod,60.0,Cod,41.3825802,2.177073,141485.06493506493,6.0,1.0,2.0,23580.844155844155,4.0943445622221
1708,0.42204106332385205,Barcelona,-0.6445413048813429,-0.29317255339351367,-0.3798365345913126,6,2.25,41.75,1.5720190080130627,-0.250705937787668,-0.11791402823680748,17.282313012007045,8.465267584461635,10.360133093761345,4.712298417203722,0.1107117333333335,0.12325602000000026,0.10858473333333336,0.07769173469387909,1.279126263,-0.178762,-0.0558336,BarcelonaCod,63.75,Cod,41.3825802,2.177073,141485.06493506493,6.0,0.0,0.0,23580.844155844155,4.154969184038536
1709,-1.4634382418154732,Barcelona,-0.840735796695339,-1.091914015819243,-0.15639409082105998,6,2.25,41.75,1.202335417117683,-0.002519546421052289,0.29498905273251996,19.1691720410406,10.44196609330401,3.560433631281057,4.582996297980219,0.10044673333333345,0.09657802000000024,0.07443806666666664,0.0955794897959199,-0.294012792,-0.396237,-0.0100813,BarcelonaCod,60.0,Cod,41.3825802,2.177073,127235.06493506493,7.0,2.0,23.0,18176.43784786642,4.0943445622221
1710,0.11307349781373328,Barcelona,-0.3162413377591327,-0.09550388652262796,-0.08823739473192216,6,2.25,41.75,-0.2470315584020527,-0.04646639300131722,-0.38163430532849907,14.050313856080635,12.793798126290685,1.9746788713575836,2.559147130881394,0.8076784000000001,0.8340440200000002,0.7766447333333334,0.7166713265306137,1.719064611,-0.20029,-1.16209,BarcelonaCod,43.0,Cod,41.3825802,2.177073,127235.06493506493,8.0,1.0,2.0,15904.383116883117,3.7612001156935624
1711,0.04744508181479198,Barcelona,-0.22456812435243192,-0.00302093045853192,0.16602348536110603,6,2.25,41.75,0.9242089772384491,-0.21807341316005188,0.9998513115625062,7.467103818540621,6.803361871771112,4.521570029874178,2.73492677927789,0.01271673333333353,-0.014005979999999838,0.005984733333333215,0.10104887755102175,-3.69458061,-0.0383654,-0.233402,BarcelonaCod,45.31,Cod,41.3825802,2.177073,129235.06493506493,9.0,1.0,1.0,14359.451659451659,3.813527758679047
1712,-0.020174466292109738,Barcelona,-0.039340209269614006,-0.08099753852994891,-0.1244170651315348,6,2.25,41.75,-0.233211611078861,1.0066597654086662,-0.4957647537935203,8.860884224022058,2.6336131316108253,3.5023129616841446,3.6321227201135895,0.5749550666666668,0.6171280200000003,0.6106747333333333,0.5072121428571443,-0.453219556,0.014745,-0.41923,BarcelonaCod,52.5,Cod,41.3825802,2.177073,122435.06493506493,6.0,1.0,1.0,20405.844155844155,3.960813169597578
1713,0.6478459701750612,Barcelona,-1.7218578048800024,0.5724240341866116,-0.4537822752629466,6,2.25,41.75,1.3344886633957043,0.926629191991107,0.05928576183370077,11.331784696114193,4.116917773716693,7.128232446654505,5.461763690525851,0.06891340000000017,0.05654802000000022,0.0612813999999999,0.10807948979591996,-1.722910087,-0.264324,0.411527,BarcelonaCod,59.56,Cod,41.3825802,2.177073,122435.06493506493,5.0,0.0,0.0,24487.012987012986,4.086984207815808
1714,-0.4993355837438829,Barcelona,-1.374677168760503,0.38308342794094935,-0.29723712299078153,6,2.25,41.75,2.6776147938684036,0.15840200560123927,0.41788033334014413,4.6193991477681955,20.192922720755476,1.1105426241360334,2.4869892402038087,-0.09920993333333325,-0.09481597999999986,-0.05727526666666666,-0.07400214285714135,-1.93168639,0.183938,0.264389,BarcelonaCod,71.38,Cod,41.3825802,2.177073,131435.06493506493,7.0,2.0,6.0,18776.43784786642,4.268017718062014
1715,-0.893456940020872,Barcelona,-0.2677436750943176,0.024583117081226295,-0.07239368234166665,6,2.25,41.75,-0.7963744644989252,-0.2054242346663259,-2.251163325854333,6.942552711269346,7.9562844414843035,2.134819428921825,4.790580782375626,-0.6806632666666665,-0.6968759799999998,-0.6415586,-0.6088898979591822,1.540699062,-0.510178,-0.380715,BarcelonaCod,50.84,Cod,41.3825802,2.177073,48196.969696969696,9.0,4.0,16.0,5355.218855218855,3.928683446321253
1716,-0.6407849069728228,Barcelona,-0.8049283119036151,-0.22894831621165787,-0.21041191442099114,6,2.25,41.75,-2.4098533144815635,-0.5504424428401808,-0.0451100826281868,15.949754831790207,-3.578227404569315,2.4490625004690565,0.9658394976361734,-0.7290149333333332,-0.7338159799999998,-0.6945019333333333,-0.7121245918367333,-3.149660084,-1.04314,-0.67571,BarcelonaCod,50.0,Cod,41.3825802,2.177073,57696.969696969696,10.0,2.0,5.0,5769.69696969697,3.912023005428146
1717,-0.39763873061748284,Barcelona,0.10463969375292309,0.1608436940292873,-0.1454556132008901,6,2.25,41.75,0.30144760098712026,0.05662050891105328,0.14476828899957225,0.053010995753407876,-5.549772606841424,7.360498693556809,3.078919135222119,-0.28686326666666645,-0.2896359799999998,-0.3145486,-0.3343286734693864,-0.867230737,-1.1155,-0.974807,BarcelonaCod,43.12,Cod,41.3825802,2.177073,64284.469696969696,11.0,2.0,5.0,5844.042699724518,3.7639869266007415
1718,-1.0255821512200238,Barcelona,1.3108512974672262,0.005434256485062429,0.013053846238728664,6,2.25,41.75,-2.0678096182325674,-0.9814076384005495,-0.8372852967728267,12.741667404992816,5.536789168707178,5.741187238071279,2.754500654410487,0.38080840000000016,0.3809620200000002,0.3100547333333333,0.30474275510204213,1.961015518,-0.379794,-0.200809,BarcelonaCod,44.78,Cod,41.3825802,2.177073,61451.13636363636,9.0,1.0,1.0,6827.90404040404,3.8017616111706087
1719,0.23003277326546856,Barcelona,0.5354807715583226,0.26487037960768245,-0.17504043477557613,6,2.25,41.75,-2.1092694602021425,-0.9282642794946673,-0.30205782247828417,17.21620511026512,2.408974555562235,7.1024280767754195,0.11276630774763471,0.6132667333333335,0.6104480200000003,0.5560747333333333,0.5874264285714301,0.231280521,-0.306846,-0.499665,BarcelonaCod,50.5,Cod,41.3825802,2.177073,43951.13636363636,8.0,2.0,4.0,5493.892045454545,3.9219733362813143
1720,0.5011951432455904,Barcelona,0.6082470014464831,0.34265700200335125,-0.17181144911116714,6,2.25,41.75,-2.0963132595866503,-0.13959509053020425,1.128479127343846,7.643024760938608,0.4336309116585625,7.353146753075707,3.7113677815963,0.47900006666666683,0.48491002000000016,0.47743473333333336,0.4938141836734708,0.956734805,0.109869,-0.178693,BarcelonaCod,52.0,Cod,41.3825802,2.177073,43451.13636363636,6.0,1.0,2.0,7241.85606060606,3.9512437185814275
1723,-0.7795501490342036,Barcelona,-0.149644103721724,0.3200305078890427,-0.05073199063026062,6,2.25,41.75,1.1980166835791857,0.880081090930886,0.627297457821412,9.265143884995004,5.578444147032744,5.639878993507837,0.06237330671265158,1.0938334,1.11588602,1.0508980666666665,1.0123652040816342,-4.956858342,0.452965,0.480528,BarcelonaCod,35.0,Cod,41.3825802,2.177073,2000.0,2.0,0.0,0.0,1000.0,3.5553480614894135
1724,0.8947638945763172,Barcelona,0.7609435896332741,0.6046342789963982,-0.28834198823128393,6,2.25,41.75,-2.8555466156544975,0.5046075378642924,-1.1279744746323919,16.57435711285549,-3.4214420416081284,10.543223631587095,0.4631114845522195,0.1364900666666668,0.11464202000000018,0.15657806666666663,0.24450806122449129,1.71847572,0.0547503,-0.180457,BarcelonaCod,30.25,Cod,41.3825802,2.177073,0.0,1.0,0.0,0.0,0.0,3.4094961844768505
1726,-1.0444058054212704,Barcelona,-0.29672254162151657,-0.6358135480513678,0.28291989391919004,6,2.25,41.75,-0.8119219052375158,-0.21277536386987128,0.6593633913755317,5.81913712488704,12.74098221478423,4.106458973650291,-0.12853943034569174,-0.28181659999999986,-0.24658997999999982,-0.23814193333333336,-0.3665225510204065,-2.233127217,0.518359,-0.742788,BarcelonaCod,32.5,Cod,41.3825802,2.177073,0.0,0.0,0.0,0.0,0.0,3.481240089335692
1727,0.13130946104038377,Barcelona,-0.08033165474770171,0.3193840592601723,0.041666725135216964,6,2.25,41.75,0.009501213784694335,0.6751843671729084,0.506350190052665,18.586425788410754,3.8391968709449587,6.628180247178173,3.6835004994337126,0.5032967333333336,0.5040080200000002,0.41303140000000005,0.3912325510204096,-2.231793338,-0.206899,-0.710125,BarcelonaCod,42.5,Cod,41.3825802,2.177073,0.0,2.0,2.0,2.0,0.0,3.7495040759303713
1728,0.05750600043959623,Barcelona,0.475003423094182,-0.34702194131403935,-0.07798935238161354,6,2.25,41.75,-0.8050119315759201,0.027087690970730292,-0.2667465894503915,12.293695151747263,12.260570182227692,3.9911475590820262,2.866657378832114,-0.6522765999999998,-0.7142939799999997,-0.6629352666666667,-0.49147153061224313,1.856624179,-0.430913,-0.492281,BarcelonaCod,52.0,Cod,41.3825802,2.177073,0.0,0.0,0.0,0.0,0.0,3.9512437185814275
1729,-0.5913223785288199,Barcelona,0.07627263984480008,-0.6606752844456109,-0.2630129745313992,6,2.25,41.75,-1.185924229671393,0.38553841061097616,0.31997738313255386,4.760373663821789,-1.6734732721007437,-0.351338331877171,0.6171757126059604,-0.4275932666666664,-0.4032599799999998,-0.3567486000000001,-0.42790010204081497,-0.573970449,-1.21809,-0.760171,BarcelonaCod,37.5,Cod,41.3825802,2.177073,0.0,1.0,1.0,17.0,0.0,3.624340932976365
1730,-0.42757588429355703,Barcelona,0.19785888528309536,-0.10573293197263241,-0.06362609372865999,6,2.25,41.75,0.8153768920683139,0.21369855881459512,-0.22531965269888596,-0.4230804074776809,-0.14867773142722718,2.7168498456721544,4.24616871353207,0.1061667333333335,0.11832002000000019,0.06643806666666659,0.024161122448981037,-3.762188085,-1.08449,-1.18953,BarcelonaCod,43.56,Cod,41.3825802,2.177073,0.0,2.0,1.0,2.0,0.0,3.77413929806476
1731,-1.0327835585355984,Barcelona,-0.28388105525123447,-0.5678730823014069,-0.4839870014317713,6,2.25,41.75,-0.9561676054233299,-0.011735451359136182,1.3084415774158193,10.277629782106779,5.136330127673331,4.423651801193415,1.8100200415051817,-0.032646599999999845,-0.05824397999999985,-0.07378193333333338,-0.01220622448979433,-2.242799649,-0.257217,-1.10569,BarcelonaCod,32.5,Cod,41.3825802,2.177073,0.0,3.0,1.0,1.0,0.0,3.481240089335692
1732,-0.345860524303429,Barcelona,-0.7167351939323033,-0.4435299683517354,-0.10075850076688266,6,2.25,41.75,2.042760963709282,0.588587129031624,0.7885663700243509,10.7040242237916,17.646939582240442,4.249188032184531,3.830951017598,0.4054084000000001,0.4206140200000002,0.3944813999999999,0.3630998979591849,0.034932014,-0.489,-0.966742,BarcelonaCod,31.25,Cod,41.3825802,2.177073,0.0,1.0,0.0,0.0,0.0,3.4420193761824107
1735,0.6648012933675168,Barcelona,-1.065317078308396,0.4981630551247708,-0.08825662238751653,6,2.25,41.75,2.321751150296216,0.8312549033604248,1.0744713669739623,8.06935822059958,11.352777546080882,7.837333349816158,3.6408829043002444,0.24250340000000012,0.21804802000000018,0.1387013999999999,0.2007121428571443,-3.672193157,-0.508593,0.79585,BarcelonaCod,27.5,Cod,41.3825802,2.177073,28333.333333333332,4.0,1.0,1.0,7083.333333333333,3.3141860046725258
1736,0.3371855037978219,Barcelona,-0.29476210978834855,0.22514095839716852,-0.0947965385184245,6,2.25,41.75,1.6177975835211356,0.2432063244903443,0.894821742924417,27.24942232867755,16.280817600143354,8.280484010612518,2.2667043066282364,0.3373684000000001,0.32932802000000017,0.3149313999999999,0.3445386734693893,-2.84722466,-0.871766,-0.286241,BarcelonaCod,34.12,Cod,41.3825802,2.177073,50000.0,2.0,1.0,4.0,25000.0,3.5298837226234783
1740,-0.7800413534308812,Barcelona,-0.9639272279299196,-0.8516944100719493,-0.8523144815640901,6,2.25,41.75,-0.8179681321914123,-0.7173092461019213,0.28485425891042226,22.3138903365449,7.799578331333017,5.508233143828309,1.803652067763158,0.26364006666666673,0.2735440200000003,0.27287473333333334,0.2520386734693893,-2.974397837,-0.967676,-0.619613,BarcelonaCod,38.75,Cod,41.3825802,2.177073,44496.666666666664,4.0,3.0,13.0,11124.166666666666,3.657130755799356
1741,0.06831249716650027,Barcelona,-0.12143493694110445,0.2783513519627498,-0.74558668288751,6,2.25,41.75,0.4534670215422297,-0.7228106279265648,0.2602438122491157,6.947797842898353,0.06301355104083525,4.117966336079449,0.6781992104892995,0.48143006666666677,0.49599002000000025,0.4740147333333333,0.44401826530612404,-4.029758764,-0.0922972,0.353436,BarcelonaCod,28.0,Cod,41.3825802,2.177073,47830.0,4.0,1.0,3.0,11957.5,3.332204510175204
1744,-1.326208013493709,Barcelona,-0.14524300004256482,-0.4641811015986074,-0.21513585193923507,6,2.25,41.75,0.06564474978516086,-0.47169683145530483,1.1344948368942,6.721363457412575,11.409590114617512,-0.6754520928799747,2.3196397569345253,0.1578084000000002,0.16149402000000027,0.11219140000000005,0.09017132653061377,-0.285092007,-0.070602,0.600982,BarcelonaCod,35.0,Cod,41.3825802,2.177073,50596.666666666664,3.0,1.0,2.0,16865.555555555555,3.5553480614894135
1745,-0.34572895169717616,Barcelona,0.04759639031198279,-0.4491176016953448,-0.247821171464575,6,2.25,41.75,-0.9449388982232367,-0.5276145332906271,0.43962161069302075,7.185020625980968,2.1764879265397923,3.2621040038834637,2.421106942132403,0.6067250666666668,0.6074680200000002,0.5496947333333334,0.5524672448979606,-0.480550127,-0.477895,-0.182705,BarcelonaCod,43.33,Cod,41.3825802,2.177073,51846.666666666664,4.0,1.0,2.0,12961.666666666666,3.768845235751818
1746,-0.08251356713472884,Barcelona,-0.44331416087817344,0.5425848727669883,-0.2931709697556172,6,2.25,41.75,-1.1263257068401284,-1.0774944697678477,1.1455867999190685,11.247328658552357,13.68838543866856,6.428094713361498,1.47446565209292,0.8691734000000002,0.8811780200000003,0.8325747333333333,0.8334264285714299,3.821283269,0.875006,0.431728,BarcelonaCod,42.5,Cod,41.3825802,2.177073,37946.666666666664,2.0,0.0,0.0,18973.333333333332,3.7495040759303713
1748,-0.6240927289928729,Barcelona,-0.05593809354841602,-0.03050725915407999,-0.14932531003331762,6,2.25,41.75,-0.5355229587736807,-0.6586151027906365,0.5934418332913405,5.776237965054766,2.183416199082067,1.66085542780338,2.887976636881316,-0.5918499333333331,-0.6373919799999999,-0.5220552666666667,-0.36868581632652925,0.564548772,-0.766917,-0.954901,BarcelonaCod,41.5,Cod,41.3825802,2.177073,36696.666666666664,1.0,0.0,0.0,36696.666666666664,3.7256934272366524
1749,0.4190587509154533,Barcelona,-0.720938938702083,0.28202366699943304,-0.20497612347575864,6,2.25,41.75,2.849500388700601,-0.08529108821858823,0.9274375180024285,2.432312402556926,8.834769688676028,6.371148132566942,1.8136829288329088,0.7189367333333334,0.8063580200000002,0.8014947333333333,0.5562121428571444,-1.633543135,0.803211,0.219042,BarcelonaCod,31.25,Cod,41.3825802,2.177073,0.0,0.0,0.0,0.0,0.0,3.4420193761824107
1750,0.22728729154832497,Barcelona,-0.39398101216365256,0.22371711997145802,0.000975125877300177,6,2.25,41.75,1.3526273442573935,-0.25036735800942184,-0.3592718819111265,0.045856449199899764,0.8980898879689914,4.609364555188424,3.8964905994540633,-0.7920599333333331,-0.8566099799999998,-0.8104986000000001,-0.6406654081632637,-0.370073206,0.276164,0.274324,BarcelonaCod,40.0,Cod,41.3825802,2.177073,0.0,0.0,0.0,0.0,0.0,3.6888794541139363
1751,-0.13410757180002855,Barcelona,-0.9893404768276651,-0.3523908602981894,-0.2101165744637541,6,2.25,41.75,-1.5089654983510004,0.3953899063515142,-0.39206047864797106,13.874268916900823,3.366522345563313,7.928698950739065,6.170570200101766,0.7310167333333334,0.7933780200000002,0.7562080666666667,0.5658958163265321,2.461963576,-0.0892548,-0.0775879,BarcelonaCod,38.75,Cod,41.3825802,2.177073,0.0,1.0,1.0,3.0,0.0,3.657130755799356
1752,0.10590717652649258,Barcelona,-0.765943348670884,0.17726364574285683,0.031456286830434846,6,2.25,41.75,-0.6538562577285102,0.06739345970348194,0.056063379710645116,4.017087151575601,3.5007080801606065,7.172727632775955,2.4265884584216626,-1.1037832666666665,-1.1853299799999997,-1.1217819333333334,-0.8926041836734678,0.258879762,-0.641224,-0.761348,BarcelonaCod,39.5,Cod,41.3825802,2.177073,0.0,1.0,0.0,0.0,0.0,3.676300671907076
1753,-0.27175006095471815,Barcelona,-0.14942043029109403,-0.2801845791530162,-0.04448786929975672,6,2.25,41.75,0.09414839113924386,0.25426588237453607,0.3811413026978681,3.8365891694987675,-5.6487002980111765,4.07699805234495,3.1242905521557596,-0.2017515999999999,-0.1562599799999998,-0.1255986,-0.2779409183673454,-2.478273591,-0.227102,-1.3147,BarcelonaCod,50.0,Cod,41.3825802,2.177073,0.0,1.0,0.0,0.0,0.0,3.912023005428146
1754,-0.5151155249871462,Barcelona,-0.3200569433404665,-0.2601178431329527,-0.03140639675989128,6,2.25,41.75,0.9976274473929052,0.422373389240823,0.6999599545779805,3.178681894897675,-7.525177423337768,2.259922326505366,2.8904010367140924,-0.9689949333333332,-1.0170119799999997,-0.9992152666666667,-0.8863388775510189,0.372650143,0.232191,0.172946,BarcelonaCod,40.0,Cod,41.3825802,2.177073,0.0,1.0,1.0,2.0,0.0,3.6888794541139363
1755,-0.835521135734183,Barcelona,0.39312579022300864,-0.6727452671973675,0.2849068088869387,6,2.25,41.75,0.7290022212983653,-0.1805501905803662,-0.38480315209679233,9.831890487301145,1.0805984770161485,-0.30398598253845466,2.6853102164074696,0.7339567333333334,0.7805240200000003,0.6937913999999998,0.5443856122448996,1.316367964,-0.284954,-0.336988,BarcelonaCod,43.33,Cod,41.3825802,2.177073,0.0,3.0,2.0,15.0,0.0,3.768845235751818
1756,-0.04632232890810065,Barcelona,-0.676493712309857,0.5438549711219319,-0.1524648709008767,6,2.25,41.75,-1.0002186875160035,-0.17330746942722294,-0.5617418366505339,8.593207357018555,-4.827231686805679,4.690257623044496,4.310711594369174,0.09379340000000021,0.04509402000000022,0.0055013999999999185,0.16157948979591988,0.771653838,0.288787,0.47378,BarcelonaCod,42.5,Cod,41.3825802,2.177073,123500.0,2.0,1.0,8.0,61750.0,3.7495040759303713
1759,0.12487117484107572,Barcelona,-0.5321059342079361,0.3094202465273322,-0.10962678602393748,6,2.25,41.75,2.6698410734991085,-0.09691495474791106,-0.4596113509858346,18.488840998692393,9.088042262857504,1.3089519873144229,2.048461627684163,0.7178934000000002,0.7520980200000001,0.6612780666666666,0.5518345918367362,-0.719379484,0.338791,0.21922,BarcelonaCod,47.5,Cod,41.3825802,2.177073,123500.0,2.0,0.0,0.0,61750.0,3.8607297110405954
1760,-0.022876090473835726,Barcelona,-0.46556966722584975,-0.397748572934042,-0.00505806077951169,6,2.25,41.75,0.0630535096620624,-0.5270968271119402,-0.0358345057183107,8.602454264568108,8.888510001908054,6.22182081426375,0.3719195258676407,0.28495173333333346,0.24685802000000018,0.21385473333333332,0.33177336734694013,0.244933785,0.054088,-0.8341,BarcelonaCod,35.0,Cod,41.3825802,2.177073,123500.0,2.0,0.0,0.0,61750.0,3.5553480614894135
1761,-0.6606435990099255,Barcelona,-1.2662876557293723,-0.29469505869484197,0.1523962347990431,6,2.25,41.75,1.3327611699803052,-0.2850374101469288,0.8664423430082793,12.045410568327563,25.326136365276174,-1.1913877823536843,3.2889259206414687,0.5389067333333334,0.5632280200000003,0.5626014,0.5214672448979607,-0.372243633,0.53333,0.390627,BarcelonaCod,37.01,Cod,41.3825802,2.177073,123500.0,2.0,0.0,0.0,61750.0,3.6111881463980646
1764,1.0232927878712235,Barcelona,0.023110728288320073,0.7667526777653962,-0.16673803172362525,6,2.25,41.75,0.9121165233306562,-0.5409899121132706,1.2235770792991265,6.642222342018151,0.980513953677846,5.214104945139484,2.053157225044863,0.3474817333333335,0.4104920200000001,0.37084139999999993,0.1690284693877565,-0.817881875,0.0512801,-0.676413,BarcelonaCod,45.0,Cod,41.3825802,2.177073,0.0,2.0,1.0,1.0,0.0,3.8066624897703196
1765,-0.3714733249873248,Barcelona,-0.9969256375781443,-0.10288369194918756,-0.29759593846045423,6,2.25,41.75,2.328661123957812,0.05570145769669772,-0.2008868762663918,14.262227744110056,9.16164680336728,1.5999073520455043,-0.3897888786145505,0.4435950666666669,0.4167740200000003,0.3313247333333333,0.4063039795918383,0.633055133,-0.156224,-1.10606,BarcelonaCod,46.25,Cod,41.3825802,2.177073,0.0,1.0,0.0,0.0,0.0,3.834061463958434
1766,-1.6085189689769928,Barcelona,-0.595444986858077,-0.624460943942187,0.14590105598042571,6,2.25,41.75,-0.4336008472651415,-0.09041612590828203,-0.40199756036386697,-2.088450354370542,7.87875335739105,-2.672761312513553,4.096574154890431,1.1702200666666667,1.19292802,1.1278980666666667,1.0927019387755113,-1.15039804,0.349358,-1.39845,BarcelonaCod,46.0,Cod,41.3825802,2.177073,0.0,3.0,2.0,4.0,0.0,3.828641396489095
1767,-0.24463733255953943,Barcelona,-0.8790300037452425,-0.6076229297060655,-0.5143213981249686,6,2.25,41.75,-1.2325665518871651,-0.24540306791282604,0.3107865191139648,16.1436641160674,-4.0177805124225365,3.2033063536507203,3.1177023987026504,-0.3730782666666666,-0.4116839799999998,-0.3369852666666667,-0.19038989795918215,-1.225977827,0.119711,-1.07157,BarcelonaCod,53.09,Cod,41.3825802,2.177073,0.0,2.0,0.0,0.0,0.0,3.97198858659558
1768,-0.25582977559811854,Barcelona,-0.5045875236101443,-0.3706812674401989,-0.33172068516861003,6,2.25,41.75,-1.9676150001394268,-0.21911144626482476,-0.7270350668327623,3.303379969997098,-4.405492714458152,4.0843250616490225,1.9166497620229335,-0.9726015999999996,-0.9586999799999999,-0.8330352666666667,-0.8862878571428559,2.791692231,-0.0777266,-1.09232,BarcelonaCod,43.33,Cod,41.3825802,2.177073,6530.0,7.0,5.0,23.0,932.8571428571429,3.768845235751818
1769,0.09224993999744267,Barcelona,-0.5172579655922974,0.292583515590977,-0.19082309881365647,6,2.25,41.75,-1.7404496160144625,0.12228749653249038,0.34982096202537677,2.0490461420828283,0.2114860557247824,5.170081656463496,3.6729447338922303,0.2613084000000002,0.3050460200000003,0.24372806666666672,0.09080397959183839,-1.786186346,-0.130771,-1.64541,BarcelonaCod,50.21,Cod,41.3825802,2.177073,6530.0,5.0,0.0,0.0,1306.0,3.916214210046614
1772,0.8536167548474968,Barcelona,-0.18322143283746134,0.03382941060703981,-0.45872211722722644,6,2.25,41.75,-0.9682600593311227,0.034273834455430315,0.1638859305869231,8.835409661137414,3.2632029799516156,4.522378441442857,1.9115545896572232,-0.2591649333333332,-0.28450797999999977,-0.19337193333333336,-0.07428785714285566,4.421142142,-0.809739,-2.01411,BarcelonaCod,43.33,Cod,41.3825802,2.177073,6300.0,4.0,1.0,1.0,1575.0,3.768845235751818
1773,0.20152537524400924,Barcelona,-1.1115187989940984,0.25401604615588186,-0.022742667579804202,6,2.25,41.75,-1.9762524672164217,-0.6128822677428197,0.16991641186633272,1.6820529346726882,8.719624320566579,4.109256309136911,4.2075687727156925,-0.7501232666666666,-0.7251319799999998,-0.6104252666666666,-0.6887572448979578,-1.611796697,-0.670151,-1.08456,BarcelonaCod,55.0,Cod,41.3825802,2.177073,6500.0,3.0,1.0,2.0,2166.6666666666665,4.007333185232471
1774,0.2923718741080877,Barcelona,-0.6023393914257285,-0.38485046990331445,0.23824834590311214,6,2.25,41.75,-0.6599024846824065,-0.43375654557741106,0.33443785703914797,6.481269437373765,8.340794618786182,1.0698712034079467,4.688837222227345,0.45852673333333355,0.5026080200000003,0.43539139999999993,0.28443663265306257,2.274086302,-0.449031,-0.710188,BarcelonaCod,58.2,Cod,41.3825802,2.177073,6500.0,4.0,1.0,2.0,1625.0,4.063885354737392
1775,0.589875079860038,Barcelona,-0.5432238194363052,0.19402707258908175,0.004972880436894646,6,2.25,41.75,0.375729817849276,-0.28737439191591907,-0.17277715390715231,6.8857489724215855,4.360014409388685,2.2632430525971805,0.17100527445437533,-0.6856232666666665,-0.7587919799999997,-0.7302619333333333,-0.5473694897959168,0.878226209,-0.576282,-1.67916,BarcelonaCod,47.5,Cod,41.3825802,2.177073,0.0,1.0,0.0,0.0,0.0,3.8607297110405954
1776,-0.05001513339026511,Barcelona,-0.7285504139738127,-0.33675472232055326,-0.1481351129448659,6,2.25,41.75,1.2705714070259426,0.1396612614536468,0.7430358321303272,-0.24953200459642014,-5.962191429687837,5.8802154632478,0.9019760348195209,-0.2001732666666665,-0.17744397999999983,-0.14981193333333342,-0.22324704081632496,-0.78571408,-0.174813,-0.911693,BarcelonaCod,45.0,Cod,41.3825802,2.177073,0.0,0.0,0.0,0.0,0.0,3.8066624897703196
1777,-1.1696366120527706,Barcelona,-0.6756845407814017,-0.4107118974676835,-0.3648471909850129,6,2.25,41.75,1.264525180072046,0.3842847220259558,-0.666883542631649,10.894174305087558,7.267940255330842,4.605112593614174,4.984369014600193,-0.20955659999999984,-0.21701597999999978,-0.23990193333333337,-0.21927765306122304,1.057089917,-0.461956,-0.766731,BarcelonaCod,45.0,Cod,41.3825802,2.177073,0.0,0.0,0.0,0.0,0.0,3.8066624897703196
1784,-1.4870248243630744,Barcelona,-0.17562969345666968,-0.9258068361157282,-0.4311872928256641,6,2.25,41.75,-2.933283819347451,-0.763104693373419,0.27488261228045513,9.979659078389497,-1.9586022203112352,5.599913942651305,2.989368614107727,0.32370340000000025,0.23833002000000028,0.19868806666666672,0.4701713265306137,4.424139289,-0.256196,-1.35941,BarcelonaCod,56.33,Cod,41.3825802,2.177073,1000.0,4.0,2.0,4.0,250.0,4.031227252906622
1785,-0.5435176649236033,Barcelona,-0.3000315926687767,-0.5680080174816591,-0.5085169217571786,6,2.25,41.75,-2.4945004918361127,-0.6233022145392383,0.18084912321373012,5.742256071054245,6.861295858436403,0.2169266266907491,-1.1257563715049523,-0.47659159999999984,-0.4697739799999998,-0.34254526666666674,-0.33591030612244777,1.026042557,-0.903391,-1.43298,BarcelonaCod,56.33,Cod,41.3825802,2.177073,1000.0,3.0,1.0,3.0,333.3333333333333,4.031227252906622
1786,0.22984857161671454,Barcelona,0.42691363550875083,-0.3545194570445894,-0.3748823026603567,6,2.25,41.75,-1.356946077795891,-0.3518277731444795,-0.0976207038973455,16.886019297293814,2.6238859906234664,5.41957975659441,2.3147567238278066,-0.1034049333333332,-0.058571979999999815,-0.048595266666666755,-0.17100214285714163,0.107410587,-1.16436,-1.50042,BarcelonaCod,56.33,Cod,41.3825802,2.177073,0.0,1.0,0.0,0.0,0.0,4.031227252906622
1787,-0.09382881127247729,Barcelona,-0.8121055975747103,0.20527179079567434,-0.4353864271251644,6,2.25,41.75,0.011228707200093304,-0.31091603116510874,0.7328328660372533,0.022591129523676996,11.621749815256258,1.3213618676040306,5.263105581022631,0.5071600666666668,0.5142880200000002,0.44580473333333337,0.4069060204081647,0.461622336,-0.0605792,-1.82953,BarcelonaCod,56.33,Cod,41.3825802,2.177073,31916.666666666668,2.0,1.0,6.0,15958.333333333334,4.031227252906622
1793,-0.16665863458699345,Barcelona,-0.7207350011623911,0.2080018590631453,-0.31983968627312226,6,2.25,41.75,1.2999387950877248,-0.5358969721121379,-0.11656440631365059,-0.8118516507601852,-0.4282005259578001,3.3184582252062036,0.6633561347128288,1.9582917333333338,1.9556360200000005,1.8763013999999998,1.9633243877551034,2.466149301,0.950785,0.522017,BarcelonaCod,75.0,Cod,41.3825802,2.177073,261110.4761904762,6.0,3.0,13.0,43518.4126984127,4.31748811353631
1798,-0.19419239532218147,Barcelona,0.010223191505849522,-0.18212017746528467,0.377239069080071,6,2.25,41.75,-0.5959852283126447,-0.20188455101935918,-0.3665580115057197,2.380789706974441,-2.069553168592858,0.822532188286329,0.7165898978420472,-0.4732099333333332,-0.4872419799999999,-0.4616919333333334,-0.4281347959183658,-0.89048033,-0.0930487,0.010972,BarcelonaCod,113.06,Cod,41.3825802,2.177073,308174.4761904762,6.0,1.0,5.0,51362.4126984127,4.727918651247145
1500,-0.5934912694778421,Bergen,0.3144621642428187,-0.5834294586441428,0.09511927213084587,3,5.75,59.75,-0.5685266300248272,-0.7212960747905117,-1.5841478344397173,12.723214450491703,11.486972125780925,3.423454242090361,1.530405032374305,-0.15503659999999986,-0.1625159799999998,-0.13941193333333346,-0.11759397959183532,0.902820899,0.143463,1.13431,BergenCod,313.0,Cod,60.3943055,5.3259192,28533.333333333332,9.0,3.0,8.0,3170.3703703703704,5.746203190540153
1501,0.8415298076196814,Bergen,-0.12191914959725227,0.4245532779980156,-0.055762120148231065,3,5.75,59.75,-0.3669516450971731,-0.37525003134016544,-0.3930212572800374,25.815339546623637,13.178163554168062,7.30808137153389,2.2341296365767267,-0.47998326666666646,-0.48515997999999977,-0.4374619333333334,-0.4283796938775495,-3.077853339,-0.599483,-0.479673,BergenCod,99.0,Cod,60.3943055,5.3259192,29233.333333333332,10.0,4.0,28.0,2923.333333333333,4.59511985013459
1502,-0.39351144499125706,Bergen,0.07399581260018201,-0.2296429507281909,-0.005292222817839968,3,5.75,59.75,-2.25991109862553,-0.456032011489104,-0.6171353319790184,7.7575986957159175,8.557929565083008,5.254800622217371,1.9735186730346514,0.12936673333333348,0.14872002000000026,0.12036806666666663,0.05569173469387874,0.244743395,-0.213222,0.0599184,BergenCod,99.0,Cod,60.3943055,5.3259192,32066.666666666664,11.0,2.0,4.0,2915.151515151515,4.59511985013459
1503,-0.467669353326896,Bergen,0.13262281195286468,-0.38755460569533745,-0.03872800417267792,3,5.75,59.75,-1.352113895377398,-0.8398783388309022,-0.14462525795209086,-1.7046117348225813,-1.174582558096751,4.07659427657758,3.4738911269439883,0.06338340000000012,0.045396020000000224,0.019038066666666537,0.06606928571428701,-2.057649767,-0.58143,-0.0461077,BergenCod,99.0,Cod,60.3943055,5.3259192,28733.333333333332,10.0,2.0,9.0,2873.333333333333,4.59511985013459
1504,0.09156449654316835,Bergen,0.60222128265888,-0.07732019690983417,0.016196902867204273,3,5.75,59.75,-0.992969732090803,-0.8442011599841958,0.4046766400492545,6.467769813380781,4.022919998303529,6.74238718387196,3.4689996153633214,0.37381673333333343,0.3842140200000002,0.3630880666666667,0.3433856122448993,-0.611973948,-0.622003,-0.645609,BergenCod,99.0,Cod,60.3943055,5.3259192,4533.333333333334,7.0,0.0,0.0,647.6190476190477,4.59511985013459
1505,0.4546589439667042,Bergen,0.1457418788939672,0.3627894469629121,-0.2126905655682648,3,5.75,59.75,0.10859497427440519,0.18732466858199776,-0.5885949200512093,14.51369236939256,5.725998329782422,6.359450872655395,4.293057060826501,-0.07281659999999983,-0.08424397999999984,-0.06831526666666678,-0.022093979591835414,-2.215751038,-0.385059,0.187286,BergenCod,99.0,Cod,60.3943055,5.3259192,1200.0,7.0,2.0,2.0,171.42857142857142,4.59511985013459
1506,0.6817782258755076,Bergen,0.37549922436553684,0.3079332758543404,-0.15304167178135356,3,5.75,59.75,-0.7218371819416344,0.26670224844887697,0.03881609587099142,15.427547924211582,7.0962120021183805,6.52022726942553,3.702005240415833,-0.5610899333333333,-0.5686119799999998,-0.5076152666666667,-0.4943184693877536,-1.532747851,-0.330529,0.0606492,BergenCod,99.0,Cod,60.3943055,5.3259192,3000.0,9.0,4.0,6.0,333.3333333333333,4.59511985013459
1507,0.15084522265313335,Bergen,-0.4075193665696454,0.12070757064689303,-0.05168947407272664,3,5.75,59.75,0.48832249869797884,1.2108266754058252,0.044647183797323166,10.06528156380925,5.909626957763265,6.6306195229584555,2.8588540697042957,0.13066006666666682,0.15687602000000017,0.1306980666666666,0.04330397959183823,-0.330155781,0.229714,-0.321967,BergenCod,99.0,Cod,60.3943055,5.3259192,3600.0,9.0,3.0,4.0,400.0,4.59511985013459
1508,-1.3511302995471957,Bergen,0.13542297125108776,-0.39420152736549424,-0.28665900167837094,3,5.75,59.75,-0.012066108252711687,0.319480956735225,-0.017326590365277443,5.427750278643045,-0.308468355047828,5.666115612824379,4.270606144450575,0.32778673333333347,0.3175640200000003,0.26630806666666657,0.293691734693879,-2.481220902,0.476179,0.968338,BergenCod,99.0,Cod,60.3943055,5.3259192,5733.333333333334,6.0,1.0,3.0,955.5555555555557,4.59511985013459
1509,-0.3526276942197451,Bergen,-0.12254437600544332,-0.32535945423416296,-0.2674854424195612,3,5.75,59.75,-0.8219149033317725,0.5181480724100913,0.2974919597362635,3.0669079602457785,6.054467526218002,2.707227989484224,3.478154420919609,-0.32638493333333324,-0.35337197999999986,-0.31284860000000003,-0.2325939795918354,-0.196707436,0.52842,0.586647,BergenCod,99.0,Cod,60.3943055,5.3259192,4333.333333333334,6.0,2.0,4.0,722.2222222222223,4.59511985013459
1510,0.3349361025213024,Bergen,-0.4730131687815202,-0.050444809890155644,-0.14530208116856402,3,5.75,59.75,1.0824008873756072,0.8247971096656982,-0.5291699039814893,14.020370204797828,6.496092642764429,4.033906232007276,3.152895093444983,-0.38413826666666656,-0.3732659799999998,-0.33341526666666665,-0.36647153061224325,-0.401114591,-0.261194,0.0629704,BergenCod,99.0,Cod,60.3943055,5.3259192,4333.333333333334,5.0,2.0,2.0,866.6666666666667,4.59511985013459
1511,-0.33695250221951395,Bergen,0.1983410544138337,-0.5459354177694768,-0.40294047945810385,3,5.75,59.75,-1.232872354997659,0.22411778472159716,-0.6016402589258072,20.85292929833516,4.569479769438664,4.983657915021553,4.124886067089575,1.1041134000000001,1.1547380200000001,1.0408680666666668,0.9029264285714301,0.979323606,0.80343,0.998086,BergenCod,99.0,Cod,60.3943055,5.3259192,5375.0,4.0,2.0,6.0,1343.75,4.59511985013459
1512,-1.1395508329804398,Bergen,0.002992536654589581,-0.5296088570327996,-0.015366485079211735,3,5.75,59.75,-0.05891099911618059,-0.40878816849756805,-0.7579632581616116,3.416585566962166,9.372036296721873,6.080401119359919,3.9713450999442452,-0.5314765999999999,-0.6089179799999997,-0.5625352666666666,-0.3376347959183658,0.715458876,0.181379,0.196449,BergenCod,99.0,Cod,60.3943055,5.3259192,9775.0,8.0,5.0,14.0,1221.875,4.59511985013459
1513,-0.8192425346302619,Bergen,0.2076820438285169,-0.707702584495999,-0.26368194141020307,3,5.75,59.75,-0.8226246744054615,-0.22612221265583365,-0.041810161124125396,15.081067017646,5.7726014625594315,5.216505677071998,3.5868688647969433,-0.31243326666666654,-0.27889197999999976,-0.20875193333333328,-0.30665520408163105,-2.809514715,0.185614,0.246433,BergenCod,99.0,Cod,60.3943055,5.3259192,19775.0,7.0,3.0,4.0,2825.0,4.59511985013459
1514,-1.137185304005859,Bergen,-0.2332575445943486,-0.728896750358846,-0.344842907724199,3,5.75,59.75,-1.5941458315053205,0.11995870331112227,0.07469039908859622,-2.1984688843599067,2.1179112700052025,3.389973227613923,2.8710659402300394,0.2613484000000001,0.2826560200000001,0.22621139999999987,0.1649570408163279,-0.4215496,0.484727,0.254751,BergenCod,99.0,Cod,60.3943055,5.3259192,10775.0,5.0,1.0,1.0,2155.0,4.59511985013459
1515,0.7746751137386956,Bergen,-0.27630197808134693,0.6559344645920296,-0.3309925518356834,3,5.75,59.75,-1.0582686708701838,0.0753238895548347,-1.046132062076625,16.49540428863717,8.959174876780306,7.251386214093012,3.8483757473113105,0.08990506666666681,0.06580402000000021,0.04863139999999992,0.10801826530612389,-0.227701333,0.395779,0.316102,BergenCod,99.0,Cod,60.3943055,5.3259192,8275.0,6.0,5.0,16.0,1379.1666666666667,4.59511985013459
1516,-0.0039187980000578255,Bergen,0.038416689303293755,0.02752597259207981,-0.028731212803614428,3,5.75,59.75,-0.5969174729723841,-0.654480670113631,-0.7311693697332542,14.08240203912913,1.049363057768048,5.423680599760406,0.2004881071690765,-0.5438599333333332,-0.5649799799999997,-0.5048219333333334,-0.44657357142857,0.080545355,0.182902,-0.042252,BergenCod,99.0,Cod,60.3943055,5.3259192,7275.0,8.0,4.0,6.0,909.375,4.59511985013459
1517,-1.4991041120293778,Bergen,-0.06806417744554913,-0.513135916776842,-0.22380671701997568,3,5.75,59.75,1.360631148261665,-1.4740320175935502,0.8194526733303377,-21.01607768998484,2.519176395959634,3.3645647102311527,3.7971706745249554,-0.4974649333333332,-0.4868859799999998,-0.4547286000000001,-0.4958082653061209,-1.678835456,-0.289481,0.047831,BergenCod,99.0,Cod,60.3943055,5.3259192,2200.0,5.0,0.0,0.0,440.0,4.59511985013459
1518,-0.3089152838009187,Bergen,0.15774408840505327,-0.08255646348383258,-0.1770481572339453,3,5.75,59.75,-0.24912964686481187,-0.8445149280748433,0.9173190534918533,19.12967895230273,8.055981593883008,3.8321308009549115,2.0086631058877784,0.23125006666666686,0.24523402000000022,0.18870473333333337,0.13419173469387896,-0.091068481,-0.136131,0.254382,BergenCod,99.0,Cod,60.3943055,5.3259192,2200.0,4.0,2.0,4.0,550.0,4.59511985013459
1519,-0.11604629641262026,Bergen,-0.22307757615328938,-0.2602042242779845,-0.32729403774644067,3,5.75,59.75,-2.407543481952826,-0.5188662823182252,0.40105831964051675,14.096307244468305,0.5838122257334255,5.374308370179719,4.666839116547857,0.19687006666666687,0.17511802000000026,0.1408114,0.20232438775510345,0.277732678,0.443957,0.297566,BergenCod,99.0,Cod,60.3943055,5.3259192,3400.0,9.0,6.0,17.0,377.77777777777777,4.59511985013459
1520,0.21238460142858626,Bergen,-0.4006044693713616,0.12285971108349383,-0.15670662901032795,3,5.75,59.75,-0.5791731961301609,-0.20567585599468818,0.3161458940459108,8.411966739120093,5.679195403245988,6.562316190648609,2.238079945497836,0.5186450666666667,0.5334340200000002,0.5085314000000001,0.48767132653061374,-1.860499453,0.427161,0.980838,BergenCod,99.0,Cod,60.3943055,5.3259192,2400.0,8.0,2.0,8.0,300.0,4.59511985013459
1521,0.47688921625794095,Bergen,-0.46482109968958124,0.2844244690654424,-0.11239960116721402,3,5.75,59.75,0.386115464086774,0.5889048226754061,-1.3959180572088625,16.14690673101227,0.7854305480030115,4.7661385852393225,2.681106696748122,-0.23443159999999982,-0.25172997999999985,-0.21420526666666678,-0.14855316326530477,0.596623356,0.288109,0.505441,BergenCod,99.0,Cod,60.3943055,5.3259192,15633.333333333332,10.0,4.0,13.0,1563.3333333333333,4.59511985013459
1522,-0.3052814892917743,Bergen,-0.09910640142146138,-0.18614394329274955,-0.25960351706900864,3,5.75,59.75,-0.3165578988652596,-0.322694722026859,-0.10781246309037777,21.12814932991368,1.9397381674883363,6.304348924718179,3.069127708186722,-0.5741515999999997,-0.5718259799999997,-0.5061919333333335,-0.5254103061224475,0.632770955,-0.366288,0.881716,BergenCod,99.0,Cod,60.3943055,5.3259192,70733.33333333333,13.0,5.0,11.0,5441.025641025641,4.59511985013459
1523,0.24126970523264854,Bergen,0.08700800323219206,-0.01447905693476071,-0.26358910480550624,3,5.75,59.75,-2.1165373417403677,-0.13469300170053314,-0.15319076377373808,6.632126874715574,7.832991944107297,5.189136533054837,4.144797235745215,-0.14822326666666646,-0.13570397999999978,-0.14785193333333344,-0.20465520408163126,-0.514698591,-0.0623587,0.583854,BergenCod,99.0,Cod,60.3943055,5.3259192,15733.333333333332,11.0,1.0,2.0,1430.3030303030303,4.59511985013459
1524,0.5572317003463984,Bergen,-0.3832050062511051,0.13914683544857756,-0.40202893416867347,3,5.75,59.75,0.44360692105557675,0.4750754740501036,-1.1367759719145272,19.255213279161435,1.4173484876793723,5.5187612056049105,0.888697183254536,0.012816733333333427,-0.0010799799999999067,-0.0328752666666668,-0.007542959183672127,2.45276074,-0.15987,0.531597,BergenCod,99.0,Cod,60.3943055,5.3259192,84533.33333333333,6.0,1.0,2.0,14088.888888888889,4.59511985013459
1525,-0.3751215947400768,Bergen,-0.31378884349553604,-0.11769994948236594,-0.21987517665155032,3,5.75,59.75,1.0518807312069836,-0.012962798021566977,0.38233469142782517,-9.77386667940063,9.894439186035592,4.756867398936177,3.949323399644893,0.2632684000000001,0.2633680200000002,0.23672473333333338,0.24240602040816472,-1.242001811,0.118286,0.966186,BergenCod,99.0,Cod,60.3943055,5.3259192,84533.33333333333,5.0,2.0,4.0,16906.666666666664,4.59511985013459
1526,-0.1741870085589321,Bergen,-0.4158236557861315,-0.07544403195529943,-0.1790423714759077,3,5.75,59.75,0.4705782218557558,0.6194041864494285,-1.1251334278375615,20.794389176427533,6.216518428180918,4.354936616818438,2.7864606779498673,1.3827784,1.4262300200000002,1.3213247333333333,1.2341815306122461,0.482735407,0.840192,1.56755,BergenCod,99.0,Cod,60.3943055,5.3259192,21650.0,9.0,7.0,19.0,2405.5555555555557,4.59511985013459
1527,-0.09680143568870013,Bergen,-0.04899744390344979,0.018730584361935497,-0.34671180152856995,3,5.75,59.75,-1.626795300895011,0.43122404258220765,-1.1196791146835559,4.054657484666444,9.980944930302442,4.436787394289392,4.569164703405352,0.6900117333333335,0.6714260200000003,0.6560380666666666,0.7534162244897974,-2.192696836,0.0183651,-0.0171766,BergenCod,99.0,Cod,60.3943055,5.3259192,16296.666666666668,11.0,5.0,25.0,1481.5151515151517,4.59511985013459
1528,-0.0579910853135824,Bergen,-0.3263574974448123,-0.11128101464690737,-0.2568014900043477,3,5.75,59.75,0.569946172172205,0.5198180460813486,-1.2479873899703366,7.487305809411164,6.572707770345681,5.122381594653006,4.745008921006145,-0.07185493333333322,-0.06370997999999985,0.023418066666666598,0.024650918367348437,2.739610504,-0.482475,0.199686,BergenCod,99.0,Cod,60.3943055,5.3259192,16296.666666666668,9.0,0.0,0.0,1810.7407407407409,4.59511985013459
1529,0.1279380670709774,Bergen,-0.3924658384339689,0.06471071770828564,-0.1252310715478251,3,5.75,59.75,-2.3748940125631357,0.5916916329851186,0.0019472858618366266,18.46532452330348,12.665860982427933,3.293610980391705,2.7760696159573355,-0.06406493333333317,-0.03485197999999979,-0.00010526666666670791,-0.08263479591836595,1.091738668,-0.117546,-0.219368,BergenCod,99.0,Cod,60.3943055,5.3259192,12630.0,8.0,3.0,7.0,1578.75,4.59511985013459
1530,1.1016524937762444,Bergen,-0.3577791323180029,0.6738025261689067,-0.24033919458377417,3,5.75,59.75,1.4046369548303783,-0.04479796887136633,-0.3408945588794987,19.313493614142207,6.72693699430531,8.075487112424456,2.1871238029062816,0.5065234000000002,0.5253320200000001,0.4783080666666667,0.41500806122449135,2.337307871,-0.471792,-0.991856,BergenCod,99.0,Cod,60.3943055,5.3259192,13230.0,6.0,1.0,2.0,2205.0,4.59511985013459
1531,0.8611736732308803,Bergen,-0.08399409131578398,0.517067476941395,-0.2770180686249592,3,5.75,59.75,-3.3813493950540283,-0.6105544859889357,0.13100719121515797,12.820599322716676,3.700150703169898,6.980857764049006,3.454998099443572,0.09781840000000011,0.07342802000000022,0.07391140000000003,0.14521214285714434,-0.662463483,-0.158193,-0.0933321,BergenCod,99.0,Cod,60.3943055,5.3259192,10680.0,8.0,4.0,11.0,1335.0,4.59511985013459
1532,1.0064827030730228,Bergen,-0.14031256239206896,0.4780240038379072,-0.15617345257625256,3,5.75,59.75,0.8382396380266178,-0.8028301134725212,0.5990904252429601,21.013024092802215,9.933407225063988,8.610199828437537,3.0892619609946554,-0.5450465999999998,-0.5564499799999998,-0.48520526666666663,-0.4510633673469372,-2.958004838,-1.1764,-0.518038,BergenCod,99.0,Cod,60.3943055,5.3259192,10100.0,9.0,4.0,8.0,1122.2222222222222,4.59511985013459
1533,-0.20082770987205223,Bergen,0.3403048557813816,0.3481402906071459,-0.08592317134738575,3,5.75,59.75,0.7303544348259015,-0.12152278239126234,-0.563358912295284,-4.7643821593322,2.9264435906372945,7.814629060088336,4.097962205529215,-0.4486832666666665,-0.4354439799999999,-0.40739860000000006,-0.45912459183673326,-0.18004547,-0.108316,-0.393698,BergenCod,99.0,Cod,60.3943055,5.3259192,10100.0,8.0,2.0,5.0,1262.5,4.59511985013459
1534,-0.80585449564461,Bergen,0.26152098453385625,-0.49528667477002764,0.06731789349059923,3,5.75,59.75,0.7182883265731899,0.03231476492759545,-0.5521882420787414,-8.585971142094573,7.420999049103397,3.4659152498477663,2.8615444633678377,0.1981167333333335,0.20696202000000027,0.1544647333333334,0.11148765306122597,0.277854428,-0.560081,-0.0299837,BergenCod,99.0,Cod,60.3943055,5.3259192,5166.666666666667,10.0,6.0,14.0,516.6666666666667,4.59511985013459
1535,-0.17759280027534596,Bergen,-0.10892299041160614,-0.28598173844613406,-0.2162903218892582,3,5.75,59.75,-1.085239971670363,0.2574831991653731,0.4445413723055276,16.276434731475355,11.56963555535205,3.262309809187387,3.799124984162491,-0.1289015999999998,-0.16037197999999978,-0.1666252666666667,-0.08234908163265149,1.443935708,0.046025,0.702188,BergenCod,99.0,Cod,60.3943055,5.3259192,3066.6666666666665,10.0,3.0,4.0,306.66666666666663,4.59511985013459
1536,-0.6661172840498222,Bergen,0.09809107648508278,-0.7190395128700005,-0.30432298297801696,3,5.75,59.75,-0.45567302930828846,-0.15214909010074748,0.41790122366897137,-1.0332496635506008,6.19349921495656,1.652679805060556,3.510383610532651,-0.5004949333333332,-0.5106979799999998,-0.46241526666666666,-0.4346756122448966,0.435934728,0.750011,0.95194,BergenCod,99.0,Cod,60.3943055,5.3259192,40066.666666666664,9.0,2.0,4.0,4451.851851851851,4.59511985013459
1537,0.6366906736130247,Bergen,-0.42504173744535834,0.3355723884362916,-0.18505397421880634,3,5.75,59.75,-0.7644234463629698,-0.005990746198381827,0.36683630460967476,14.2637333140746,6.548496399317148,9.946591496754479,4.086188846520281,0.4428267333333336,0.4804360200000003,0.4272047333333334,0.3227427551020422,-1.518119819,0.0300539,-0.110392,BergenCod,99.0,Cod,60.3943055,5.3259192,54900.0,6.0,2.0,5.0,9150.0,4.59511985013459
1538,0.24202496448356872,Bergen,0.07565239539111551,0.09794274854733731,-0.0373861100363471,3,5.75,59.75,0.02271267435804553,-0.3257622551230549,-0.27082700221356815,1.1836949147938434,8.094474090740208,2.87250761382182,3.8957543693487913,-0.7880615999999999,-0.8487679799999999,-0.8020019333333335,-0.64107357142857,-3.601601883,-0.522021,-0.0927806,BergenCod,99.0,Cod,60.3943055,5.3259192,23000.0,4.0,1.0,1.0,5750.0,4.59511985013459
1539,0.4913317681599722,Bergen,-0.22316307720056333,0.1705782721474617,-0.16727914986023423,3,5.75,59.75,1.48909971259936,0.19254615746822318,-0.33772690265410266,7.591365884705859,8.821541744357727,2.2521722338937904,4.727582115479373,0.6957150666666668,0.7567520200000002,0.7084680666666666,0.5330794897959198,-4.449375523,-0.30747,0.228095,BergenCod,99.0,Cod,60.3943055,5.3259192,1500.0,2.0,1.0,2.0,750.0,4.59511985013459
1540,0.7820852045024412,Bergen,0.23686462002621994,0.27463790029537305,0.10837105809425505,3,5.75,59.75,-0.5486530399615374,-0.6090592577612677,0.8835919619159518,28.097378362818507,7.796142379404047,5.640052191399015,-0.04351642435854638,0.3823684000000001,0.3564360200000002,0.2997313999999999,0.3934366326530627,-4.112306683,0.49769,0.889875,BergenCod,99.0,Cod,60.3943055,5.3259192,1500.0,5.0,4.0,42.0,300.0,4.59511985013459
1541,-0.4441850656756407,Bergen,0.12563310133821615,-0.34375899251953074,-0.15037590772402099,3,5.75,59.75,1.1732515848077893,0.18686442341745138,-0.595873356921416,7.141269622839009,8.621302164146982,4.271635696707205,3.0929683577710922,0.002093400000000152,-0.0028119799999997996,0.03985139999999997,0.06407948979591983,-1.954337861,-0.0173278,0.367143,BergenCod,99.0,Cod,60.3943055,5.3259192,5000.0,4.0,1.0,4.0,1250.0,4.59511985013459
1542,0.5038006708874287,Bergen,-0.36955155776454013,0.2182662061709425,-0.5192002536679402,3,5.75,59.75,-1.64737866203199,0.3176349101106851,-0.3641122113712516,32.85849777447613,3.796447992836679,8.3240305103983,3.115382786905957,-0.7084649333333332,-0.7167119799999998,-0.6421286000000002,-0.6196449999999986,-4.607169341,-0.792067,0.588939,BergenCod,99.0,Cod,60.3943055,5.3259192,31966.666666666668,7.0,4.0,7.0,4566.666666666667,4.59511985013459
1543,-1.444775321574031,Bergen,-0.06165159889999999,-0.47887948404723657,-0.3521638129453799,3,5.75,59.75,-0.7793286389104372,-0.44687327281564765,-0.7153823797920688,-9.397677596640177,13.488999712943295,6.340627199569835,3.529971215003582,1.1748717333333336,1.2474280200000003,1.1373847333333333,0.9294774489795936,-1.259613945,-0.107773,0.0106835,BergenCod,99.0,Cod,60.3943055,5.3259192,30666.666666666668,5.0,0.0,0.0,6133.333333333334,4.59511985013459
1544,-0.6295157107292825,Bergen,-0.2781830011213747,-0.4201286628286049,-0.5725056611562431,3,5.75,59.75,-0.4258626442133537,-0.28878488052407614,-1.1058283513797222,4.623005233103529,3.648452003933498,5.367433875248179,4.331955366207979,-0.009103266666666485,-0.07641997999999976,-0.08675526666666662,0.1149978571428587,0.866658107,-0.585677,0.111008,BergenCod,99.0,Cod,60.3943055,5.3259192,34791.66666666667,6.0,2.0,7.0,5798.611111111112,4.59511985013459
1545,0.38695636470025124,Bergen,0.11993659406358669,0.16069631452440228,-0.029108281160481263,3,5.75,59.75,-0.5813025093512277,0.11857170001388963,-1.2651568210710327,22.286151757958294,6.768951475367919,6.719244060247903,3.7673733390282944,0.6384850666666669,0.6848040200000002,0.6935147333333332,0.5835590816326546,-1.031382445,0.244261,2.15176,BergenCod,99.0,Cod,60.3943055,5.3259192,4125.0,5.0,1.0,1.0,825.0,4.59511985013459
1546,-1.6275266850349077,Bergen,-0.3331601745185489,-0.7097430691039994,-0.3091297347903413,3,5.75,59.75,0.965288660216935,-0.26100696408765306,0.3431323933564222,-9.476525130525088,-1.478018091832777,3.209201671323659,2.2036731442128175,-0.7422682666666666,-0.7790639799999997,-0.7101052666666666,-0.5939103061224477,-1.808056936,0.153583,1.02079,BergenCod,99.0,Cod,60.3943055,5.3259192,8125.0,4.0,1.0,2.0,2031.25,4.59511985013459
1547,0.27152282579309467,Bergen,0.2247982847296784,0.2362693709822579,-0.13835340353325923,3,5.75,59.75,-0.18879910560125346,-0.06825724006549233,0.23643463678479,18.55259972122233,3.2540426109471134,5.895655133889945,3.016128909426767,0.05320173333333347,0.09601402000000013,0.10709473333333326,-0.035757244897957736,-1.195537448,-0.54261,0.299431,BergenCod,99.0,Cod,60.3943055,5.3259192,7887.5,5.0,2.0,5.0,1577.5,4.59511985013459
1548,0.22818804499972833,Bergen,-0.09116014784043511,-0.2687783657764956,-0.20162164940222677,3,5.75,59.75,0.3974718012657968,-0.5273592419762294,-0.6067161616398392,26.421365205791346,8.958311305406921,1.94307573298907,3.844375322878635,-0.21017493333333317,-0.2370919799999998,-0.2561186000000001,-0.19318581632652918,-2.405657378,-0.342524,0.280105,BergenCod,99.0,Cod,60.3943055,5.3259192,3412.5,4.0,2.0,4.0,853.125,4.59511985013459
1549,0.07470654005564703,Bergen,0.14945048681947645,-0.1412493276161485,-0.19995595780257794,3,5.75,59.75,-1.6012435422422095,-0.3962103041078284,-1.3259682957506922,11.470061758109905,1.3095077420444765,3.58727986777019,3.33423483708597,-0.31914993333333325,-0.3309599799999999,-0.3055019333333334,-0.2857980612244884,-1.907184781,-0.160731,0.112739,BergenCod,99.0,Cod,60.3943055,5.3259192,3687.5,6.0,3.0,5.0,614.5833333333334,4.59511985013459
1550,-0.060997872142717645,Bergen,-0.11819451022537919,-0.069100442752346,-0.24297203688453692,3,5.75,59.75,0.20086521385396514,0.3019128901573048,-0.20877060232102182,9.124086737314826,0.06859860938282603,4.583107228077431,3.981486502545427,0.5679817333333336,0.5987140200000003,0.5365614000000001,0.45856928571428723,-2.141803587,0.542368,0.500753,BergenCod,99.0,Cod,60.3943055,5.3259192,5020.833333333333,7.0,2.0,5.0,717.2619047619047,4.59511985013459
1551,0.10040672984875322,Bergen,-0.12146492528360922,-0.038628360058943795,-0.051980623251128504,3,5.75,59.75,-0.2839084294755691,-0.17298732371764755,-0.5925193848590532,13.457268831332755,4.554949314207738,2.764043355391993,2.8918803247033598,-0.2039882666666665,-0.2414559799999998,-0.23012859999999993,-0.1162878571428558,0.066745428,0.0304779,-0.324878,BergenCod,107.0,Cod,60.3943055,5.3259192,22333.333333333332,7.0,4.0,20.0,3190.4761904761904,4.672828834461906
1552,0.6695658262898729,Bergen,-0.13325338217651034,0.36827902976662147,-0.004122461224882756,3,5.75,59.75,0.5720754853932718,-0.0606638083543835,-0.371977143608556,2.5043305638026716,8.368800829559643,6.068826486226993,4.479078875966226,-0.5477315999999998,-0.5487719799999997,-0.48045526666666677,-0.4849817346938762,-1.437987598,-0.710401,-1.36634,BergenCod,107.0,Cod,60.3943055,5.3259192,22633.333333333332,7.0,2.0,3.0,3233.333333333333,4.672828834461906
1553,-0.04473842298611427,Bergen,-0.05322974574351218,-0.03473576763804657,-0.22687167854667056,3,5.75,59.75,-2.574339684269723,0.18804564304174443,0.5845536527020669,3.647824552457616,7.171709275359708,5.8767871213512795,3.6711322798329196,0.14168506666666686,0.16902002000000024,0.13516806666666673,0.049855000000001454,-2.197206251,-0.202003,-0.674087,BergenCod,107.0,Cod,60.3943055,5.3259192,21000.0,6.0,2.0,4.0,3500.0,4.672828834461906
1554,-1.3943938294678337,Bergen,-0.10403339927062492,-0.5045588233111231,-0.029060716907434885,3,5.75,59.75,-0.5231012813087361,0.09946517776795334,0.8237930555606623,3.523107013309618,12.918241780284383,6.750975791202047,1.4730954053025622,0.06345840000000015,0.04233802000000022,0.012811399999999983,0.06530397959183822,-2.756035313,-0.144866,-0.991299,BergenCod,107.0,Cod,60.3943055,5.3259192,24120.0,8.0,4.0,14.0,3015.0,4.672828834461906
1555,-0.03463504923323798,Bergen,-0.263359257050247,0.4747224063305296,-0.18597342559768473,3,5.75,59.75,-0.36553210294979527,0.3723666456257394,0.6897365783759702,12.361547016625673,1.7177573936383188,6.844603720514301,5.326477026248687,0.7995400666666667,0.8239180200000001,0.7698313999999998,0.7164570408163281,0.01422284,0.0367793,-0.592899,BergenCod,107.0,Cod,60.3943055,5.3259192,23120.0,8.0,1.0,1.0,2890.0,4.672828834461906
1556,0.10792369692159139,Bergen,0.05600852977991677,0.08485724092534984,-0.07889649264273457,3,5.75,59.75,-1.002906527122448,-0.49488120431027266,0.10973525885704723,2.5920394737943226,-2.0969246693250794,5.689908155327819,3.1026753370842197,0.46527340000000017,0.4581200200000002,0.43950139999999993,0.49273255102040964,2.026692122,0.274097,-0.279891,BergenCod,107.0,Cod,60.3943055,5.3259192,7170.0,7.0,2.0,6.0,1024.2857142857142,4.672828834461906
1557,-0.5343601702006066,Bergen,0.0881195168467539,-0.5744763872596718,-0.21781493058964246,3,5.75,59.75,-0.42941149958179825,-0.22945373993899046,-0.5592414397597509,7.566719150416433,6.146204234367986,4.285156808985204,3.3661385324142783,-0.2617515999999998,-0.2673139799999999,-0.19862860000000016,-0.1704307142857129,-3.38786428,-0.0874869,-0.202042,BergenCod,107.0,Cod,60.3943055,5.3259192,17036.666666666664,9.0,3.0,6.0,1892.9629629629626,4.672828834461906
1558,0.5902778551177947,Bergen,0.8401279466987517,0.0967760033774913,0.2569087445615839,3,5.75,59.75,2.452968830668917,0.08332522170588476,0.23357103574100585,4.999863597438256,9.486341443746436,5.347794292292605,2.6359100206295025,-0.30814159999999985,-0.29175597999999986,-0.2510686000000001,-0.3065225510204066,-2.863641771,-0.226926,-0.0699885,BergenCod,107.0,Cod,60.3943055,5.3259192,15536.666666666666,8.0,2.0,8.0,1942.0833333333333,4.672828834461906
1559,0.5673065737501833,Bergen,0.04579115463067521,0.19602495487354912,-0.07252970006418022,3,5.75,59.75,1.4500623035464693,-0.039729692047912664,-1.7348956330046568,24.328521723039646,-0.5904466994968189,7.4359458202562845,1.0007343913909916,-0.3306982666666664,-0.3377779799999998,-0.3315119333333334,-0.33504295918367216,0.671999685,-0.730687,-0.0742834,BergenCod,107.0,Cod,60.3943055,5.3259192,16754.126984126986,12.0,5.0,20.0,1396.1772486772488,4.672828834461906
1560,0.3438567117868885,Bergen,0.09817657753235676,-0.13158161346852887,-0.17400988760578273,3,5.75,59.75,0.5720754853932718,0.017957469505624626,-2.176977742035733,20.659837160989145,-1.1943786521607955,4.192809413661595,3.843905030135202,-0.36287826666666645,-0.3780399799999997,-0.3697552666666667,-0.3485123469387742,0.640080799,-0.384954,-0.224802,BergenCod,107.0,Cod,60.3943055,5.3259192,8817.460317460316,9.0,2.0,3.0,979.7178130511462,4.672828834461906
1561,-0.7383086682981594,Bergen,0.0326560562432088,-0.3386144785455068,0.025095782894946034,3,5.75,59.75,0.16395711802214116,-0.37392278128672085,-0.7054880606126249,-1.13258513931112,4.4841265544617235,7.909112049394028,0.5008208092125698,-0.7886782666666664,-0.8146039799999999,-0.7741952666666666,-0.7195225510204066,-1.096945832,0.138198,0.974452,BergenCod,107.0,Cod,60.3943055,5.3259192,10072.005772005772,9.0,2.0,21.0,1119.1117524450858,4.672828834461906
1562,0.5863519320304642,Bergen,-0.18704957235821268,0.4980133875047845,-0.18551979137000485,3,5.75,59.75,-1.0618175262386285,0.9575565268316464,-0.444461567320578,23.589819798108824,2.308030718385224,7.875799581272507,1.9040589186544454,-0.2897599333333332,-0.2801879799999999,-0.29070526666666674,-0.3368694897959169,2.105954239,-0.419434,-0.349194,BergenCod,107.0,Cod,60.3943055,5.3259192,17072.005772005774,10.0,4.0,12.0,1707.2005772005773,4.672828834461906
1563,0.3276827636775591,Bergen,-0.16014880535963416,0.13261011351750862,-0.2118773480435478,3,5.75,59.75,0.36127347650766173,0.5090167919210307,-0.2795378387923564,16.899707600685343,6.165389388837093,3.023463217444007,2.4070257106167494,-0.2858665999999999,-0.30733597999999984,-0.3290619333333334,-0.28287969387754974,-3.030663254,-0.757609,-0.478447,BergenCod,107.0,Cod,60.3943055,5.3259192,15072.005772005772,9.0,1.0,8.0,1674.6673080006412,4.672828834461906
1564,-0.6019487480706941,Bergen,0.6557770011451243,-0.2289037227045715,0.060976989164513634,3,5.75,59.75,0.6189203762567407,-0.20290036331589928,-0.5484708039832885,16.029099964435463,-2.4054425600157403,5.158298380287957,2.7667928092533884,0.8870650666666665,0.9171220200000001,0.8273647333333333,0.7505182653061239,0.996648698,-0.465162,-0.324776,BergenCod,107.0,Cod,60.3943055,5.3259192,8072.005772005772,9.0,2.0,8.0,896.8895302228635,4.672828834461906
1565,-0.05535480302263444,Bergen,0.36061135450895376,-0.26514556865783534,-0.13848757550859367,3,5.75,59.75,-2.1009223781192112,0.13387190723365228,-0.031086217896577895,13.09045409378038,5.49648318465755,6.380783340590281,4.505151245715778,1.2199134000000003,1.2247320200000005,1.1309813999999998,1.1614876530612261,-0.871489753,-0.464675,-0.560512,BergenCod,107.0,Cod,60.3943055,5.3259192,8072.005772005772,12.0,3.0,5.0,672.6671476671477,4.672828834461906
1566,0.9567638440831988,Bergen,0.34075908009502465,0.5499171718603465,-0.0015633736577814051,3,5.75,59.75,0.6969951943625221,0.2870472438586016,0.7812544313530713,30.414831861262574,6.1238768689551915,7.198708420885265,3.6004795047564997,-0.34006159999999996,-0.3763719799999999,-0.28113526666666677,-0.14585928571428422,3.310799938,-0.42807,0.157446,BergenCod,107.0,Cod,60.3943055,5.3259192,32248.737373737375,12.0,3.0,48.0,2687.394781144781,4.672828834461906
1567,1.1657426537953712,Bergen,-0.2651120285193638,0.5788230220852844,-0.15902096565698362,3,5.75,59.75,-0.02981038509493476,-0.41648537126478635,0.8499063742255915,38.04090351812909,11.306966204479249,5.485617775461399,1.7990190247861777,-1.1125449333333333,-1.10012198,-0.9599186000000001,-1.007022551020407,1.870760001,-0.137184,-0.418342,BergenCod,107.0,Cod,60.3943055,5.3259192,12248.737373737373,12.0,2.0,3.0,1020.7281144781144,4.672828834461906
1568,-0.6321448679329577,Bergen,0.28283212056689777,-0.15320789820194802,-0.1730342129087937,3,5.75,59.75,-2.2336495688990397,-0.37902314936514214,0.7892867898578314,2.128606015292784,6.6877493472603575,6.4492230165072355,3.2317906531974496,0.05974673333333351,0.10283402000000023,0.055811399999999955,-0.10293071428571289,-1.742855021,0.113872,0.490706,BergenCod,107.0,Cod,60.3943055,5.3259192,12834.848484848484,12.0,3.0,9.0,1069.570707070707,4.672828834461906
1569,-0.972089906807061,Bergen,-0.3267208768957267,-0.3233310992870652,-0.05869006299191398,3,5.75,59.75,-0.6827997728887437,-0.26351495530420754,0.30256956933163065,1.0846918782363346,10.991186388549313,8.965695720169656,1.5881822289496683,-0.07370493333333317,-0.11872197999999984,-0.16525193333333335,-0.06414499999999852,0.064385045,-0.415703,-0.574185,BergenCod,107.0,Cod,60.3943055,5.3259192,10368.181818181818,14.0,6.0,35.0,740.5844155844155,4.672828834461906
1570,0.42191916794803946,Bergen,0.2304947920043078,0.23728377753423283,-0.1606654462737947,3,5.75,59.75,-1.2193867045975693,0.1749388526233285,-0.05272940565954257,14.822028629392832,3.122773157440442,9.082667612037689,2.4818742439199695,0.3870700666666669,0.3943460200000002,0.3684614,0.35721214285714425,0.144179403,-0.442139,-0.891617,BergenCod,107.0,Cod,60.3943055,5.3259192,19268.181818181816,15.0,4.0,13.0,1284.5454545454545,4.672828834461906
1571,-0.05798396022630955,Bergen,-0.33490760217221105,-0.49074838765502976,-0.060147697648615626,3,5.75,59.75,-1.3648897747037985,-0.914557758453878,0.836234673060168,10.719411836127827,4.792697283171406,4.2108069019596295,2.5060109408977738,-0.7429882666666666,-0.7788159799999999,-0.7160386,-0.6011552040816311,-3.2098213,-0.130879,0.654663,BergenCod,107.0,Cod,60.3943055,5.3259192,18468.181818181816,11.0,1.0,2.0,1678.9256198347105,4.672828834461906
1572,-0.6659249066934557,Bergen,0.002084088027303449,-0.3337362719862434,0.006586803689478522,3,5.75,59.75,-2.14137932931948,-0.9459691452632385,0.21357287645463335,15.739882260984487,4.713451812955736,6.712942877049082,2.7772067064986126,-0.12494826666666649,-0.08971197999999976,-0.07709860000000002,-0.19070622448979435,-1.362456854,0.411505,1.45267,BergenCod,107.0,Cod,60.3943055,5.3259192,30638.636363636364,16.0,7.0,30.0,1914.9147727272727,4.672828834461906
1573,-1.8861958533878127,Bergen,0.11535694421897369,-1.0897827517318075,-0.26108729686550397,3,5.75,59.75,-0.4514144028661549,-0.0324227971772889,0.2061421547733983,-1.9257058206658944,5.5899404308019225,2.295562479493041,4.424788417397422,-0.32921659999999986,-0.3540379799999998,-0.36769193333333333,-0.31564499999999857,-1.303428321,-0.561738,0.423973,BergenCod,107.0,Cod,60.3943055,5.3259192,30638.636363636364,12.0,0.0,0.0,2553.219696969697,4.672828834461906
1574,0.12478165340911268,Bergen,-0.094489344868666,0.2843892821323772,-0.1321254845506715,3,5.75,59.75,-0.1426639858114735,0.4092318856223003,-0.3303835485874675,21.61768036664361,8.455072105117083,7.965093575933979,4.503143503545789,0.12730340000000023,0.13169402000000033,0.1103447333333334,0.08677336734694051,0.375256409,-0.0650749,0.6229,BergenCod,107.0,Cod,60.3943055,5.3259192,20605.303030303032,10.0,2.0,4.0,2060.530303030303,4.672828834461906
1575,0.3084236527790933,Bergen,0.5583004634373232,-0.22760775052155705,-0.018287517786641436,3,5.75,59.75,-2.2819140019098865,-0.3731678894247315,-0.11098370510379263,9.157088483362037,-1.8598520362920314,1.234794493196694,2.5386049949389533,-0.02610159999999988,-0.038911979999999805,-0.05002860000000004,-0.0057674489795904995,-0.844364747,-0.329609,0.444777,BergenCod,107.0,Cod,60.3943055,5.3259192,5205.303030303031,10.0,3.0,4.0,520.5303030303031,4.672828834461906
1576,0.14726130375489868,Bergen,-0.1690569457224928,0.3196913177243366,-0.19890177627072758,3,5.75,59.75,-1.617568276937055,0.39402029286589607,0.12308615909980833,7.853239913313182,3.805288453894223,6.25808454464326,4.346360479206773,-0.0619782666666665,-0.06043197999999981,-0.05008193333333343,-0.05100214285714127,-1.111388441,-0.275874,0.455884,BergenCod,107.0,Cod,60.3943055,5.3259192,7205.303030303031,8.0,1.0,8.0,900.6628787878789,4.672828834461906
1577,1.2950772379718238,Bergen,-0.1414614827148132,0.43572286114683906,-0.21684687599714564,3,5.75,59.75,-0.14124444366409564,0.7282174228570987,-0.07598332999595053,31.112535886600927,3.526681835534045,3.950046095604484,6.04203466141553,0.0015450666666668115,0.005294020000000138,0.0019913999999999397,-0.00826744897959033,-1.3427136,-0.523993,-0.344948,BergenCod,107.0,Cod,60.3943055,5.3259192,11513.636363636364,8.0,3.0,8.0,1439.2045454545455,4.672828834461906
1578,-0.2173151618213862,Bergen,-0.2564443598519632,-0.0037873184645118552,-0.18873033243224918,3,5.75,59.75,-0.7587452777734585,0.3069479550481276,0.7906332605702319,8.048892492997615,2.2222729623251483,5.80801248798741,1.655027964682588,-0.44617159999999983,-0.46530797999999973,-0.43291860000000004,-0.3884307142857127,-4.36969698,-0.249275,-0.215705,BergenCod,107.0,Cod,60.3943055,5.3259192,10713.636363636364,7.0,1.0,10.0,1530.5194805194806,4.672828834461906
1579,0.5605021154046285,Bergen,-0.5392016670024962,0.3609004960362698,-0.34555541817666946,3,5.75,59.75,-1.2832661012295725,0.44850060519973634,-0.25876173610344594,12.152361299319345,6.663457068015199,8.123274594335237,4.331655573678404,-0.7490182666666666,-0.7609479799999996,-0.7097719333333335,-0.6978184693877536,0.418401172,-0.33618,0.380213,BergenCod,107.0,Cod,60.3943055,5.3259192,12046.969696969698,9.0,2.0,5.0,1338.5521885521887,4.672828834461906
1580,0.6381655666785009,Bergen,-0.2932365292570511,0.26432173994000113,-0.2744462574295007,3,5.75,59.75,-0.8581132280899076,-0.030320355789878264,-0.05519797209201405,12.426599424377711,0.2848646212380433,5.705759554355442,4.8700566257322055,-0.6264899333333331,-0.6322999799999998,-0.6194686,-0.6317878571428555,-1.38954313,-0.66621,-0.0912118,BergenCod,107.0,Cod,60.3943055,5.3259192,12846.969696969698,10.0,1.0,1.0,1284.6969696969697,4.672828834461906
1581,-0.32042229974654296,Bergen,0.03215908140592875,0.09834891377876968,-0.08919037551876123,3,5.75,59.75,-2.007942367465963,0.11158581933021715,0.1326663055273988,5.703014341904077,16.03608283888678,5.833695311533356,6.1356427920463945,0.36763840000000014,0.3815320200000002,0.3031080666666666,0.24938561224489944,-0.789170335,-0.27579,0.191452,BergenCod,107.0,Cod,60.3943055,5.3259192,11046.969696969698,7.0,0.0,0.0,1578.1385281385283,4.672828834461906
1582,0.38097841647834496,Bergen,-0.21436715696225186,0.13302549669219038,-0.18150589978109896,3,5.75,59.75,-1.2300332707029034,0.06152583428750398,-0.5318777161167096,-2.794814178126037,4.2939063836079425,3.6163117111244145,4.964928207068603,0.45975840000000007,0.44119402000000013,0.3822913999999999,0.4490386734693892,-2.872138107,-0.207758,0.360622,BergenCod,107.0,Cod,60.3943055,5.3259192,9713.636363636364,7.0,1.0,2.0,1387.6623376623377,4.672828834461906
1583,0.4689162435996416,Bergen,-0.23857998478715434,0.012579771998381867,0.1832470743947126,3,5.75,59.75,0.8999897214375541,-0.09072101165407999,0.48330913592886987,16.854720430656744,14.515110739965671,5.366864642557022,2.382141341391038,0.4702050666666668,0.4776760200000002,0.4682414,0.4768652040816342,-1.546176178,-0.513092,0.593172,BergenCod,107.0,Cod,60.3943055,5.3259192,5638.636363636364,9.0,3.0,16.0,626.5151515151515,4.672828834461906
1584,1.1344350203185458,Bergen,-0.017549089952985986,0.6877821652950817,0.12625333793049381,3,5.75,59.75,-0.24203193612792268,0.11588117182249014,0.14800689078821933,29.21686187499641,1.655717303366544,4.4261776923154255,2.1867805252724066,-1.0032466,-1.0388539799999998,-0.9280952666666669,-0.8215123469387743,1.223882551,-0.627821,0.33571,BergenCod,107.0,Cod,60.3943055,5.3259192,3238.6363636363635,4.0,0.0,0.0,809.6590909090909,4.672828834461906
1585,0.3841562054020283,Bergen,-0.2982329967071249,0.23851606303189354,-0.25664087055858503,3,5.75,59.75,0.44218737890819887,0.15150307471171703,-0.26642831219168683,14.89745049837785,0.4203396508212114,4.511046400974165,5.112188084453997,-0.07337993333333323,-0.022981979999999836,-0.015848600000000122,-0.18234908163265165,-1.448595219,-1.42631,-0.73158,BergenCod,107.0,Cod,60.3943055,5.3259192,3238.6363636363635,5.0,1.0,5.0,647.7272727272727,4.672828834461906
1586,-0.6833671203373494,Bergen,-0.2738812296804021,-0.6945422303792238,-0.27827235558431945,3,5.75,59.75,-1.8383070808543098,0.010047684801727269,-0.5119935436926359,11.517899979581541,0.6929309909534052,4.3655554506533685,2.3125409266507875,0.6341550666666668,0.6347260200000002,0.5322213999999998,0.5217733673469401,-0.78466431,-0.565654,-0.343006,BergenCod,107.0,Cod,60.3943055,5.3259192,3238.6363636363635,5.0,0.0,0.0,647.7272727272727,4.672828834461906
1587,-0.6099145956417207,Bergen,-0.46348514582592526,-0.45418032420747245,-0.5444194782094963,3,5.75,59.75,-2.0611751979926316,0.48425061696121197,1.8050445621625613,10.13561777346344,6.393667794079243,5.389118327020512,4.0041801095419425,-0.18463326666666655,-0.23022397999999974,-0.20380859999999998,-0.07006336734693745,-3.835066959,-1.18664,-1.53015,BergenCod,107.0,Cod,60.3943055,5.3259192,9905.30303030303,8.0,3.0,21.0,1238.1628787878788,4.672828834461906
1588,-0.3531193252415705,Bergen,-0.2799250849595821,-0.13755603345930692,-0.12886751531799454,3,5.75,59.75,-1.8737956345387563,0.45977452806662417,-0.715341725440652,2.264901685358882,7.100212830871168,5.921835710530741,2.4912008772375307,0.2086834000000002,0.2431020200000003,0.25450806666666664,0.1750896938775525,-1.27837733,-0.77987,-0.359351,BergenCod,107.0,Cod,60.3943055,5.3259192,13455.30303030303,8.0,2.0,3.0,1681.9128787878788,4.672828834461906
1589,-0.06716819772099043,Bergen,-0.033847727089589996,0.018316899786429735,-0.2062258964181035,3,5.75,59.75,-2.098083293824456,0.3148486443348579,0.3290719676481742,13.779433241227798,3.9801624825984314,4.433436236451369,3.8307450218753107,-1.0762449333333333,-1.1192859799999997,-1.0409019333333336,-0.9293184693877539,-3.993994139,-0.594938,-0.0348028,BergenCod,107.0,Cod,60.3943055,5.3259192,15913.197767145135,9.0,3.0,30.0,1768.1330852383483,4.672828834461906
1590,-0.6511047251659644,Bergen,-0.1365505163120135,-0.41537167439189726,-0.0803008771033201,3,5.75,59.75,-0.07807481810578151,-0.31740833249627787,1.6733536348419162,7.483734839958956,6.490741142150401,5.585579569831871,2.2464975638667095,-0.6124165999999999,-0.5945099799999998,-0.5568186,-0.6484613265306105,-1.74139193,-1.42203,-0.733526,BergenCod,107.0,Cod,60.3943055,5.3259192,16063.197767145135,9.0,4.0,20.0,1784.799751905015,4.672828834461906
1591,-0.885577097140331,Bergen,-0.34981684729061274,-0.3507377434090904,-0.16015166304563788,3,5.75,59.75,-2.686483513912573,-0.05770611935905724,0.09239335879146471,-3.7750673085980218,11.225516398157524,3.7719442225165096,5.590821905020731,0.6774434000000003,0.6981460200000003,0.5788247333333333,0.5077019387755116,-2.25578662,-0.461499,0.233442,BergenCod,107.0,Cod,60.3943055,5.3259192,13413.197767145135,10.0,3.0,12.0,1341.3197767145134,4.672828834461906
1592,0.45096102367210406,Bergen,-0.06358071627911933,0.4241443110863229,-0.2867703637297151,3,5.75,59.75,0.5592996060668711,0.30054277919945427,-0.13110916706921694,19.237103048141794,1.923059516546564,7.480462533062583,4.651156338349425,0.09109340000000017,0.0429340200000002,0.020838066666666606,0.1675896938775524,-4.468161627,-0.682107,-0.0630393,BergenCod,107.0,Cod,60.3943055,5.3259192,13413.197767145135,10.0,1.0,7.0,1341.3197767145134,4.672828834461906
1593,-0.38642910824206167,Bergen,-0.41517171030066735,-0.2658659164965887,-0.38753100589800143,3,5.75,59.75,-1.1980935723869015,0.046566704760486445,0.46741431552541224,5.318151017687588,7.8535508870709645,5.133390492586821,2.2173612328145103,-0.07002826666666641,-0.059993979999999746,-0.017831933333333473,-0.02698173469387604,-1.493414274,-0.0855376,1.17469,BergenCod,107.0,Cod,60.3943055,5.3259192,19841.769195716563,12.0,2.0,15.0,1653.4807663097135,4.672828834461906
1594,0.6438015107113113,Bergen,-0.08756910385492758,0.025329843190196454,-0.3103427760686991,3,5.75,59.75,1.3847633647670885,0.4798549117905909,-1.2222971452897635,23.21808231845094,7.397235150048453,4.046145127393459,3.062875040252249,1.4038217333333336,1.4720280200000002,1.3600647333333333,1.1971917346938792,-1.294762317,-0.417153,-0.572583,BergenCod,107.0,Cod,60.3943055,5.3259192,20341.769195716563,14.0,5.0,23.0,1452.9835139797544,4.672828834461906
1595,-1.145571531725983,Bergen,-0.540441432187969,-0.7650398239773554,-0.3201763681344584,3,5.75,59.75,-1.6502177463267456,-0.5627048256530538,-0.09249699515109325,-0.8432991867522404,11.770923640002753,3.116533462109142,3.9540901117071696,0.6336417333333335,0.5996460200000003,0.5725014,0.6980590816326545,-2.594382137,-0.404132,-0.626498,BergenCod,107.0,Cod,60.3943055,5.3259192,20341.769195716563,18.0,4.0,18.0,1130.09828865092,4.672828834461906
1596,1.3256224871104558,Bergen,-0.20605218011485651,0.7321012387861565,-0.168924615357529,3,5.75,59.75,-1.3116569441771293,0.20393216742839812,0.05654760510507799,24.697150565911766,9.282310735670897,6.797446149708397,5.045998144331959,-0.1261865999999998,-0.12327597999999972,-0.030058600000000008,-0.018491938775508723,0.510947759,-0.566098,-0.823238,BergenCod,107.0,Cod,60.3943055,5.3259192,21541.769195716563,16.0,3.0,5.0,1346.3605747322852,4.672828834461906
1597,0.0894839710595013,Bergen,-0.0801198251111814,0.007777427603839125,-0.3828131675656204,3,5.75,59.75,-1.5316859770206952,0.1358068261061357,0.41816769190690933,7.689682027016087,0.17136525400355795,7.289788468002442,2.3389026805561373,0.9373500666666669,1.0067860200000003,0.9575680666666665,0.7817325510204094,-1.569877941,-0.830101,-1.00463,BergenCod,107.0,Cod,60.3943055,5.3259192,21541.769195716563,16.0,1.0,3.0,1346.3605747322852,4.672828834461906
1598,-0.16674841744609514,Bergen,-0.37933608386195716,0.038123731251398306,-0.23616991987448857,3,5.75,59.75,-0.8133976504475054,0.2034175559581732,1.0922317252030211,6.556106174848314,7.991086599395974,8.974316503714503,3.8285963708014945,0.6535317333333335,0.6391840200000002,0.5973013999999999,0.6521407142857157,0.037326831,-0.300085,0.141689,BergenCod,107.0,Cod,60.3943055,5.3259192,21541.769195716563,15.0,2.0,3.0,1436.1179463811043,4.672828834461906
1599,-1.693255615126786,Bergen,0.2949251749407124,-0.959837931303045,0.05468009702643884,3,5.75,59.75,-1.8446950205175106,-0.8124657628584735,-0.4333381483301066,-1.8550635908182027,5.705949603939931,5.5226039997953835,2.499355599850618,-0.06722659999999987,-0.07851797999999985,-0.012185266666666656,0.03092642857143009,-1.39565391,0.263666,-0.0149488,BergenCod,107.0,Cod,60.3943055,5.3259192,19691.769195716563,9.0,1.0,2.0,2187.974355079618,4.672828834461906
1600,-1.1994941922067779,Bergen,-0.12813935078643493,-0.7785519446837534,-0.266147332039461,3,5.75,59.75,-0.9333489619009334,-0.34248329730890964,0.523685869037444,8.721615143259404,3.868378699794053,5.644834242370788,2.5051654737239946,-1.1849299333333332,-1.2003659799999997,-1.0759619333333335,-1.0422572448979577,-2.508019272,-1.17402,-0.602916,BergenCod,107.0,Cod,60.3943055,5.3259192,21216.769195716563,10.0,3.0,15.0,2121.676919571656,4.672828834461906
1504,0.5859352040005245,Gdansk,0.17897371474755103,-0.07732019690983417,0.016196902867204273,1,18.75,54.25,-1.0318899350823345,-0.8442011599841958,0.4046766400492545,7.46972549051451,-4.7042176202111445,6.74238718387196,3.4689996153633214,0.37381673333333343,0.3842140200000002,0.3630880666666667,0.3433856122448993,-0.611973948,-0.622003,-0.645609,GdanskHerring,0.1191,Herring,54.3482907,18.6540233,4533.333333333334,7.0,0.0,0.0,647.6190476190477,-2.127791802620883
1517,0.25043073021479345,Gdansk,0.3485840034814892,-0.513135916776842,-0.22380671701997568,1,18.75,54.25,-0.18038964791068954,-1.4740320175935502,0.8194526733303377,11.843782276390606,8.585436725696603,3.3645647102311527,3.7971706745249554,-0.4974649333333332,-0.4868859799999998,-0.4547286000000001,-0.4958082653061209,-1.678835456,-0.289481,0.047831,GdanskHerring,0.078,Herring,54.3482907,18.6540233,2200.0,5.0,0.0,0.0,440.0,-2.551046452292545
1518,0.6884996656277358,Gdansk,0.009912177075484037,-0.08255646348383258,-0.1770481572339453,1,18.75,54.25,-0.4609108376701093,-0.8445149280748433,0.9173190534918533,10.225079462756632,1.3215698128634825,3.8321308009549115,2.0086631058877784,0.23125006666666686,0.24523402000000022,0.18870473333333337,0.13419173469387896,-0.091068481,-0.136131,0.254382,GdanskHerring,0.0737,Herring,54.3482907,18.6540233,2200.0,4.0,2.0,4.0,550.0,-2.6077524797868463
1520,0.7729033552704939,Gdansk,0.21547432485243662,0.12285971108349383,-0.15670662901032795,1,18.75,54.25,0.020637798701646688,-0.20567585599468818,0.3161458940459108,11.59529109979042,-0.2861140550862884,6.562316190648609,2.238079945497836,0.5186450666666667,0.5334340200000002,0.5085314000000001,0.48767132653061374,-1.860499453,0.427161,0.980838,GdanskHerring,0.0837,Herring,54.3482907,18.6540233,2400.0,8.0,2.0,8.0,300.0,-2.4805163014867073
1525,0.573173372287955,Gdansk,0.18090300795455086,-0.11769994948236594,-0.21987517665155032,1,18.75,54.25,-1.1541880014624628,-0.012962798021566977,0.38233469142782517,8.589880060065289,0.7790564455055654,4.756867398936177,3.949323399644893,0.2632684000000001,0.2633680200000002,0.23672473333333338,0.24240602040816472,-1.242001811,0.118286,0.966186,GdanskHerring,0.0657,Herring,54.3482907,18.6540233,84533.33333333333,5.0,2.0,4.0,16906.666666666664,-2.722656353491572
1526,0.6624368783523372,Gdansk,0.3629670576294818,-0.07544403195529943,-0.1790423714759077,1,18.75,54.25,0.8644944567245334,0.6194041864494285,-1.1251334278375615,7.9990001785697515,6.623906287714841,4.354936616818438,2.7864606779498673,1.3827784,1.4262300200000002,1.3213247333333333,1.2341815306122461,0.482735407,0.840192,1.56755,GdanskHerring,0.0769,Herring,54.3482907,18.6540233,21650.0,9.0,7.0,19.0,2405.5555555555557,-2.565249402470539
1531,1.957366156059745,Gdansk,-0.13127280665352586,0.517067476941395,-0.2770180686249592,1,18.75,54.25,-0.3798883686932742,-0.6105544859889357,0.13100719121515797,15.402830934129838,0.8594081549964421,6.980857764049006,3.454998099443572,0.09781840000000011,0.07342802000000022,0.07391140000000003,0.14521214285714434,-0.662463483,-0.158193,-0.0933321,GdanskHerring,0.0713,Herring,54.3482907,18.6540233,10680.0,8.0,4.0,11.0,1335.0,-2.6408589515618868
1539,0.961388755090479,Gdansk,0.35144328533018654,0.1705782721474617,-0.16727914986023423,1,18.75,54.25,1.2321530187797949,0.19254615746822318,-0.33772690265410266,6.231513933333531,6.8055627188762315,2.2521722338937904,4.727582115479373,0.6957150666666668,0.7567520200000002,0.7084680666666666,0.5330794897959198,-4.449375523,-0.30747,0.228095,GdanskHerring,0.096,Herring,54.3482907,18.6540233,1500.0,2.0,1.0,2.0,750.0,-2.3434070875143007
1540,1.0841241504866823,Gdansk,-0.12188049900507769,0.27463790029537305,0.10837105809425505,1,18.75,54.25,-1.861223697722581,-0.6090592577612677,0.8835919619159518,7.094263885096247,-6.3877826446250925,5.640052191399015,-0.04351642435854638,0.3823684000000001,0.3564360200000002,0.2997313999999999,0.3934366326530627,-4.112306683,0.49769,0.889875,GdanskHerring,0.0981,Herring,54.3482907,18.6540233,1500.0,5.0,4.0,42.0,300.0,-2.3217679124108197
1541,0.4015548472118003,Gdansk,-0.22276982581184007,-0.34375899251953074,-0.15037590772402099,1,18.75,54.25,-1.321583479820264,0.18686442341745138,-0.595873356921416,9.312156748862275,1.0716262308234437,4.271635696707205,3.0929683577710922,0.002093400000000152,-0.0028119799999997996,0.03985139999999997,0.06407948979591983,-1.954337861,-0.0173278,0.367143,GdanskHerring,0.1079,Herring,54.3482907,18.6540233,5000.0,4.0,1.0,4.0,1250.0,-2.226550406718048
1542,1.2858719970230497,Gdansk,-0.7839688722970687,0.2182662061709425,-0.5192002536679402,1,18.75,54.25,0.5740365490717282,0.3176349101106851,-0.3641122113712516,18.90799438326751,9.871249253666617,8.3240305103983,3.115382786905957,-0.7084649333333332,-0.7167119799999998,-0.6421286000000002,-0.6196449999999986,-4.607169341,-0.792067,0.588939,GdanskHerring,0.0994,Herring,54.3482907,18.6540233,31966.666666666668,7.0,4.0,7.0,4566.666666666667,-2.308603165319609
1543,-0.21225305984713652,Gdansk,-0.5007440084479231,-0.47887948404723657,-0.3521638129453799,1,18.75,54.25,-0.33861277128998085,-0.44687327281564765,-0.7153823797920688,8.503897658025862,4.9263821076079815,6.340627199569835,3.529971215003582,1.1748717333333336,1.2474280200000003,1.1373847333333333,0.9294774489795936,-1.259613945,-0.107773,0.0106835,GdanskHerring,0.0981,Herring,54.3482907,18.6540233,30666.666666666668,5.0,0.0,0.0,6133.333333333334,-2.3217679124108197
1544,-0.12091777784390012,Gdansk,-0.6531466191469739,-0.4201286628286049,-0.5725056611562431,1,18.75,54.25,1.1098549523996661,-0.28878488052407614,-1.1058283513797222,1.1257874931368719,2.4857091388193555,5.367433875248179,4.331955366207979,-0.009103266666666485,-0.07641997999999976,-0.08675526666666662,0.1149978571428587,0.866658107,-0.585677,0.111008,GdanskHerring,0.15,Herring,54.3482907,18.6540233,34791.66666666667,6.0,2.0,7.0,5798.611111111112,-1.8971199848858813
1545,1.0119200633983663,Gdansk,0.28920336226005805,0.16069631452440228,-0.029108281160481263,1,18.75,54.25,1.4920364098375678,0.11857170001388963,-1.2651568210710327,13.158452382551637,4.97240261140225,6.719244060247903,3.7673733390282944,0.6384850666666669,0.6848040200000002,0.6935147333333332,0.5835590816326546,-1.031382445,0.244261,2.15176,GdanskHerring,0.114,Herring,54.3482907,18.6540233,4125.0,5.0,1.0,1.0,825.0,-2.1715568305876416
1546,-0.751746595032456,Gdansk,-0.020817882389303308,-0.7097430691039994,-0.3091297347903413,1,18.75,54.25,0.5113587900519124,-0.26100696408765306,0.3431323933564222,1.1114791057007156,5.230978970107382,3.209201671323659,2.2036731442128175,-0.7422682666666666,-0.7790639799999997,-0.7101052666666666,-0.5939103061224477,-1.808056936,0.153583,1.02079,GdanskHerring,0.0509,Herring,54.3482907,18.6540233,8125.0,4.0,1.0,2.0,2031.25,-2.9778923554256598
1547,1.0581537844427569,Gdansk,-0.035004541420415675,0.2362693709822579,-0.13835340353325923,1,18.75,54.25,0.6466510259849295,-0.06825724006549233,0.23643463678479,10.253603426467198,-0.024160351750045717,5.895655133889945,3.016128909426767,0.05320173333333347,0.09601402000000013,0.10709473333333326,-0.035757244897957736,-1.195537448,-0.54261,0.299431,GdanskHerring,0.1178,Herring,54.3482907,18.6540233,7887.5,5.0,2.0,5.0,1577.5,-2.138767007764651
1548,0.23980228859539332,Gdansk,-0.0031538745240176635,-0.2687783657764956,-0.20162164940222677,1,18.75,54.25,-0.5037151609031544,-0.5273592419762294,-0.6067161616398392,2.2560406310178522,2.339849705019679,1.94307573298907,3.844375322878635,-0.21017493333333317,-0.2370919799999998,-0.2561186000000001,-0.19318581632652918,-2.405657378,-0.342524,0.280105,GdanskHerring,0.0589,Herring,54.3482907,18.6540233,3412.5,4.0,2.0,4.0,853.125,-2.831914188324596
1549,0.2534960343919827,Gdansk,0.3087215710817716,-0.1412493276161485,-0.19995595780257794,1,18.75,54.25,-0.7039782446006148,-0.3962103041078284,-1.3259682957506922,1.6862705292732374,3.065807010817654,3.58727986777019,3.33423483708597,-0.31914993333333325,-0.3309599799999999,-0.3055019333333334,-0.2857980612244884,-1.907184781,-0.160731,0.112739,GdanskHerring,0.0781,Herring,54.3482907,18.6540233,3687.5,6.0,3.0,5.0,614.5833333333334,-2.5497652221364966
1550,0.47534549877373705,Gdansk,0.07209433687594191,-0.069100442752346,-0.24297203688453692,1,18.75,54.25,0.12306242929500431,0.3019128901573048,-0.20877060232102182,4.658434945018855,5.377957046130627,4.583107228077431,3.981486502545427,0.5679817333333336,0.5987140200000003,0.5365614000000001,0.45856928571428723,-2.141803587,0.542368,0.500753,GdanskHerring,0.0831,Herring,54.3482907,18.6540233,5020.833333333333,7.0,2.0,5.0,717.2619047619047,-2.4877105771207346
1551,0.9908018120067754,Gdansk,0.2551634674431422,-0.038628360058943795,-0.051980623251128504,1,18.75,54.25,-1.938424352125037,-0.17298732371764755,-0.5925193848590532,7.7489692885939006,10.055075145733868,2.764043355391993,2.8918803247033598,-0.2039882666666665,-0.2414559799999998,-0.23012859999999993,-0.1162878571428558,0.066745428,0.0304779,-0.324878,GdanskHerring,0.0836,Herring,54.3482907,18.6540233,22333.333333333332,7.0,4.0,20.0,3190.4761904761904,-2.481711758891481
1552,1.3441281799282254,Gdansk,0.6759631106668818,0.36827902976662147,-0.004122461224882756,1,18.75,54.25,-1.5807025079631611,-0.0606638083543835,-0.371977143608556,16.74497790371505,7.756295272202715,6.068826486226993,4.479078875966226,-0.5477315999999998,-0.5487719799999997,-0.48045526666666677,-0.4849817346938762,-1.437987598,-0.710401,-1.36634,GdanskHerring,0.0848,Herring,54.3482907,18.6540233,22633.333333333332,7.0,2.0,3.0,3233.333333333333,-2.4674597361842796
1553,0.9613194391668743,Gdansk,0.0830982397482013,-0.03473576763804657,-0.22687167854667056,1,18.75,54.25,-0.8255119480658675,0.18804564304174443,0.5845536527020669,12.189148077782031,6.572845870113149,5.8767871213512795,3.6711322798329196,0.14168506666666686,0.16902002000000024,0.13516806666666673,0.049855000000001454,-2.197206251,-0.202003,-0.674087,GdanskHerring,0.1276,Herring,54.3482907,18.6540233,21000.0,6.0,2.0,4.0,3500.0,-2.0588549080714476
1556,1.2152467726390646,Gdansk,0.31655427044911216,0.08485724092534984,-0.07889649264273457,1,18.75,54.25,-0.35925056999162747,-0.49488120431027266,0.10973525885704723,12.794865846290364,1.6976870458474271,5.689908155327819,3.1026753370842197,0.46527340000000017,0.4581200200000002,0.43950139999999993,0.49273255102040964,2.026692122,0.274097,-0.279891,GdanskHerring,0.0824,Herring,54.3482907,18.6540233,7170.0,7.0,2.0,6.0,1024.2857142857142,-2.496169842066711
1562,1.3863415774035384,Gdansk,-0.1927271492561335,0.4980133875047845,-0.18551979137000485,1,18.75,54.25,2.556793950259562,0.9575565268316464,-0.444461567320578,10.370217081543545,5.341097182483894,7.875799581272507,1.9040589186544454,-0.2897599333333332,-0.2801879799999999,-0.29070526666666674,-0.3368694897959169,2.105954239,-0.419434,-0.349194,GdanskHerring,0.1061,Herring,54.3482907,18.6540233,17072.005772005774,10.0,4.0,12.0,1707.2005772005773,-2.2433732333621994
1563,0.839831730395557,Gdansk,0.16880160295854907,0.13261011351750862,-0.2118773480435478,1,18.75,54.25,1.281836608246722,0.5090167919210307,-0.2795378387923564,6.655499117932375,8.28784085900406,3.023463217444007,2.4070257106167494,-0.2858665999999999,-0.30733597999999984,-0.3290619333333334,-0.28287969387754974,-3.030663254,-0.757609,-0.478447,GdanskHerring,0.1467,Herring,54.3482907,18.6540233,15072.005772005772,9.0,1.0,8.0,1674.6673080006412,-1.919365593833201
1564,0.2526488397701465,Gdansk,0.08731495843415898,-0.2289037227045715,0.060976989164513634,1,18.75,54.25,-1.406427763371478,-0.20290036331589928,-0.5484708039832885,12.215856274405064,2.7102751150264224,5.158298380287957,2.7667928092533884,0.8870650666666665,0.9171220200000001,0.8273647333333333,0.7505182653061239,0.996648698,-0.465162,-0.324776,GdanskHerring,0.0738,Herring,54.3482907,18.6540233,8072.005772005772,9.0,2.0,8.0,896.8895302228635,-2.6063965473757102
1565,0.9087009513815542,Gdansk,-0.027183394707009263,-0.26514556865783534,-0.13848757550859367,1,18.75,54.25,0.11312571140161887,0.13387190723365228,-0.031086217896577895,16.2081867014449,4.398991605124894,6.380783340590281,4.505151245715778,1.2199134000000003,1.2247320200000005,1.1309813999999998,1.1614876530612261,-0.871489753,-0.464675,-0.560512,GdanskHerring,0.0961,Herring,54.3482907,18.6540233,8072.005772005772,12.0,3.0,5.0,672.6671476671477,-2.34236596300589
1566,1.7251270049065628,Gdansk,-0.14477208277555742,0.5499171718603465,-0.0015633736577814051,1,18.75,54.25,0.08560864646608995,0.2870472438586016,0.7812544313530713,16.638556818017335,2.4504011848868514,7.198708420885265,3.6004795047564997,-0.34006159999999996,-0.3763719799999999,-0.28113526666666677,-0.14585928571428422,3.310799938,-0.42807,0.157446,GdanskHerring,0.0878,Herring,54.3482907,18.6540233,32248.737373737375,12.0,3.0,48.0,2687.394781144781,-2.4326937783410663
1567,2.2758728250237255,Gdansk,0.09868276990534347,0.5788230220852844,-0.15902096565698362,1,18.75,54.25,-1.1327858398459403,-0.41648537126478635,0.8499063742255915,17.878794752229815,1.355244647315228,5.485617775461399,1.7990190247861777,-1.1125449333333333,-1.10012198,-0.9599186000000001,-1.007022551020407,1.870760001,-0.137184,-0.418342,GdanskHerring,0.0719,Herring,54.3482907,18.6540233,12248.737373737373,12.0,2.0,3.0,1020.7281144781144,-2.6324790142551358
1568,0.4540655102270686,Gdansk,-0.006440604568277799,-0.15320789820194802,-0.1730342129087937,1,18.75,54.25,-2.8984641732090455,-0.37902314936514214,0.7892867898578314,13.210419493810406,2.483433926734003,6.4492230165072355,3.2317906531974496,0.05974673333333351,0.10283402000000023,0.055811399999999955,-0.10293071428571289,-1.742855021,0.113872,0.490706,GdanskHerring,0.0836,Herring,54.3482907,18.6540233,12834.848484848484,12.0,3.0,9.0,1069.570707070707,-2.481711758891481
1569,0.038431828754207774,Gdansk,0.15819626664701716,-0.3233310992870652,-0.05869006299191398,1,18.75,54.25,-1.1870556068021223,-0.26351495530420754,0.30256956933163065,9.542167795294397,6.5325622562544305,8.965695720169656,1.5881822289496683,-0.07370493333333317,-0.11872197999999984,-0.16525193333333335,-0.06414499999999852,0.064385045,-0.415703,-0.574185,GdanskHerring,0.085,Herring,54.3482907,18.6540233,10368.181818181818,14.0,6.0,35.0,740.5844155844155,-2.4651040224918206
1570,1.0564670969683736,Gdansk,0.17713106644505722,0.23728377753423283,-0.1606654462737947,1,18.75,54.25,-0.5992605252626297,0.1749388526233285,-0.05272940565954257,13.71370348691613,0.9754569113671517,9.082667612037689,2.4818742439199695,0.3870700666666669,0.3943460200000002,0.3684614,0.35721214285714425,0.144179403,-0.442139,-0.891617,GdanskHerring,0.0944,Herring,54.3482907,18.6540233,19268.181818181816,15.0,4.0,13.0,1284.5454545454545,-2.360214205830682
1571,0.370770875361987,Gdansk,0.48846353731594233,-0.49074838765502976,-0.060147697648615626,1,18.75,54.25,-2.9565557547396066,-0.914557758453878,0.836234673060168,11.824619151263013,8.422051153381831,4.2108069019596295,2.5060109408977738,-0.7429882666666666,-0.7788159799999999,-0.7160386,-0.6011552040816311,-3.2098213,-0.130879,0.654663,GdanskHerring,0.0909,Herring,54.3482907,18.6540233,18468.181818181816,11.0,1.0,2.0,1678.9256198347105,-2.397995277798704
1573,-1.1112035713082846,Gdansk,-0.17089840964759376,-1.0897827517318075,-0.26108729686550397,1,18.75,54.25,-1.6066908470689383,-0.0324227971772889,0.2061421547733983,3.599204953722221,7.606770243721501,2.295562479493041,4.424788417397422,-0.32921659999999986,-0.3540379799999998,-0.36769193333333333,-0.31564499999999857,-1.303428321,-0.561738,0.423973,GdanskHerring,0.07,Herring,54.3482907,18.6540233,30638.636363636364,12.0,0.0,0.0,2553.219696969697,-2.659260036932778
1574,1.0717166001614262,Gdansk,0.22558867337176794,0.2843892821323772,-0.1321254845506715,1,18.75,54.25,0.8476784725972657,0.4092318856223003,-0.3303835485874675,10.205432053746584,3.7044986217820313,7.965093575933979,4.503143503545789,0.12730340000000023,0.13169402000000033,0.1103447333333334,0.08677336734694051,0.375256409,-0.0650749,0.6229,GdanskHerring,0.0656,Herring,54.3482907,18.6540233,20605.303030303032,10.0,2.0,4.0,2060.530303030303,-2.7241795830320936
1575,0.3366058267941181,Gdansk,0.3007675688481228,-0.22760775052155705,-0.018287517786641436,1,18.75,54.25,0.4731406443081222,-0.3731678894247315,-0.11098370510379263,2.6657209978406056,1.7277426911985074,1.234794493196694,2.5386049949389533,-0.02610159999999988,-0.038911979999999805,-0.05002860000000004,-0.0057674489795904995,-0.844364747,-0.329609,0.444777,GdanskHerring,0.0229,Herring,54.3482907,18.6540233,5205.303030303031,10.0,3.0,4.0,520.5303030303031,-3.776618368421943
1576,1.084540046028311,Gdansk,0.33425293627620023,0.3196913177243366,-0.19890177627072758,1,18.75,54.25,0.15134385714540904,0.39402029286589607,0.12308615909980833,7.661479300119413,6.053986855190747,6.25808454464326,4.346360479206773,-0.0619782666666665,-0.06043197999999981,-0.05008193333333343,-0.05100214285714127,-1.111388441,-0.275874,0.455884,GdanskHerring,0.0922,Herring,54.3482907,18.6540233,7205.303030303031,8.0,1.0,8.0,900.6628787878789,-2.3837951484195887
1577,1.901944224253076,Gdansk,0.32315083584550075,0.43572286114683906,-0.21684687599714564,1,18.75,54.25,0.9936717893385442,0.7282174228570987,-0.07598332999595053,8.588224927680782,5.974611447728258,3.950046095604484,6.04203466141553,0.0015450666666668115,0.005294020000000138,0.0019913999999999397,-0.00826744897959033,-1.3427136,-0.523993,-0.344948,GdanskHerring,0.0688,Herring,54.3482907,18.6540233,11513.636363636364,8.0,3.0,8.0,1439.2045454545455,-2.676551534042839
1578,0.6395549217934692,Gdansk,-0.08301737117066235,-0.0037873184645118552,-0.18873033243224918,1,18.75,54.25,-1.5784094192185336,0.3069479550481276,0.7906332605702319,8.30673819319248,3.691515321909999,5.80801248798741,1.655027964682588,-0.44617159999999983,-0.46530797999999973,-0.43291860000000004,-0.3884307142857127,-4.36969698,-0.249275,-0.215705,GdanskHerring,0.0651,Herring,54.3482907,18.6540233,10713.636363636364,7.0,1.0,10.0,1530.5194805194806,-2.7318307297676134
1579,1.2024618356186265,Gdansk,-0.5160570512376133,0.3609004960362698,-0.34555541817666946,1,18.75,54.25,0.08025810606195934,0.44850060519973634,-0.25876173610344594,14.238838559180067,9.728118824988341,8.123274594335237,4.331655573678404,-0.7490182666666666,-0.7609479799999996,-0.7097719333333335,-0.6978184693877536,0.418401172,-0.33618,0.380213,GdanskHerring,0.0485,Herring,54.3482907,18.6540233,12046.969696969698,9.0,2.0,5.0,1338.5521885521887,-3.0261914810386994
1580,1.257283029420721,Gdansk,0.24688599089933766,0.26432173994000113,-0.2744462574295007,1,18.75,54.25,-1.0051372330616812,-0.030320355789878264,-0.05519797209201405,12.399818705969887,6.332249442959158,5.705759554355442,4.8700566257322055,-0.6264899333333331,-0.6322999799999998,-0.6194686,-0.6317878571428555,-1.38954313,-0.66621,-0.0912118,GdanskHerring,0.0555,Herring,54.3482907,18.6540233,12846.969696969698,10.0,1.0,1.0,1284.6969696969697,-2.8913722582297483
1581,0.4303902714313903,Gdansk,-0.11054734549569557,0.09834891377876968,-0.08919037551876123,1,18.75,54.25,-0.8950689733195656,0.11158581933021715,0.1326663055273988,6.55910163770345,7.401215384617496,5.833695311533356,6.1356427920463945,0.36763840000000014,0.3815320200000002,0.3031080666666666,0.24938561224489944,-0.789170335,-0.27579,0.191452,GdanskHerring,0.0557,Herring,54.3482907,18.6540233,11046.969696969698,7.0,0.0,0.0,1578.1385281385283,-2.887775132048899
1582,1.0592474356818546,Gdansk,0.2522521986517413,0.13302549669219038,-0.18150589978109896,1,18.75,54.25,0.5251173225196768,0.06152583428750398,-0.5318777161167096,10.186443841962287,6.282648570117455,3.6163117111244145,4.964928207068603,0.45975840000000007,0.44119402000000013,0.3822913999999999,0.4490386734693892,-2.872138107,-0.207758,0.360622,GdanskHerring,0.0619,Herring,54.3482907,18.6540233,9713.636363636364,7.0,1.0,2.0,1387.6623376623377,-2.7822350992915865
1583,1.0294646938396659,Gdansk,0.3797472874688065,0.012579771998381867,0.1832470743947126,1,18.75,54.25,-2.0370271681440157,-0.09072101165407999,0.48330913592886987,12.974198428747988,3.361464998301197,5.366864642557022,2.382141341391038,0.4702050666666668,0.4776760200000002,0.4682414,0.4768652040816342,-1.546176178,-0.513092,0.593172,GdanskHerring,0.0596,Herring,54.3482907,18.6540233,5638.636363636364,9.0,3.0,16.0,626.5151515151515,-2.820099704910833
1584,1.3638601128477204,Gdansk,0.07855804675208797,0.6877821652950817,0.12625333793049381,1,18.75,54.25,-1.076222984145131,0.11588117182249014,0.14800689078821933,8.096720812796928,4.278200555354866,4.4261776923154255,2.1867805252724066,-1.0032466,-1.0388539799999998,-0.9280952666666669,-0.8215123469387743,1.223882551,-0.627821,0.33571,GdanskHerring,0.0638,Herring,54.3482907,18.6540233,3238.6363636363635,4.0,0.0,0.0,809.6590909090909,-2.752002088631393
1585,1.1846630467907762,Gdansk,-0.03672588685660113,0.23851606303189354,-0.25664087055858503,1,18.75,54.25,1.1580098160368417,0.15150307471171703,-0.26642831219168683,7.57728291800029,12.637066494509142,4.511046400974165,5.112188084453997,-0.07337993333333323,-0.022981979999999836,-0.015848600000000122,-0.18234908163265165,-1.448595219,-1.42631,-0.73158,GdanskHerring,0.0621,Herring,54.3482907,18.6540233,3238.6363636363635,5.0,1.0,5.0,647.7272727272727,-2.779009290042704
1586,-0.41735887779369096,Gdansk,-0.17535773406616814,-0.6945422303792238,-0.27827235558431945,1,18.75,54.25,-1.1366076544203194,0.010047684801727269,-0.5119935436926359,2.213069063128508,2.383395988179848,4.3655554506533685,2.3125409266507875,0.6341550666666668,0.6347260200000002,0.5322213999999998,0.5217733673469401,-0.78466431,-0.565654,-0.343006,GdanskHerring,0.0723,Herring,54.3482907,18.6540233,3238.6363636363635,5.0,0.0,0.0,647.7272727272727,-2.626931149817418
1587,0.2539735440879268,Gdansk,-0.40535952124077396,-0.45418032420747245,-0.5444194782094963,1,18.75,54.25,1.329227108969022,0.48425061696121197,1.8050445621625613,5.719724630174283,6.715532768528071,5.389118327020512,4.0041801095419425,-0.18463326666666655,-0.23022397999999974,-0.20380859999999998,-0.07006336734693745,-3.835066959,-1.18664,-1.53015,GdanskHerring,0.1032,Herring,54.3482907,18.6540233,9905.30303030303,8.0,3.0,21.0,1238.1628787878788,-2.2710864259346746
1588,0.7172426686158527,Gdansk,-0.057000794511000305,-0.13755603345930692,-0.12886751531799454,1,18.75,54.25,2.583546652280215,0.45977452806662417,-0.715341725440652,9.610450632833798,3.3259549123673855,5.921835710530741,2.4912008772375307,0.2086834000000002,0.2431020200000003,0.25450806666666664,0.1750896938775525,-1.27837733,-0.77987,-0.359351,GdanskHerring,0.1013,Herring,54.3482907,18.6540233,13455.30303030303,8.0,2.0,3.0,1681.9128787878788,-2.2896688677274994
1589,0.6044117485258439,Gdansk,-0.05320574769363842,0.018316899786429735,-0.2062258964181035,1,18.75,54.25,0.6940415267072293,0.3148486443348579,0.3290719676481742,4.746951805706018,5.424744134424334,4.433436236451369,3.8307450218753107,-1.0762449333333333,-1.1192859799999997,-1.0409019333333336,-0.9293184693877539,-3.993994139,-0.594938,-0.0348028,GdanskHerring,0.098,Herring,54.3482907,18.6540233,15913.197767145135,9.0,3.0,30.0,1768.1330852383483,-2.322787800311565
1590,-0.2587794481245251,Gdansk,0.5272977835155224,-0.41537167439189726,-0.0803008771033201,1,18.75,54.25,-0.46549701515936415,-0.31740833249627787,1.6733536348419162,11.11327871102534,-3.6510733043857972,5.585579569831871,2.2464975638667095,-0.6124165999999999,-0.5945099799999998,-0.5568186,-0.6484613265306105,-1.74139193,-1.42203,-0.733526,GdanskHerring,0.1067,Herring,54.3482907,18.6540233,16063.197767145135,9.0,4.0,20.0,1784.799751905015,-2.2377341206744292
1591,0.23237008123110262,Gdansk,0.26698760874472494,-0.3507377434090904,-0.16015166304563788,1,18.75,54.25,-0.029810153680156326,-0.05770611935905724,0.09239335879146471,6.732023110680324,2.986107210496556,3.7719442225165096,5.590821905020731,0.6774434000000003,0.6981460200000003,0.5788247333333333,0.5077019387755116,-2.25578662,-0.461499,0.233442,GdanskHerring,0.103,Herring,54.3482907,18.6540233,13413.197767145135,10.0,3.0,12.0,1341.3197767145134,-2.2730262907525014
1592,1.4316125772867518,Gdansk,-0.2156418383344815,0.4241443110863229,-0.2867703637297151,1,18.75,54.25,-0.7253804062171372,0.30054277919945427,-0.13110916706921694,14.325262409181144,7.388967880926822,7.480462533062583,4.651156338349425,0.09109340000000017,0.0429340200000002,0.020838066666666606,0.1675896938775524,-4.468161627,-0.682107,-0.0630393,GdanskHerring,0.1128,Herring,54.3482907,18.6540233,13413.197767145135,10.0,1.0,7.0,1341.3197767145134,-2.1821389399181785
1593,0.5773862400892679,Gdansk,-0.41424928844308745,-0.2658659164965887,-0.38753100589800143,1,18.75,54.25,-1.5164960231135935,0.046566704760486445,0.46741431552541224,9.778915980160075,0.05847817122140153,5.133390492586821,2.2173612328145103,-0.07002826666666641,-0.059993979999999746,-0.017831933333333473,-0.02698173469387604,-1.493414274,-0.0855376,1.17469,GdanskHerring,0.1259,Herring,54.3482907,18.6540233,19841.769195716563,12.0,2.0,15.0,1653.4807663097135,-2.0722673379318355
1594,1.1523079140059214,Gdansk,-0.39970449714001705,0.025329843190196454,-0.3103427760686991,1,18.75,54.25,0.8216901334914885,0.4798549117905909,-1.2222971452897635,7.171535126684938,7.042021017597284,4.046145127393459,3.062875040252249,1.4038217333333336,1.4720280200000002,1.3600647333333333,1.1971917346938792,-1.294762317,-0.417153,-0.572583,GdanskHerring,0.1215,Herring,54.3482907,18.6540233,20341.769195716563,14.0,5.0,23.0,1452.9835139797544,-2.107841016201534
1595,-0.2999685102843454,Gdansk,-0.26371820768136595,-0.7650398239773554,-0.3201763681344584,1,18.75,54.25,0.7850007135774498,-0.5627048256530538,-0.09249699515109325,4.174710309308189,7.047351412492678,3.116533462109142,3.9540901117071696,0.6336417333333335,0.5996460200000003,0.5725014,0.6980590816326545,-2.594382137,-0.404132,-0.626498,GdanskHerring,0.1138,Herring,54.3482907,18.6540233,20341.769195716563,18.0,4.0,18.0,1130.09828865092,-2.1733127572899065
1596,2.3336900070794044,Gdansk,0.054147288989270057,0.7321012387861565,-0.168924615357529,1,18.75,54.25,-0.3317335050560986,0.20393216742839812,0.05654760510507799,11.72872856276364,6.744355542533432,6.797446149708397,5.045998144331959,-0.1261865999999998,-0.12327597999999972,-0.030058600000000008,-0.018491938775508723,0.510947759,-0.566098,-0.823238,GdanskHerring,0.1225,Herring,54.3482907,18.6540233,21541.769195716563,16.0,3.0,5.0,1346.3605747322852,-2.0996442489973552
1597,1.149943470834069,Gdansk,-0.4686507358189085,0.007777427603839125,-0.3828131675656204,1,18.75,54.25,-0.020637798701646688,0.1358068261061357,0.41816769190690933,14.984896323344955,1.382084921360749,7.289788468002442,2.3389026805561373,0.9373500666666669,1.0067860200000003,0.9575680666666665,0.7817325510204094,-1.569877941,-0.830101,-1.00463,GdanskHerring,0.1182,Herring,54.3482907,18.6540233,21541.769195716563,16.0,1.0,3.0,1346.3605747322852,-2.1353771740101393
1598,0.9985651954505114,Gdansk,-0.2356106006596262,0.038123731251398306,-0.23616991987448857,1,18.75,54.25,-0.0015287258297516065,0.2034175559581732,1.0922317252030211,17.6277905349423,8.068495956852828,8.974316503714503,3.8285963708014945,0.6535317333333335,0.6391840200000002,0.5973013999999999,0.6521407142857157,0.037326831,-0.300085,0.141689,GdanskHerring,0.1249,Herring,54.3482907,18.6540233,21541.769195716563,15.0,2.0,3.0,1436.1179463811043,-2.080241861850605
1599,-1.0147389109582943,Gdansk,0.6001430428971828,-0.959837931303045,0.05468009702643884,1,18.75,54.25,-1.5356050959854886,-0.8124657628584735,-0.4333381483301066,2.604884471201452,2.276352145536241,5.5226039997953835,2.499355599850618,-0.06722659999999987,-0.07851797999999985,-0.012185266666666656,0.03092642857143009,-1.39565391,0.263666,-0.0149488,GdanskHerring,0.108,Herring,54.3482907,18.6540233,19691.769195716563,9.0,1.0,2.0,2187.974355079618,-2.2256240518579173
1600,-0.09678043289085665,Gdansk,-0.17603356432131478,-0.7785519446837534,-0.266147332039461,1,18.75,54.25,-1.1641247193558482,-0.34248329730890964,0.523685869037444,12.002584553914886,3.4375210681086683,5.644834242370788,2.5051654737239946,-1.1849299333333332,-1.2003659799999997,-1.0759619333333335,-1.0422572448979577,-2.508019272,-1.17402,-0.602916,GdanskHerring,0.1285,Herring,54.3482907,18.6540233,21216.769195716563,10.0,3.0,15.0,2121.676919571656,-2.0518263746468626
1601,-0.004051130646235089,Gdansk,-0.4763332506851053,-0.6849604442853903,-0.6675988242595954,1,18.75,54.25,-1.0158383138699425,0.4883246145006024,1.8931234508982644,14.454089061234184,-2.989058873164649,9.616411030444937,2.909042017119351,-0.07285159999999988,-0.028531979999999835,-0.052125266666666704,-0.2123184693877538,-4.427241393,-0.529803,-0.85691,GdanskHerring,0.139,Herring,54.3482907,18.6540233,24466.769195716563,10.0,2.0,5.0,2446.676919571656,-1.973281345851445
1602,1.5961762816937972,Gdansk,0.06535336330537671,0.29180065925199467,-0.3197000981801685,1,18.75,54.25,1.0976251457616533,-0.20360340673957986,0.4442799323609341,13.455136349832836,0.5846469575464782,4.886282236565067,2.7886493102721333,0.06566673333333348,0.03421002000000016,-0.030385266666666803,0.03733459183673618,0.555353664,0.377236,0.0932494,GdanskHerring,0.1186,Herring,54.3482907,18.6540233,23716.769195716563,9.0,1.0,1.0,2635.19657730184,-2.131998792418512
1603,1.3585766991151782,Gdansk,-0.012499971556729293,0.17681583814510674,-0.00017458143138795293,1,18.75,54.25,-0.7567192857270452,-0.6137230458169611,0.05104079619865046,8.173852837642997,1.5410396531170665,5.08092932848949,1.6647872777119366,-0.05972659999999987,-0.07861997999999976,-0.07290193333333325,-0.01816540816326397,-2.453399364,-0.48847,-0.911512,GdanskHerring,0.1015,Herring,54.3482907,18.6540233,22816.769195716563,8.0,0.0,0.0,2852.0961494645703,-2.287696480500295
1604,0.189817805907055,Gdansk,0.45658976511167604,-0.2633717363303564,-0.22400965858797775,1,18.75,54.25,-0.12306242929500431,0.519608278611096,-0.23624345636836,11.052471931553413,1.19187246122571,5.847812881793707,3.5776067234954714,0.15973006666666684,0.1754880200000003,0.16457140000000006,0.13827336734694018,-1.83223858,-0.142777,-0.544093,GdanskHerring,0.107,Herring,54.3482907,18.6540233,25016.769195716563,9.0,2.0,11.0,2779.641021746285,-2.234926444520231
1605,1.3685042797292413,Gdansk,-0.23112817093318358,0.2425701674024971,-0.3316736262585801,1,18.75,54.25,0.2744062864404133,0.41532523766391266,-0.5201945624203012,14.02343575162975,1.431463582863266,6.434592147228925,4.063305457715755,-0.2249732666666665,-0.23703797999999981,-0.2206352666666667,-0.1844511224489782,-1.972519546,0.434387,-0.114406,GdanskHerring,0.1149,Herring,54.3482907,18.6540233,22100.1025290499,11.0,5.0,6.0,2009.1002299136271,-2.163693094127427
1607,1.5950518233775417,Gdansk,-0.3527371825708092,0.6905370724232189,-0.3392664227896128,1,18.75,54.25,0.3607792958213791,0.16744953460231934,-1.8564281952237127,6.3884742662631195,4.846640809988601,5.036319567025659,2.6660688305169584,0.8951067333333335,0.9149080200000003,0.8362047333333332,0.7959978571428584,-0.30902285,-0.294585,-0.936297,GdanskHerring,0.1031,Herring,54.3482907,18.6540233,15734.031100478469,11.0,5.0,10.0,1430.3664636798608,-2.272055887959223
1608,-0.9424655079463733,Gdansk,0.010934586948654595,-1.1115558754634784,-0.31425525232225865,1,18.75,54.25,-0.3653654733106339,-0.06319298143188393,-0.10394590163138158,10.615380145074381,6.66040695431731,7.179659675795646,5.0760053131011365,0.6035767333333335,0.5945760200000001,0.5745780666666666,0.6297121428571442,-0.308729149,-0.208526,-1.09822,GdanskHerring,0.1067,Herring,54.3482907,18.6540233,12576.136363636364,9.0,2.0,6.0,1397.348484848485,-2.2377341206744292
1609,1.980856552392477,Gdansk,-0.4133828393980277,0.7795200388831116,-0.4453145733923962,1,18.75,54.25,1.294066414884735,0.7632646462220902,-0.6832365095092174,9.68985891091607,0.6819041309082593,4.25954480303931,3.979222388960531,-0.15504493333333308,-0.15821397999999973,-0.08999860000000001,-0.059869489795916955,-1.141075317,0.113319,-0.786615,GdanskHerring,0.1294,Herring,54.3482907,18.6540233,12576.136363636364,10.0,3.0,6.0,1257.6136363636365,-2.044846896915337
1610,1.475258503849897,Gdansk,0.013822750432187239,0.284934515289996,-0.3176357798505387,1,18.75,54.25,-2.7723442922545383,-0.540617280752022,-0.5438072473400619,11.54684605313132,5.087688799141096,4.006547590400068,2.60532019491854,0.9473917333333335,1.01154402,0.9600580666666665,0.7937529591836749,1.252804848,-0.220878,-1.27787,GdanskHerring,0.129,Herring,54.3482907,18.6540233,7575.0,7.0,2.0,7.0,1082.142857142857,-2.047942874620465
1611,0.3667890606393567,Gdansk,0.6349454128737511,-0.14070556077794438,0.07521286606490835,1,18.75,54.25,-1.1603029047814692,0.13212087115802829,1.2254633345015937,12.962451867353414,-1.2370014424181872,5.0372022502077165,1.1211729972793727,-0.029104933333333194,-0.06949797999999978,-0.05726526666666666,0.06416112244898087,1.6221058799999999,-0.398103,-1.4946,GdanskHerring,0.1057,Herring,54.3482907,18.6540233,7575.0,8.0,2.0,5.0,946.875,-2.247150386105945
1612,0.4887465773373285,Gdansk,-0.14044561387722554,0.014708625583243448,-0.5250304509364535,1,18.75,54.25,-1.7030005743432897,-0.11570584801772557,0.5164335497736458,11.838549154732044,2.0954399884988675,7.127828790451492,2.645265607093861,-0.34137826666666643,-0.33514397999999984,-0.26048860000000007,-0.28353275510203935,0.212950308,-0.440182,-1.43803,GdanskHerring,0.1028,Herring,54.3482907,18.6540233,5700.0,5.0,0.0,0.0,1140.0,-2.2749699259610723
1613,1.2914865868350371,Gdansk,0.08138844696594998,0.17316382127927077,-0.0574557984566432,1,18.75,54.25,0.4219283290114434,0.07162122906681055,-1.6015137382340214,6.516000372164997,7.11096855558837,3.357100705228547,4.024157694751568,-0.4282315999999997,-0.4226479799999997,-0.39829860000000006,-0.4247572448979576,1.097142567,-0.656514,-1.46784,GdanskHerring,0.0962,Herring,54.3482907,18.6540233,5700.0,9.0,6.0,14.0,633.3333333333334,-2.3413259213104762
1614,0.9385761144552158,Gdansk,-0.3811336059409022,-0.15333185726822107,-0.6359188499496966,1,18.75,54.25,0.34854948918336626,-0.13908051937305438,-1.1510494795905721,9.267286121817163,5.533226996282544,5.697418951030045,2.2763928229743136,-0.024583266666666468,-0.02119797999999978,-0.0454319333333334,-0.07625724489795786,2.749668094,-0.48652,-1.16363,GdanskHerring,0.1075,Herring,54.3482907,18.6540233,3000.0,8.0,5.0,7.0,375.0,-2.2302644314144198
1615,0.3748066024696433,Gdansk,-0.16641597992115112,-0.1892268708631689,-0.3289845398568056,1,18.75,54.25,-0.9034769653831993,-0.46617253032282213,-0.5168452158161818,9.480125913439208,-1.3896432303456054,7.572371632246729,2.8234734090886326,0.5721784000000002,0.57737202,0.5113580666666665,0.49914071428571577,3.297633212,-0.145294,-1.54407,GdanskHerring,0.1249,Herring,54.3482907,18.6540233,4250.0,8.0,4.0,11.0,531.25,-2.080241861850605
1616,0.35458945808491477,Gdansk,0.5968794181607908,-0.4634890036872435,0.1893418012461479,1,18.75,54.25,-4.28731158953838,-0.5766413872813027,1.0633185881288696,4.663417000586024,-1.5820639714397353,2.36886989505186,0.9569411049027443,-0.024541599999999802,-0.04993197999999972,-0.036835266666666665,0.052579489795919886,0.118425423,-0.216886,-1.43477,GdanskHerring,0.1162,Herring,54.3482907,18.6540233,8750.0,9.0,3.0,7.0,972.2222222222222,-2.152442434564326
1618,0.899813109621563,Gdansk,-0.4986703070667467,-0.12009223638249303,-0.41176153699632456,1,18.75,54.25,-2.1616183232687716,-0.1862138945832543,-0.12061698437041261,11.682522882853382,6.30618824722331,7.4476198014829595,5.4531897927555315,0.30055840000000017,0.30889402000000016,0.28586473333333323,0.27072234693877717,1.228870053,-0.260653,-1.80821,GdanskHerring,0.1306,Herring,54.3482907,18.6540233,315564.51612903224,10.0,5.0,42.0,31556.451612903224,-2.0356160621398063
1619,1.0066135443579556,Gdansk,-0.22172431063080125,0.336866639579009,-0.2959129514313411,1,18.75,54.25,-2.0790671284621847,-0.2708616503720301,0.15968891405228058,11.943858886262156,4.5793812531699265,3.512424010406931,1.8646243011717256,0.02187340000000022,0.012672020000000287,0.02709806666666657,0.05354887755102195,-3.846957039,-0.292715,-1.39855,GdanskHerring,0.1188,Herring,54.3482907,18.6540233,311175.62724014337,7.0,2.0,11.0,44453.6610343062,-2.1303138720535926
1620,-0.5453622833838577,Gdansk,0.2054755028724466,-0.4406003412328183,-0.30380200141728886,1,18.75,54.25,-0.6948058896221051,0.44716073225525643,0.312062314513958,-0.35795361267517706,3.5829093067794684,2.861092973135779,2.9776071075227626,0.9713284000000001,1.0142280200000002,0.9518747333333333,0.8481101020408177,-0.078985701,0.19613,-0.975762,GdanskHerring,0.1046,Herring,54.3482907,18.6540233,313925.62724014337,13.0,7.0,33.0,24148.12517231872,-2.2576117273513145
1621,-0.9034483447261694,Gdansk,-0.13833147820727965,-0.9454400461838766,-0.24792799068957794,1,18.75,54.25,-2.416151173922414,-0.47016444769379584,0.2793361319137929,3.276922954098898,6.719589687194482,2.4580054353980962,5.9669535816057575,1.1475417333333333,1.1559880200000003,1.0837447333333332,1.0983141836734707,-1.344345578,0.540501,-0.853383,GdanskHerring,0.1009,Herring,54.3482907,18.6540233,329886.3415258576,12.0,2.0,30.0,27490.528460488134,-2.2936253516225737
1622,-0.22104848037565464,Gdansk,0.1292164342532506,-0.4585929090709485,-0.08668803356112015,1,18.75,54.25,0.2843430043337988,-0.2579927359339638,-0.7551528097831178,3.2818455153316113,6.892605309955628,4.257656912278013,2.5455303560449165,-0.12286993333333311,-0.14768397999999974,-0.06702193333333328,0.031232551020409657,-0.128057397,-0.0552739,-1.06274,GdanskHerring,0.1183,Herring,54.3482907,18.6540233,325136.3415258576,10.0,0.0,0.0,32513.634152585764,-2.134531507997796
1623,1.043535826331437,Gdansk,0.1694081172900909,-0.007298537327079901,-0.09006695533361757,1,18.75,54.25,-0.16892420418755252,-0.8839268912604773,-0.026663401774959662,7.5542514712465065,3.701648694425854,6.256052703428465,4.572138147765195,-0.3438399333333332,-0.3142899799999997,-0.23443859999999997,-0.3161347959183661,1.759881647,0.0159669,-0.224608,GdanskHerring,0.1686,Herring,54.3482907,18.6540233,274336.3415258577,9.0,3.0,15.0,30481.815725095297,-1.780226233414382
1624,-0.5787725585613636,Gdansk,-0.08778284091849127,-0.5036397782873969,0.11634784883026295,1,18.75,54.25,-2.5063459978777587,-1.4417920666762047,0.8252236988007627,5.307083825269106,-1.8569675090848805,10.008647360061373,2.568487005494381,-0.5178599333333331,-0.5204919799999996,-0.49486526666666675,-0.5143082653061212,-1.950494719,-0.441297,-0.875652,GdanskHerring,0.1765,Herring,54.3482907,18.6540233,275826.81771633384,9.0,2.0,10.0,30647.42419070376,-1.7344344026087857
1625,1.8411618610209703,Gdansk,-0.2426115089437093,0.6239572495652844,-0.22808119605919672,1,18.75,54.25,-0.22548705988836193,-0.0339512700403456,-0.12278858241463818,13.316002899279004,6.188828533192909,4.785946278588207,3.071337915175843,-0.38526993333333315,-0.3974199799999998,-0.39313193333333335,-0.3937572448979576,-0.008477701,-0.0277307,-0.69499,GdanskHerring,0.1288,Herring,54.3482907,18.6540233,443206.81771633384,15.0,6.0,29.0,29547.12118108892,-2.049494465311884
1626,2.1618327271552773,Gdansk,-0.45670529165101736,0.768119799454237,-0.3539729764760281,1,18.75,54.25,-0.2560615764833941,-0.4861554667968173,-1.0165852901040038,16.91476521515289,6.318478586834791,8.801252509485519,3.801631634539046,-1.0166799333333332,-1.0575999799999998,-1.0077352666666668,-0.9188898979591825,1.650078611,-0.457084,-0.355159,GdanskHerring,0.1041,Herring,54.3482907,18.6540233,443206.81771633384,15.0,2.0,3.0,29547.12118108892,-2.262403303361214
1627,-0.4435988057627463,Gdansk,-0.5552378770552171,-0.5826584584937677,-0.5294443257563562,1,18.75,54.25,-0.8331555772146255,0.12788263336758626,-0.11831677830551232,9.876973352320261,6.9525314245417995,8.382580462710163,4.273774015718742,0.8057617333333336,0.8627200200000003,0.7593513999999999,0.5933958163265322,-1.358364647,0.309098,0.387491,GdanskHerring,0.1369,Herring,54.3482907,18.6540233,443323.4843830005,15.0,4.0,25.0,29554.898958866703,-1.9885045466877338
1628,1.5447746734562056,Gdansk,0.1983821733568904,0.42377815518765877,-0.33431223970931595,1,18.75,54.25,-0.9072987799575785,0.2725637853255829,-1.1505115022243668,17.244592286271654,2.3003424922255853,5.744243324633411,3.038546252671783,-0.3436565999999998,-0.4134659799999998,-0.42000526666666665,-0.21361438775510055,-2.446453698,-0.00605333,0.20204,GdanskHerring,0.2335,Herring,54.3482907,18.6540233,446412.3732718894,16.0,4.0,10.0,27900.773329493088,-1.454573201873185
1629,1.2371120956517292,Gdansk,0.3246642335108718,0.21357405992729503,-0.00944088368931718,1,18.75,54.25,-2.7631719372760286,-0.09860169181791716,-1.3043602586830683,12.800440465428693,0.16696147928712035,5.997406058691701,4.937653405084558,0.5045084000000002,0.5489660200000003,0.5431447333333334,0.4284264285714301,0.239566336,0.452509,0.377271,GdanskHerring,0.2127,Herring,54.3482907,18.6540233,444162.3732718894,14.0,1.0,2.0,31725.883805134956,-1.5478725567759455
1630,1.7463376775296264,Gdansk,-0.029748083880386245,0.4404287073663721,-0.1054576164599345,1,18.75,54.25,-1.3735601580318184,-0.0766525012913952,-1.101026186814265,13.10655904426759,6.903015331126694,6.175039009495738,2.4453485392800043,0.36965006666666683,0.3672980200000002,0.32880806666666673,0.3596305102040831,0.221013899,0.00717873,-0.589685,GdanskHerring,0.1407,Herring,54.3482907,18.6540233,276212.3732718894,13.0,3.0,21.0,21247.105636299184,-1.9611253148617938
1631,0.526770212319197,Gdansk,0.0812036045030039,-0.2121073192802467,-0.01829865685063231,1,18.75,54.25,-2.6324658788322663,-0.6415858816294233,-0.9362148355151889,11.58544121777824,-4.432627619523409,6.376588724529107,2.2393488510190633,0.1648700666666668,0.16464202000000017,0.18318806666666662,0.19021214285714433,-0.282763074,0.12341,0.412145,GdanskHerring,0.1643,Herring,54.3482907,18.6540233,275355.23041474656,11.0,2.0,6.0,25032.29367406787,-1.8060612539389147
1632,0.9044341711952154,Gdansk,-0.08195452700872237,0.13915707392499166,-0.2444225376623193,1,18.75,54.25,-1.3330489235434009,-0.08550637955438717,-0.4419476591365234,5.173956922721739,2.2694671636815666,2.7692382509717692,2.398558646710563,-0.17561493333333314,-0.17592797999999982,-0.14054526666666664,-0.13561438775510046,-0.782874757,-0.456343,0.0946172,GdanskHerring,0.1711,Herring,54.3482907,18.6540233,279055.23041474656,12.0,5.0,19.0,23254.602534562215,-1.7655070980839893
1633,0.942627245101451,Gdansk,0.28240462541982214,0.035340481712869694,-0.44351590943156677,1,18.75,54.25,-0.16892420418755252,0.07174822257824096,-0.012409266009662082,7.943273025373497,8.275607633953655,2.5232743290920863,5.147820028980414,-0.5977582666666665,-0.6066759799999998,-0.5554152666666667,-0.5451654081632639,2.695390504,0.503662,0.498075,GdanskHerring,0.1863,Herring,54.3482907,18.6540233,279055.23041474656,13.0,2.0,3.0,21465.786954980504,-1.6803970013745944
1634,1.1459154454957021,Gdansk,0.19376688811020526,0.1817041191988568,-0.23845768025821143,1,18.75,54.25,-2.447490053432322,-0.5377471103118081,0.11371097151957388,5.242564599327257,-0.3048935904924899,3.5036851710824584,2.4128309160049084,0.7632234,0.80837002,0.7262913999999999,0.5910590816326545,-0.440141593,0.814298,1.01778,GdanskHerring,0.1711,Herring,54.3482907,18.6540233,279055.23041474656,12.0,1.0,1.0,23254.602534562215,-1.7655070980839893
1635,-0.7323920488081427,Gdansk,-0.14402693659680602,-0.780618694898463,-0.2103854889483611,1,18.75,54.25,-0.9439881998716171,-0.7539027614387325,-0.5328229346657196,10.04753884965276,4.5249524150872915,7.298981960395028,3.19651947739332,1.6304184000000002,1.64276802,1.4986347333333334,1.4981917346938785,2.615761859,0.169832,0.243734,GdanskHerring,0.1397,Herring,54.3482907,18.6540233,290546.65898617514,10.0,3.0,34.0,29054.665898617513,-1.968258012719221
1636,0.7753217108273719,Gdansk,0.41680242496253034,-0.030980057976645783,0.20359301850202352,1,18.75,54.25,-2.1073485563125893,-1.0314975311562837,0.08656196898585787,16.58699664800623,0.24742563307011478,8.202315468386212,1.70826418466077,0.42786173333333344,0.3962500200000002,0.4337114000000001,0.5746305102040831,2.697063455,0.744721,1.31418,GdanskHerring,0.162,Herring,54.3482907,18.6540233,291546.65898617514,10.0,2.0,3.0,29154.665898617513,-1.820158943749753
1637,0.09039566614992711,Gdansk,0.18644250551596647,-0.40396987518829164,0.1477747115563771,1,18.75,54.25,-1.425536836243373,-0.6106192112924761,-0.46400772748235564,12.875646063725148,2.9763963964911584,7.434282591459684,2.60639080999725,-0.6910899333333331,-0.6805159799999998,-0.5380519333333335,-0.5468898979591824,1.769866815,0.265665,1.35599,GdanskHerring,0.1815,Herring,54.3482907,18.6540233,293796.65898617514,14.0,5.0,8.0,20985.475641869652,-1.7064996252772315
1638,1.3447674267792473,Gdansk,-0.3070810942231251,0.19130389759445948,-0.15723092886838153,1,18.75,54.25,-2.1898997511191762,0.05814712851150988,0.6969352886167041,18.36721706058896,5.440978055995091,8.294137372422226,4.302449224137752,0.19630506666666686,0.2537700200000002,0.24079806666666675,0.06199785714285857,0.875584678,0.443559,1.97003,GdanskHerring,0.1696,Herring,54.3482907,18.6540233,292796.65898617514,12.0,2.0,2.0,24399.72158218126,-1.7743125556243344
1639,1.0098713927673804,Gdansk,0.050138518074126746,0.3006724192316171,-0.36951818266237146,1,18.75,54.25,0.4784911847122528,0.46869952154762917,-0.2419430302801755,12.240630905158348,8.033608776600751,6.348560761365752,3.8325591968282327,0.6726817333333334,0.6658980200000003,0.5813614,0.5867631632653075,1.083453477,0.686883,0.87114,GdanskHerring,0.1782,Herring,54.3482907,18.6540233,291146.65898617514,11.0,2.0,2.0,26467.878089652284,-1.7248487639454282
1640,-0.03615980681382872,Gdansk,-0.20708132176929075,-0.24809409069964583,-0.20636702623786363,1,18.75,54.25,-0.8171039560022336,0.689853420846163,-0.4934383728627539,11.445034588467095,3.0143610699287002,5.228354412242905,5.1767759009235945,0.9248400666666668,0.9260740200000004,0.8784380666666668,0.8996713265306137,0.97490231,0.843907,1.30044,GdanskHerring,0.152,Herring,54.3482907,18.6540233,290946.65898617514,11.0,3.0,22.0,26449.696271470468,-1.8838747581358606
1641,0.40118516228590817,Gdansk,-0.2890474014319473,-0.14872774728490526,-0.47772447725625994,1,18.75,54.25,-0.8813104408518011,1.0893480286431085,0.740491105317202,5.706802460730901,-0.026626986856503443,7.3870790881194575,3.2005004210365215,-0.12667326666666653,-0.14306797999999984,-0.08141526666666668,0.0017019387755116066,-5.211159801,0.893694,0.818434,GdanskHerring,0.172,Herring,54.3482907,18.6540233,291079.99231950846,11.0,3.0,14.0,26461.817483591676,-1.760260802168684
1642,1.5127892255972426,Gdansk,-0.06936213422052004,0.5294919194596536,-0.5466294825440655,1,18.75,54.25,1.0632288145922424,0.5757058919506317,0.05723825972146983,8.574359178092964,1.0433433679032529,6.589386914476032,3.4827283422665745,-0.7041315999999999,-0.6932139799999998,-0.5966019333333333,-0.6319409183673456,-2.908091565,1.07201,2.20695,GdanskHerring,0.1834,Herring,54.3482907,18.6540233,296779.99231950846,11.0,2.0,8.0,26979.999301773496,-1.6960857191597725
1643,1.4143298070012922,Gdansk,-0.6973297441180563,0.21085849791569208,-0.7629370670525005,1,18.75,54.25,-0.877488626277422,-0.14625804399309447,0.19943651343919305,13.911591162403226,1.9198180676811338,5.448535376445975,3.58473094878916,-1.1657665999999998,-1.18136998,-1.1105419333333333,-1.111838877551019,-1.536403559,1.09674,1.73045,GdanskHerring,0.1636,Herring,54.3482907,18.6540233,296779.99231950846,14.0,3.0,6.0,21198.57087996489,-1.8103308548134904
1644,0.6125371151261826,Gdansk,0.007971331214550126,-0.18126179892257172,-0.3412987801188673,1,18.75,54.25,0.10013154184873023,-0.5102577271719949,-0.47484543898295023,15.412533270192577,0.1445016243516024,6.172361084715143,2.575006256201875,-0.48450993333333325,-0.4839899799999998,-0.5024086,-0.5550735714285702,-1.528736664,1.23283,1.79429,GdanskHerring,0.1637,Herring,54.3482907,18.6540233,301113.32565284177,14.0,1.0,3.0,21508.0946894887,-1.8097197946050478
1645,0.41020393412381934,Gdansk,0.09294110090008056,-0.34389132376095655,-0.16635386629492374,1,18.75,54.25,0.8988907878939445,0.10310571401540887,-0.15495423501504405,10.181048895714008,4.50732766471284,5.08060892841559,3.428268966751247,-1.0346682666666664,-1.0917819799999997,-1.0740819333333333,-0.9471756122448964,0.477531946,0.470664,1.48162,GdanskHerring,0.1385,Herring,54.3482907,18.6540233,305113.32565284177,13.0,2.0,26.0,23470.25581944937,-1.9768849533547437
1646,0.04187451962657862,Gdansk,-0.0048809962871701725,-0.2785997337494518,-0.13102511030948316,1,18.75,54.25,-0.28128555267429556,0.3355463283271944,0.5485446422247053,5.583338627985534,0.28392183759749945,4.622016531177833,2.889511801993608,0.5191150666666668,0.5589420200000002,0.4746714,0.3549570408163279,-3.504367969,0.626414,0.608605,GdanskHerring,0.1106,Herring,54.3482907,18.6540233,305113.32565284177,13.0,3.0,9.0,23470.25581944937,-2.201835189893903
1647,0.7114432363409192,Gdansk,-0.13481369508433688,0.08516773318524534,-0.18132629218791335,1,18.75,54.25,-0.46855446681886737,-0.08675683484098812,-0.42441581467741823,6.523396707824303,3.8481069387018088,6.122187545700186,3.622313181281169,0.5730567333333334,0.5501700200000001,0.4636014,0.5531407142857158,-1.237924472,1.04712,1.05945,GdanskHerring,0.1215,Herring,54.3482907,18.6540233,294779.99231950846,13.0,2.0,3.0,22675.384024577572,-2.107841016201534
1648,1.094544644335268,Gdansk,0.013377973255723222,-0.07811689603743929,-0.11940320232247711,1,18.75,54.25,-0.35925056999162747,-0.22591891763515606,-1.4599315184498545,10.061698501252783,4.614670912594585,6.784964293617758,3.6367731831849155,-1.3633866000000001,-1.42844598,-1.2811919333333335,-1.0967980612244883,2.596062066,0.261388,1.16407,GdanskHerring,0.128,Herring,54.3482907,18.6540233,399654.99231950846,18.0,7.0,21.0,22203.055128861582,-2.05572501506252
1649,-0.5791884541029922,Gdansk,0.013008288329831058,-0.6371926360016461,-0.120821808974784,1,18.75,54.25,-1.3047674956929962,-0.22670209711590225,-0.19335019392175748,-2.0127861457362983,3.804721736452174,5.294761974467969,4.984503776688412,1.0015534000000001,1.1137780200000003,1.0330947333333331,0.7163856122448998,-1.346516512,-0.0141239,-0.17461,GdanskHerring,0.1388,Herring,54.3482907,18.6540233,107158.33333333333,10.0,1.0,4.0,10715.833333333332,-1.9747212309094329
1650,0.7340864380518152,Gdansk,0.38528678503022207,0.24590684113507064,-0.1934304582954624,1,18.75,54.25,1.5554785317722597,-0.2555396078364352,-1.4924006000137284,8.64832134479933,5.960757150799822,4.801186927041067,4.6781102525534175,-0.47461659999999983,-0.5607679799999999,-0.5724519333333334,-0.333012346938774,3.10053445,0.0710768,0.181629,GdanskHerring,0.1453,Herring,54.3482907,18.6540233,8291.666666666666,10.0,5.0,19.0,829.1666666666666,-1.9289547084058998
1651,1.3034551363107962,Gdansk,-0.011009679199226442,0.2006395527336034,-0.06837771581835299,1,18.75,54.25,0.6917484379626019,-0.2743177940431979,-0.21224794952701972,13.0222936487205,4.556728636590778,7.2830337254553985,4.034148606688086,1.5051367333333336,1.5862440200000003,1.509028066666667,1.2919570408163281,0.074809445,0.793162,0.355684,GdanskHerring,0.1324,Herring,54.3482907,18.6540233,28291.666666666664,10.0,2.0,5.0,2829.1666666666665,-2.0219276354792295
1652,1.909491958156708,Gdansk,0.0021892279205177508,0.3289325077353346,-0.06589826606054776,1,18.75,54.25,-0.4203996031816918,-0.6328099867312686,0.19030300277076836,13.87665370943853,1.0555748081236245,4.749755744559178,3.3076572093113468,-0.3893682666666665,-0.45896797999999983,-0.42236193333333344,-0.1876245918367332,-3.056481235,-0.641666,-0.384691,GdanskHerring,0.1549,Herring,54.3482907,18.6540233,41311.666666666664,12.0,3.0,5.0,3442.6388888888887,-1.864975531559314
1653,0.9723406710200347,Gdansk,0.07639770046640557,-0.033947843669906747,-0.10020483596648075,1,18.75,54.25,0.5984961623477539,-0.791082841454398,0.06320125229620784,14.055678111243681,4.481793440044418,6.483170046624422,3.0498101821797263,-0.9173632666666667,-0.9024759799999997,-0.7634586,-0.8214001020408148,1.261510338,-0.171547,0.307041,GdanskHerring,0.1438,Herring,54.3482907,18.6540233,38895.0,9.0,0.0,0.0,4321.666666666667,-1.9393318336951906
1654,0.7727185128075479,Gdansk,-0.11931003350473363,-0.05256871044712982,-0.2185269354818354,1,18.75,54.25,0.4005261673949209,-0.06438352174603923,-0.36281857721729055,9.322857399857147,2.1426554360006427,3.262442042660553,2.6934237280073385,-0.46670993333333316,-0.4464799799999997,-0.4492452666666668,-0.5366347959183659,-1.026829084,-0.443923,0.371298,GdanskHerring,0.143,Herring,54.3482907,18.6540233,26666.666666666668,8.0,2.0,8.0,3333.3333333333335,-1.9449106487222299
1655,-0.8490892570814403,Gdansk,0.41487313175553053,-0.6760877022439314,-0.09247388885566721,1,18.75,54.25,1.1037400490806597,0.3538552197493269,-0.0933235922147293,0.5075033313051899,8.151093874941012,3.3828632885086765,4.238744576571116,0.9845184000000002,1.0053080200000002,0.8720880666666666,0.7948652040816341,0.85025794,-0.0415343,-0.123179,GdanskHerring,0.1067,Herring,54.3482907,18.6540233,11222.38095238095,8.0,3.0,10.0,1402.7976190476188,-2.2377341206744292
1656,0.39533181762594866,Gdansk,0.2494737853805829,-0.22840428315618697,-0.058940914570858184,1,18.75,54.25,0.1658667525280493,0.2609630441022647,0.7974238057063258,3.1221829497311284,9.961722288070622,4.210367402460787,5.174006150222559,0.9882567333333334,0.9647160200000002,0.8855514,0.9862733673469404,-0.477178131,0.241619,0.622602,GdanskHerring,0.1683,Herring,54.3482907,18.6540233,15384.88095238095,10.0,3.0,6.0,1538.488095238095,-1.7820071777853768
1657,0.9810667756249482,Gdansk,0.15329216505197873,0.29738345690636975,0.01650096509304973,1,18.75,54.25,-0.7360814870253984,-0.5301528731593556,-0.8544258435928578,9.011418837631389,2.399714689177201,4.8976581159649974,2.9615875194244694,-0.8801982666666665,-0.9231579799999999,-0.7836452666666668,-0.6308388775510189,2.558282252,-0.205543,-0.534528,GdanskHerring,0.1583,Herring,54.3482907,18.6540233,35008.21428571429,11.0,5.0,21.0,3182.5649350649355,-1.8432633120951707
1658,-1.3238648249277603,Gdansk,0.06505877063005643,-1.1441683677351568,-0.24081343376618305,1,18.75,54.25,1.8604593348077052,-0.5501117294257427,0.454770158634055,2.766876834939149,9.059561206863956,2.6033124275722312,4.804851478062614,-0.697189933333333,-0.6501799799999998,-0.5667986,-0.7136449999999988,1.328899295,-0.25086,0.297678,GdanskHerring,0.1964,Herring,54.3482907,18.6540233,29208.214285714286,13.0,3.0,16.0,2246.785714285714,-1.6276018830617716
1659,0.35636856679077084,Gdansk,-0.11541678912893161,-0.05533769702822914,-0.25048421570828605,1,18.75,54.25,-0.5373471291576897,-1.3993444021057706,0.379559018775796,4.306221345731788,3.4524047657589936,5.013053076970574,2.5131750013889733,-0.20554159999999977,-0.20499197999999974,-0.2489119333333334,-0.29088989795918213,2.060333017,0.151235,0.742946,GdanskHerring,0.1792,Herring,54.3482907,18.6540233,25208.214285714286,9.0,0.0,0.0,2800.9126984126983,-1.719252778441307
1660,0.38507306093244065,Gdansk,0.033681762544957715,-0.1733949116636855,-0.07840871439114909,1,18.75,54.25,0.7506043824080387,-0.9261443224828607,0.11401716556721453,1.6418104131358573,5.072273222140754,3.09943957228498,3.0301669599705936,0.07003840000000014,0.04576602000000016,0.004531399999999965,0.04833459183673592,3.489502562,-0.332187,-0.330005,GdanskHerring,0.1664,Herring,54.3482907,18.6540233,21045.714285714286,9.0,2.0,2.0,2338.4126984126983,-1.7933607505950289
1661,1.9248184790426546,Gdansk,-0.01932181370483338,0.8603687145816376,0.0398354935816498,1,18.75,54.25,0.9577467323393813,-0.07452132165371853,-0.7110349790419732,5.656874815257211,0.459792295997415,4.131552203967002,2.6348611476959665,1.3445534000000001,1.3820160200000005,1.2682047333333333,1.1945080612244912,-0.147771776,0.47642,0.521374,GdanskHerring,0.1522,Herring,54.3482907,18.6540233,21045.714285714286,7.0,1.0,1.0,3006.530612244898,-1.8825598335545515
1662,1.5888518990995584,Gdansk,0.6449846691425105,0.4586832555012775,-0.0763326190341231,1,18.75,54.25,1.7916666724688826,-0.018597319550207953,-0.527715179117754,3.361878483925652,12.153805914607217,4.8924338218482495,4.310766852324708,-0.3327599333333332,-0.3892239799999998,-0.33313860000000006,-0.1358184693877536,3.444868635,0.179661,0.463718,GdanskHerring,0.1679,Herring,54.3482907,18.6540233,22626.666666666668,5.0,1.0,3.0,4525.333333333334,-1.7843867148986419
1663,0.17588530526249346,Gdansk,-0.4103213861054831,-0.4987730564278534,-0.4380457288342317,1,18.75,54.25,0.547283847051075,0.3728887916982412,-0.6288011630110498,10.424374774196908,7.7218150331982995,2.569795217087898,6.434543193505767,-0.9108232666666665,-0.8948499799999999,-0.7635252666666669,-0.8167470408163254,-1.804864489,-0.213914,-0.629758,GdanskHerring,0.1431,Herring,54.3482907,18.6540233,23626.666666666668,6.0,2.0,8.0,3937.777777777778,-1.9442115924197318
1664,0.6755683949907989,Gdansk,0.09436207733397861,0.010197343328994397,-0.13187518527716377,1,18.75,54.25,0.8897184329154348,-0.6778768582664555,-0.6954458800663829,8.965717669677302,4.0645809417439684,4.701663350311852,1.9561030970462614,-0.7040565999999998,-0.6930699799999998,-0.6744319333333334,-0.7429715306122436,0.126751028,-0.33862,-0.645603,GdanskHerring,0.1457,Herring,54.3482907,18.6540233,32826.66666666667,7.0,2.0,4.0,4689.52380952381,-1.926205565780978
1665,-0.025492856347981485,Gdansk,0.08531634930355439,-0.46347904766906844,-0.18750255782591094,1,18.75,54.25,-0.28357864141892297,-0.7828999427949146,0.545281581839261,-0.24196464811059393,4.577793646855025,5.024947392709305,4.4270632224006405,1.0759467333333332,1.1088100200000004,0.9641347333333332,0.8483243877551037,0.594877096,-0.553165,-0.948973,GdanskHerring,0.1435,Herring,54.3482907,18.6540233,38493.333333333336,7.0,2.0,5.0,5499.047619047619,-1.9414202437824613
1666,1.4023920646026904,Gdansk,0.39181981082997297,0.1767587084386472,0.032728688158972216,1,18.75,54.25,-1.5325476443259853,-1.1357466439536301,0.40547766989148776,11.652368774378779,1.4598566590380333,6.5065033802042676,3.75213537335509,0.3057700666666668,0.24776802000000012,0.21334473333333331,0.4011407142857156,-0.293084602,-0.767345,-0.915869,GdanskHerring,0.187,Herring,54.3482907,18.6540233,30333.333333333336,7.0,1.0,1.0,4333.333333333334,-1.6766466621275504
1668,1.8094844839335842,Gdansk,0.0906710044020239,0.3891231298313611,-0.2625656439626835,1,18.75,54.25,-0.20332053535696368,-0.4627594312282,-0.6277627888615186,15.44121667871948,5.809466925415359,3.7638404677979262,3.2490100875907886,-1.0209815999999998,-1.01316598,-0.9316252666666668,-0.9696347959183654,1.124881457,0.0934971,0.634397,GdanskHerring,0.1711,Herring,54.3482907,18.6540233,8350.0,9.0,4.0,13.0,927.7777777777778,-1.7655070980839893
1669,0.36718955264240655,Gdansk,0.4172645311198956,-0.2920956057575682,-0.1318087165548994,1,18.75,54.25,-0.9623329098286362,-0.6746220204266662,0.9382721932737108,8.52808567464143,3.466886430444247,4.110479943757768,2.9499060867760276,-0.8759582666666665,-0.8862699799999998,-0.8667052666666668,-0.8932062244897941,-3.021339627,-0.106888,-0.0281509,GdanskHerring,0.1335,Herring,54.3482907,18.6540233,7350.0,7.0,1.0,1.0,1050.0,-2.0136538011418326
1670,-0.7769082753009925,Gdansk,-0.07668651681475883,-0.6670954968237396,-0.20844898321768005,1,18.75,54.25,-1.2382679220988013,-0.9502385563147459,1.1318627418712637,5.7622690287422484,2.7020448175339093,5.840198707420481,3.6011656583622726,-0.09678326666666646,-0.10446597999999978,-0.1622486000000001,-0.1781449999999984,-2.128919637,-0.688077,-0.455913,GdanskHerring,0.2066,Herring,54.3482907,18.6540233,7000.0,6.0,4.0,5.0,1166.6666666666667,-1.576970722296599
1671,1.4321285958291428,Gdansk,0.30853672861882553,0.3604798682786474,-0.0027478946611852848,1,18.75,54.25,0.012229806638012852,-0.6239317902975208,0.2178868946634412,16.578089156251796,5.494665743406266,5.0421114110252265,3.5343944120484965,1.1061884000000002,1.1212000200000003,0.9899414,0.9640284693877564,2.27731881,0.35027,0.344386,GdanskHerring,0.1378,Herring,54.3482907,18.6540233,6000.0,2.0,0.0,0.0,3000.0,-1.9819519204025788
1672,-0.06709781404943045,Gdansk,0.06340096479050866,-0.4075781569689479,-0.10067553354501978,1,18.75,54.25,0.1926194545487024,-0.2103566272586459,0.4014285315280338,-3.585929387932184,6.901738285237641,-1.0384874686129726,5.322870451478472,-0.20571659999999986,-0.25900197999999985,-0.2243219333333335,-0.03917561224489656,0.482570344,-0.0250447,-0.0360624,GdanskHerring,0.15,Herring,54.3482907,18.6540233,65657.14285714286,6.0,5.0,19.0,10942.857142857143,-1.8971199848858813
1675,2.3387731748104215,Gdansk,-0.8012285372746597,0.5152030033309195,-0.6928589376797755,1,18.75,54.25,1.8673386010415873,0.33419263275073985,0.7186106073463235,17.261219762864823,2.064185829780214,2.190571938896747,4.721164863405781,0.08704506666666688,0.05074002000000026,0.04458806666666663,0.144834591836736,-5.37141946,-0.589921,-0.767955,GdanskHerring,0.1383,Herring,54.3482907,18.6540233,44857.142857142855,10.0,5.0,10.0,4485.714285714285,-1.9783300403114246
1676,1.3480252751886723,Gdansk,0.17226739913878825,0.05894897645830877,-0.1252841319152773,1,18.75,54.25,0.8644944567245334,-1.082679404205304,0.9064685751777758,8.67071263251439,-1.0360313654630355,6.951215531953908,2.6156030760278215,-0.8424299333333332,-0.8648279799999998,-0.7619086,-0.7034511224489781,-3.095155196,0.316135,0.439549,GdanskHerring,0.1388,Herring,54.3482907,18.6540233,43857.142857142855,7.0,1.0,4.0,6265.306122448979,-1.9747212309094329
1677,0.0749690222632181,Gdansk,0.10297458084187296,-0.4525911320423528,-0.10725705946393647,1,18.75,54.25,-0.16968856710242833,0.3249248923699114,-0.10449317718236201,12.257524916369867,3.7429041482378773,5.077984090933618,4.154754479933087,-0.07831326666666656,-0.03785197999999982,-0.04607526666666673,-0.17205316326530443,-1.229665334,0.538229,0.367824,GdanskHerring,0.1316,Herring,54.3482907,18.6540233,46257.142857142855,6.0,1.0,5.0,7709.523809523809,-2.0279882600909205
1678,1.486456876396714,Gdansk,0.029557465090473134,0.3321467355954891,-0.003244530804156231,1,18.75,54.25,1.0120164992955636,0.296275232350465,-0.5790133147563422,19.398651298828742,-1.112563984889482,5.650000294427665,2.1106471491445804,-0.8686582666666666,-0.9205259799999997,-0.8953285999999999,-0.7784409183673456,-2.421722991,0.208068,-0.373097,GdanskHerring,0.1395,Herring,54.3482907,18.6540233,47423.80952380952,8.0,2.0,7.0,5927.97619047619,-1.9696906777207166
1679,0.23243939715470738,Gdansk,0.33526956982240375,-0.5830048710300214,-0.12921200525857207,1,18.75,54.25,-0.6886909863030987,-0.6756225545452731,-0.4414362809168048,8.277741844466352,-3.650108603752628,2.7089719719933782,1.73519696741491,-0.5033432666666665,-0.5019399799999997,-0.48053193333333327,-0.5155327551020394,-0.259387127,-0.240811,-0.608359,GdanskHerring,0.149,Herring,54.3482907,18.6540233,5566.666666666667,7.0,1.0,1.0,795.2380952380953,-1.903808973036678
1680,1.3424877030695788,Gdansk,-0.04573118059825593,0.3468304445065201,-0.03649396569922222,1,18.75,54.25,1.8566375202333258,0.31474300188429205,-0.43679432739843616,12.932097857915048,0.917019791236523,2.2566868800465447,1.3008805480398533,0.8690417333333335,0.9009280200000003,0.7786380666666666,0.6944264285714302,0.270857045,1.13688,0.23975,GdanskHerring,0.145,Herring,54.3482907,18.6540233,3566.666666666667,4.0,1.0,1.0,891.6666666666667,-1.9310215365615626
1681,-0.12498431202871411,Gdansk,0.2588949746638664,-0.49653916005557414,0.10179043223566303,1,18.75,54.25,-1.5134385714540903,-0.21968417568971926,0.18338596819165187,2.9446078299132736,-1.1727547005281385,1.2626670507373225,1.728608298350107,0.5290017333333334,0.4971580200000002,0.4479213999999999,0.5634672448979607,0.55810842,0.152768,-0.189523,GdanskHerring,0.109,Herring,54.3482907,18.6540233,3566.666666666667,3.0,0.0,0.0,1188.888888888889,-2.2164073967529934
1682,1.8465222924464069,Gdansk,-0.21498333706023606,0.6865022163134522,-0.15283844116181458,1,18.75,54.25,1.1343145656756919,0.6123870948523791,-0.9454498940020696,10.148976689896616,3.555281922689124,3.4800853022053855,3.7882957758407265,1.243130066666667,1.2892000200000002,1.2441814,1.159875408163267,0.325898396,0.762618,0.749775,GdanskHerring,0.1157,Herring,54.3482907,18.6540233,1166.6666666666667,3.0,2.0,4.0,388.8888888888889,-2.1567546447825063
1683,0.9598098923861477,Gdansk,0.39192956104234716,0.14666280849443938,0.13450231659310422,1,18.75,54.25,1.0311255721674586,-0.2612609943090666,-1.14868976972606,10.881185362887331,7.142716219811317,4.9501545862565575,3.4106862553437187,0.550415066666667,0.5486040200000002,0.5530180666666666,0.6044876530612261,1.811059466,0.414287,-0.125154,GdanskHerring,0.1271,Herring,54.3482907,18.6540233,26254.901960784315,4.0,2.0,19.0,6563.725490196079,-2.062781100786729
1684,-0.5869287322388598,Gdansk,0.5721047517990479,-1.1707734961885574,0.2336288060847621,1,18.75,54.25,-1.3735601580318184,-1.102809318729495,1.1016816886562228,2.706076004900668,-0.3586513324824854,4.107338526820651,0.7528640609600549,-0.6343615999999997,-0.6454599799999998,-0.5241819333333334,-0.49066540816326387,-1.558095327,-1.11429,-2.10983,GdanskHerring,0.1342,Herring,54.3482907,18.6540233,25088.235294117647,5.0,2.0,3.0,5017.64705882353,-2.0084240544445557
1685,0.8661871849039536,Gdansk,0.04675936679839354,-0.11405089949927621,-0.03648538207998476,1,18.75,54.25,0.17274601876193152,-0.5694570377662459,-0.20899759515869348,4.3861234267900295,9.222732153367183,2.1047571287849562,1.6298758395972144,-1.9255065999999996,-1.95211998,-1.7853785999999998,-1.7579919387755087,-3.21126461,-0.423456,-0.321989,GdanskHerring,0.1205,Herring,54.3482907,18.6540233,22588.235294117647,4.0,2.0,2.0,5647.058823529412,-2.1161055260514274
1686,1.7538931132025477,Gdansk,0.5379608830967249,0.6255059301158938,0.044918409754044694,1,18.75,54.25,0.5916168961138717,-0.10783516410498456,-1.0995126525710432,11.293728597084005,5.292988427550293,3.6373432288221257,3.1132377131412685,0.33018006666666677,0.3981620200000002,0.30078806666666663,0.053865204081634005,-3.490290742,-0.131791,0.370736,GdanskHerring,0.1153,Herring,54.3482907,18.6540233,22588.235294117647,2.0,1.0,2.0,11294.117647058823,-2.1602178517071238
1687,1.015339648962869,Gdansk,0.01903877368344721,-0.03964960036196662,-0.15496932748256562,1,18.75,54.25,0.6466510259849295,-0.459464009553844,-0.49360229189739857,13.704492574055978,6.097509935560479,7.790134153225671,2.771562813134511,1.2382184,1.2113780200000002,1.0258280666666666,1.1043958163265322,-2.94011944,-0.0716935,-0.560735,GdanskHerring,0.1538,Herring,54.3482907,18.6540233,24588.235294117647,6.0,4.0,6.0,4098.0392156862745,-1.8721022219105936
1689,0.7497903456329432,Gdansk,0.41312290468450974,0.004528854766668769,0.07999808176021465,1,18.75,54.25,1.2879515115657285,0.40092092825571685,0.14887588571722135,9.465008403054478,5.533609842324755,2.8609089451054985,3.2199257579174065,0.6401350666666668,0.6852400200000002,0.7065447333333332,0.6390998979591851,-4.364131834,0.661128,0.702819,GdanskHerring,0.1538,Herring,54.3482907,18.6540233,82588.23529411765,8.0,4.0,7.0,10323.529411764706,-1.8721022219105936
1690,1.7543475175906238,Gdansk,0.5904099319576778,0.6916735989274841,-0.19781849290100795,1,18.75,54.25,-0.38600327201228063,0.04228632705814545,-0.06491550154403805,11.382589335024308,-0.22590772218483846,7.263161544149115,1.7569467886181087,0.3751250666666668,0.39510002000000016,0.40455139999999984,0.3707835714285728,-4.285012734,0.315687,0.0460976,GdanskHerring,0.1328,Herring,54.3482907,18.6540233,80588.23529411765,4.0,0.0,0.0,20147.058823529413,-2.0189110419398038
1691,0.011845321167128553,Gdansk,-0.11219359868130918,-0.5473085360929315,-0.3026811155507373,1,18.75,54.25,0.947810014445996,0.43522542675818543,0.10003205304786025,2.158246223815952,1.4664110011289802,-1.0570305974177958,2.032272680533043,0.0676367333333335,0.06886602000000025,0.10149140000000001,0.09173255102040968,-2.431562704,0.318654,-0.0422589,GdanskHerring,0.1538,Herring,54.3482907,18.6540233,80588.23529411765,3.0,0.0,0.0,26862.745098039217,-1.8721022219105936
1693,1.2139759807063102,Gdansk,0.2331787670064917,0.337801019686083,-0.04755137452669358,1,18.75,54.25,1.2008141392698868,-0.42466414873526476,-1.2468970905597134,5.662849236323069,2.066349489988465,5.801189576658092,3.4189839147895795,0.8054334000000002,0.7849700200000002,0.7511814,0.8486509183673482,0.420132894,0.261385,0.424926,GdanskHerring,0.1231,Herring,54.3482907,18.6540233,80588.23529411765,2.0,0.0,0.0,40294.117647058825,-2.0947582457917293
1694,0.1946391134822321,Gdansk,0.5348936534772132,-0.37970466910799,-0.1191961068678376,1,18.75,54.25,1.3919048679888375,-0.3038640205925833,-0.5760875744180972,-1.938983423846268,10.236671785089133,1.6265455712282688,2.8157997993266033,-0.045658266666666586,-0.04345797999999981,0.04504473333333341,0.06536520408163425,-1.674852788,0.599743,0.765101,GdanskHerring,0.1363,Herring,54.3482907,18.6540233,80588.23529411765,2.0,0.0,0.0,40294.117647058825,-1.9928969402796501
1695,-0.5003839507336427,Gdansk,-0.4489996714769523,-0.8006518231018477,-0.7401444658815829,1,18.75,54.25,-0.33555531963047763,-0.2937140749246883,0.823147895174609,3.505340742254345,3.7185599589943683,5.204168126922949,2.0336388982166613,1.7769600666666672,1.8770780200000001,1.7708780666666666,1.5214876530612258,-2.041568279,0.227544,-0.136875,GdanskHerring,0.1322,Herring,54.3482907,18.6540233,85588.23529411765,3.0,1.0,6.0,28529.411764705885,-2.023439351564551
1696,1.6255123209171993,Gdansk,-0.5026964069627913,0.47179902454110073,-0.4783479146911287,1,18.75,54.25,-0.8048741493642207,-0.19874981849032197,-0.6891345751927703,11.54047302002462,-0.6009732440714748,7.667890106351887,2.63940820366513,-0.2965782666666665,-0.37500397999999985,-0.3199419333333334,-0.08051234693877399,1.906401767,0.169716,0.216441,GdanskHerring,0.1621,Herring,54.3482907,18.6540233,91188.23529411765,4.0,1.0,2.0,22797.058823529413,-1.8195418502405067
1697,-0.9161254569765555,Gdansk,-0.3218107279891416,-0.7985418044048344,-0.31976869558935056,1,18.75,54.25,-1.475984788625176,-0.5852109090907814,-1.0108672373720973,1.1663840471948175,-2.6952530930484913,2.6822319821220098,1.411463355786076,-0.42677659999999984,-0.39325797999999973,-0.2759619333333333,-0.3790429591836718,-0.003707393,-0.0269484,0.339377,GdanskHerring,0.1476,Herring,54.3482907,18.6540233,91188.23529411765,4.0,0.0,0.0,22797.058823529413,-1.9132493668157649
1698,-1.102308027779004,Gdansk,-0.06169117200825733,-0.9045287893723457,-0.29024105942231443,1,18.75,54.25,-0.9409307482121139,-0.18711384999796474,-0.7828484223477228,-3.229978354554723,5.311139702784662,1.8961447180686366,3.757267147886611,0.10206840000000016,0.13079802000000024,0.0962247333333334,0.007855000000001635,-2.423745178,0.249314,-0.0478581,GdanskHerring,0.1174,Herring,54.3482907,18.6540233,27588.235294117647,3.0,1.0,1.0,9196.078431372549,-2.142168371588141
1699,1.6466074670009219,Gdansk,-0.08053932690179139,0.30665667076778497,-0.3993273439698394,1,18.75,54.25,-1.5784094192185336,-0.09233254592301006,-0.9404168259738539,16.52927048517233,-2.443383233194672,7.72851221323567,1.7188360195917682,0.18324840000000017,0.1658600200000003,0.13187139999999997,0.1647121428571443,-3.702363235,0.723668,0.859226,GdanskHerring,0.1132,Herring,54.3482907,18.6540233,27588.235294117647,4.0,2.0,3.0,6897.058823529412,-2.1785991132130547
1700,1.1445368287928959,Gdansk,0.1143366159860904,0.0026137939496990864,-0.21078163963062155,1,18.75,54.25,-1.8673386010415873,-0.2855754413049023,-0.217315696747592,7.893861790722865,3.2246613458845816,5.386875920181827,4.305468197276891,0.09355006666666689,0.08534202000000024,0.08912473333333325,0.118630510204083,-1.606769315,0.330346,0.29928,GdanskHerring,0.1013,Herring,54.3482907,18.6540233,41363.63636363636,4.0,2.0,29.0,10340.90909090909,-2.2896688677274994
1706,-0.1944080604035495,Gdansk,0.1460775326701142,-0.34355876391829454,-0.03277290951875882,1,18.75,54.25,1.6456733557276044,-0.32913677694513416,-0.6612713685326685,-1.1612354074911797,0.4739982044424744,4.044401884541526,1.7717952570484659,-0.01589326666666647,-0.011747979999999856,-0.0633786000000001,-0.09924704081632521,1.623314574,0.581229,0.290916,GdanskHerring,0.14319,Herring,54.3482907,18.6540233,128035.06493506493,8.0,0.0,0.0,16004.383116883117,-1.943582859296222
1707,0.018830825912632892,Gdansk,0.2937031209674019,-0.06846796239926821,-0.07567021016111074,1,18.75,54.25,-0.12841296969913496,-0.5013721066033389,0.225826522353635,1.5568822507029527,1.3346566328774652,5.42515076681828,2.8556120803067677,-0.3109799333333331,-0.3474199799999998,-0.35712193333333325,-0.26347153061224343,-0.184869195,0.0804694,0.178386,GdanskHerring,0.15768,Herring,54.3482907,18.6540233,141485.06493506493,6.0,1.0,2.0,23580.844155844155,-1.8471876161376724
1709,-0.9017847625596547,Gdansk,0.2902084431523274,-1.091914015819243,-0.15639409082105998,1,18.75,54.25,-1.3162329394161332,-0.002519546421052289,0.29498905273251996,-0.4058215642900749,3.594599943499655,3.560433631281057,4.582996297980219,0.10044673333333345,0.09657802000000024,0.07443806666666664,0.0955794897959199,-0.294012792,-0.396237,-0.0100813,GdanskHerring,0.108,Herring,54.3482907,18.6540233,127235.06493506493,7.0,2.0,23.0,18176.43784786642,-2.2256240518579173
1712,0.48942433303479754,Gdansk,0.2975963653432039,-0.08099753852994891,-0.1244170651315348,1,18.75,54.25,-1.3108823990120027,1.0066597654086662,-0.4957647537935203,10.0818611311992,8.082599237570955,3.5023129616841446,3.6321227201135895,0.5749550666666668,0.6171280200000003,0.6106747333333333,0.5072121428571443,-0.453219556,0.014745,-0.41923,GdanskHerring,0.0858,Herring,54.3482907,18.6540233,122435.06493506493,6.0,1.0,1.0,20405.844155844155,-2.4557362724882204
1713,1.5378892917114635,Gdansk,-0.23379105766500066,0.5724240341866116,-0.4537822752629466,1,18.75,54.25,-0.04356868614792078,0.926629191991107,0.05928576183370077,12.903435867348554,13.770052950850769,7.128232446654505,5.461763690525851,0.06891340000000017,0.05654802000000022,0.0612813999999999,0.10807948979591996,-1.722910087,-0.264324,0.411527,GdanskHerring,0.095067,Herring,54.3482907,18.6540233,122435.06493506493,5.0,0.0,0.0,24487.012987012986,-2.3531733728048927
1714,2.049202053066794,Gdansk,0.03722842730273582,0.38308342794094935,-0.29723712299078153,1,18.75,54.25,-1.3812037871805765,0.15840200560123927,0.41788033334014413,10.430892973479674,0.185112754521489,1.1105426241360334,2.4869892402038087,-0.09920993333333325,-0.09481597999999986,-0.05727526666666666,-0.07400214285714135,-1.93168639,0.183938,0.264389,GdanskHerring,0.14784,Herring,54.3482907,18.6540233,131435.06493506493,7.0,2.0,6.0,18776.43784786642,-1.911624671088763
1718,1.1943980831726035,Gdansk,0.3130133820183012,0.005434256485062429,0.013053846238728664,1,18.75,54.25,-1.4545826270086535,-0.9814076384005495,-0.8372852967728267,11.919078306075429,2.811101948455436,5.741187238071279,2.754500654410487,0.38080840000000016,0.3809620200000002,0.3100547333333333,0.30474275510204213,1.961015518,-0.379794,-0.200809,GdanskHerring,0.10914,Herring,54.3482907,18.6540233,61451.13636363636,9.0,1.0,1.0,6827.90404040404,-2.2151238172240513
1719,0.946639866901239,Gdansk,0.44161752561304285,0.26487037960768245,-0.17504043477557613,1,18.75,54.25,-1.2268024783756641,-0.9282642794946673,-0.30205782247828417,14.820317145945204,-2.94440822642118,7.1024280767754195,0.11276630774763471,0.6132667333333335,0.6104480200000003,0.5560747333333333,0.5874264285714301,0.231280521,-0.306846,-0.499665,GdanskHerring,0.10914,Herring,54.3482907,18.6540233,43951.13636363636,8.0,2.0,4.0,5493.892045454545,-2.2151238172240513
1720,1.0610573514648685,Gdansk,0.09522852637903843,0.34265700200335125,-0.17181144911116714,1,18.75,54.25,-0.6076685173262636,-0.13959509053020425,1.128479127343846,16.43438654081191,2.2717316667867165,7.353146753075707,3.7113677815963,0.47900006666666683,0.48491002000000016,0.47743473333333336,0.4938141836734708,0.956734805,0.109869,-0.178693,GdanskHerring,0.10914,Herring,54.3482907,18.6540233,43451.13636363636,6.0,1.0,2.0,7241.85606060606,-2.2151238172240513
1722,1.5968463356219766,Gdansk,0.4156760412039526,0.49862525527144674,-0.21316352941196837,1,18.75,54.25,1.7733219625118632,0.9781743251303704,-0.3771368723130052,8.794274035968263,7.797489595586086,1.9218630036049933,4.7752434528454994,0.6262200666666669,0.6566700200000003,0.6328947333333332,0.5591509183673484,1.456654061,-0.741886,-0.261051,GdanskHerring,0.08946,Herring,54.3482907,18.6540233,2000.0,2.0,2.0,5.0,1000.0,-2.413963680977435
1724,1.9107319430123049,Gdansk,0.14372656759451863,0.6046342789963982,-0.28834198823128393,1,18.75,54.25,-0.20026308369746046,0.5046075378642924,-1.1279744746323919,17.472428219836143,-2.5662089892030227,10.543223631587095,0.4631114845522195,0.1364900666666668,0.11464202000000018,0.15657806666666663,0.24450806122449129,1.71847572,0.0547503,-0.180457,GdanskHerring,0.09495,Herring,54.3482907,18.6540233,0.0,1.0,0.0,0.0,0.0,-2.354404841723842
1734,1.7356014111401745,Gdansk,0.32609098627173705,0.36721217891215413,0.058018520999530095,1,18.75,54.25,1.8688673268713387,1.177279847952128,0.5071358558876006,8.284983494856077,13.76986242024468,2.9819341080907975,1.2182629265210034,0.10484173333333341,0.16615202000000015,0.15205139999999995,-0.044277653061223055,-2.443968207,-0.063905,0.559148,GdanskHerring,0.081726,Herring,54.3482907,18.6540233,28333.333333333332,4.0,2.0,3.0,7083.333333333333,-2.5043830902888775
1736,0.7644006019749737,Gdansk,0.334229830968332,0.22514095839716852,-0.0947965385184245,1,18.75,54.25,0.46855446681886737,0.2432063244903443,0.894821742924417,6.465238616122264,9.458443946926675,8.280484010612518,2.2667043066282364,0.3373684000000001,0.32932802000000017,0.3149313999999999,0.3445386734693893,-2.84722466,-0.871766,-0.286241,GdanskHerring,0.10583,Herring,54.3482907,18.6540233,50000.0,2.0,1.0,4.0,25000.0,-2.245921245876504
1737,1.5628815330556327,Gdansk,0.034478895666412726,0.38235404723153826,-0.15500994334943433,1,18.75,54.25,-0.2889291818230536,0.714951561549794,0.4124382302075948,10.84714627437289,-5.63292514781905,6.200929190475151,0.8776093109895101,0.4362784000000001,0.4513920200000001,0.43532806666666657,0.4228550000000013,0.391891584,-0.298875,0.829519,GdanskHerring,0.10916,Herring,54.3482907,18.6540233,50000.0,2.0,0.0,0.0,25000.0,-2.2149405831419995
1738,0.905381488817814,Gdansk,0.19982625509865673,0.2698339618461902,-0.03906608113517262,1,18.75,54.25,0.12611988095450755,0.5267223312781004,-0.39197833930511916,7.606752841628672,8.014741338315394,2.96322571009958,2.29264481629869,0.32698173333333347,0.33617602000000024,0.33329473333333337,0.3266713265306137,-3.897267319,0.132986,1.05688,GdanskHerring,0.093336,Herring,54.3482907,18.6540233,50000.0,2.0,0.0,0.0,25000.0,-2.3715493934605814
1739,0.9014304811723415,Gdansk,-0.32077676546203693,0.06607839572487793,-0.5016317774542567,1,18.75,54.25,-1.366680891797936,-0.18565834878222082,0.08765240250279072,9.864359363529351,-2.892500014553521,8.519711287056536,3.027987886002954,0.24071006666666675,0.2487180200000002,0.2566647333333333,0.24238561224489943,-0.40373382,-0.386681,-0.137031,GdanskHerring,0.0945,Herring,54.3482907,18.6540233,50000.0,2.0,0.0,0.0,25000.0,-2.35915544448244
1740,-0.9398006957722337,Gdansk,-0.7248250604812871,-0.8516944100719493,-0.8523144815640901,1,18.75,54.25,-1.7717932366821119,-0.7173092461019213,0.28485425891042226,6.300245358154712,-0.5340278391705962,5.508233143828309,1.803652067763158,0.26364006666666673,0.2735440200000003,0.27287473333333334,0.2520386734693893,-2.974397837,-0.967676,-0.619613,GdanskHerring,0.083935,Herring,54.3482907,18.6540233,44496.666666666664,4.0,3.0,13.0,11124.166666666666,-2.47771258920776
1741,0.6042577131400556,Gdansk,-0.5200542694988224,0.2783513519627498,-0.74558668288751,1,18.75,54.25,-0.8285693997253707,-0.7228106279265648,0.2602438122491157,3.884801556834597,3.651752432213588,4.117966336079449,0.6781992104892995,0.48143006666666677,0.49599002000000025,0.4740147333333333,0.44401826530612404,-4.029758764,-0.0922972,0.353436,GdanskHerring,0.095817,Herring,54.3482907,18.6540233,47830.0,4.0,1.0,3.0,11957.5,-2.3453151567211084
1742,1.0199453069979423,Gdansk,-0.7843443335499278,0.19955793747428088,-0.8011322717158033,1,18.75,54.25,-0.3967043528205419,-0.7581485957852987,1.1239257580310127,4.107388900213564,7.924239746630849,6.509193851229052,1.1780648986989273,-0.6077999333333332,-0.6415439799999997,-0.5706585999999999,-0.47519602040816167,-2.512045511,-0.584601,0.127061,GdanskHerring,0.097622,Herring,54.3482907,18.6540233,47830.0,4.0,0.0,0.0,11957.5,-2.3266524011280048
1743,1.9776757216759469,Gdansk,-0.031365455431164535,0.5973049622140638,-0.34371859810078,1,18.75,54.25,0.12535551803963174,-0.4015459237388627,1.4483941191935894,5.8096741144350945,8.710733578886494,2.5335874509017713,4.059959565933656,-0.27607159999999986,-0.24990997999999975,-0.2167519333333333,-0.3059103061224476,-2.123283132,-0.162895,0.0615899,GdanskHerring,0.10024,Herring,54.3482907,18.6540233,40030.0,3.0,0.0,0.0,13343.333333333334,-2.300187968394324
1744,-0.2190383185911159,Gdansk,-0.18666200594071494,-0.4641811015986074,-0.21513585193923507,1,18.75,54.25,1.183998155142619,-0.47169683145530483,1.1344948368942,1.118679110056324,9.68227234212235,-0.6754520928799747,2.3196397569345253,0.1578084000000002,0.16149402000000027,0.11219140000000005,0.09017132653061377,-0.285092007,-0.070602,0.600982,GdanskHerring,0.091155,Herring,54.3482907,18.6540233,50596.666666666664,3.0,1.0,2.0,16865.555555555555,-2.395193924726709
1746,1.5075058118647,Gdansk,0.051790547586707425,0.5425848727669883,-0.2931709697556172,1,18.75,54.25,-0.9332871190633558,-1.0774944697678477,1.1455867999190685,8.837838167428766,0.16096958176051634,6.428094713361498,1.47446565209292,0.8691734000000002,0.8811780200000003,0.8325747333333333,0.8334264285714299,3.821283269,0.875006,0.431728,GdanskHerring,0.105,Herring,54.3482907,18.6540233,37946.666666666664,2.0,0.0,0.0,18973.333333333332,-2.2537949288246137
1754,0.6600185227954593,Gdansk,0.03883424619957998,-0.2601178431329527,-0.03140639675989128,1,18.75,54.25,-0.12764860678425916,0.422373389240823,0.6999599545779805,3.3577686153015773,4.993152599165564,2.259922326505366,2.8904010367140924,-0.9689949333333332,-1.0170119799999997,-0.9992152666666667,-0.8863388775510189,0.372650143,0.232191,0.172946,GdanskHerring,0.07881,Herring,54.3482907,18.6540233,0.0,1.0,1.0,2.0,0.0,-2.540715386616579
1758,-0.11873047536570476,Gdansk,0.0942927614103738,-0.5834140424261413,-0.17642086069990456,1,18.75,54.25,0.5442263953915719,-0.08493366103754314,1.2835731216981066,4.70052837653166,3.6104028286172922,4.904098599343748,3.304061254973642,-0.5306482666666665,-0.5204079799999998,-0.4840119333333333,-0.5204001020408148,-0.181212824,0.467112,0.197369,GdanskHerring,0.10773,Herring,54.3482907,18.6540233,123500.0,3.0,1.0,1.0,41166.666666666664,-2.2281271820760358
1759,1.4651460807728878,Gdansk,0.4970818171508038,0.3094202465273322,-0.10962678602393748,1,18.75,54.25,1.5294901926664821,-0.09691495474791106,-0.4596113509858346,4.882579850073825,-8.81223373944569,1.3089519873144229,2.048461627684163,0.7178934000000002,0.7520980200000001,0.6612780666666666,0.5518345918367362,-0.719379484,0.338791,0.21922,GdanskHerring,0.09768,Herring,54.3482907,18.6540233,123500.0,2.0,0.0,0.0,61750.0,-2.326058449179688
1760,0.07062522438398496,Gdansk,0.2881058601363156,-0.397748572934042,-0.00505806077951169,1,18.75,54.25,-0.48078427345688024,-0.5270968271119402,-0.0358345057183107,13.286193857944236,-1.6394899853563194,6.22182081426375,0.3719195258676407,0.28495173333333346,0.24685802000000018,0.21385473333333332,0.33177336734694013,0.244933785,0.054088,-0.8341,GdanskHerring,0.080584,Herring,54.3482907,18.6540233,123500.0,2.0,0.0,0.0,61750.0,-2.518455160341757
1761,0.7872055408409476,Gdansk,0.8934938079195937,-0.29469505869484197,0.1523962347990431,1,18.75,54.25,0.18650455122969598,-0.2850374101469288,0.8664423430082793,3.768087951276365,-3.403744052137498,-1.1913877823536843,3.2889259206414687,0.5389067333333334,0.5632280200000003,0.5626014,0.5214672448979607,-0.372243633,0.53333,0.390627,GdanskHerring,0.07992,Herring,54.3482907,18.6540233,123500.0,2.0,0.0,0.0,61750.0,-2.526729144641839
1762,1.305834983021227,Gdansk,0.5327159782106294,0.2063303483772702,0.168130248210453,1,18.75,54.25,-1.4438815462003922,-0.49032166811779093,0.6805649172100264,10.536784559600745,-12.327782222133957,1.8002929614339962,-1.7602691701862117,0.2332800666666668,0.23957002000000016,0.24341139999999994,0.25155908163265456,0.133644481,-0.259737,-1.37353,GdanskHerring,0.077822,Herring,54.3482907,18.6540233,124500.0,3.0,1.0,1.0,41500.0,-2.553331111421873
1763,0.9445295821159378,Gdansk,0.09696142446915801,0.0530829798665852,-0.21561347716516754,1,18.75,54.25,-0.08102246897683514,0.15474592294392717,-0.4006672743007903,4.459673892701976,4.919036639604633,4.639575657403034,4.094645835934628,-1.1445249333333332,-1.1817679799999996,-1.0603886,-0.971951122448978,2.210584133,-0.816366,-1.73324,GdanskHerring,0.078489,Herring,54.3482907,18.6540233,123500.0,3.0,1.0,1.0,41166.666666666664,-2.544796791401069
1764,1.2969163341840784,Gdansk,0.5426454842670148,0.7667526777653962,-0.16673803172362525,1,18.75,54.25,-1.5669439754953964,-0.5409899121132706,1.2235770792991265,7.2853715862289805,-1.94825308736169,5.214104945139484,2.053157225044863,0.3474817333333335,0.4104920200000001,0.37084139999999993,0.1690284693877565,-0.817881875,0.0512801,-0.676413,GdanskHerring,0.070315,Herring,54.3482907,18.6540233,0.0,2.0,1.0,1.0,0.0,-2.654770131659926
1765,0.36539504039797155,Gdansk,-0.16255739350715145,-0.10288369194918756,-0.29759593846045423,1,18.75,54.25,-0.37300910245939195,0.05570145769669772,-0.2008868762663918,3.605025879405188,-8.145969181706992,1.5999073520455043,-0.3897888786145505,0.4435950666666669,0.4167740200000003,0.3313247333333333,0.4063039795918383,0.633055133,-0.156224,-1.10606,GdanskHerring,0.057375,Herring,54.3482907,18.6540233,0.0,1.0,0.0,0.0,0.0,-2.8581466106014277
1766,0.3186144937340321,Gdansk,1.0079055161562558,-0.624460943942187,0.14590105598042571,1,18.75,54.25,-0.6260132272832828,-0.09041612590828203,-0.40199756036386697,4.480944307155924,-1.7307818105382475,-2.672761312513553,4.096574154890431,1.1702200666666667,1.19292802,1.1278980666666667,1.0927019387755113,-1.15039804,0.349358,-1.39845,GdanskHerring,0.061758,Herring,54.3482907,18.6540233,0.0,3.0,2.0,4.0,0.0,-2.7845317572096597
1767,-0.518452301486623,Gdansk,-0.3682755021122148,-0.6076229297060655,-0.5143213981249686,1,18.75,54.25,0.24765358441976024,-0.24540306791282604,0.3107865191139648,5.2487793775043095,6.499056088240861,3.2033063536507203,3.1177023987026504,-0.3730782666666666,-0.4116839799999998,-0.3369852666666667,-0.19038989795918215,-1.225977827,0.119711,-1.07157,GdanskHerring,0.073136,Herring,54.3482907,18.6540233,0.0,2.0,0.0,0.0,0.0,-2.6154345573927484
1768,-0.058163761673702886,Gdansk,-0.30708687055009215,-0.3706812674401989,-0.33172068516861003,1,18.75,54.25,-1.076222984145131,-0.21911144626482476,-0.7270350668327623,-4.329468161976295,2.6607621450638748,4.0843250616490225,1.9166497620229335,-0.9726015999999996,-0.9586999799999999,-0.8330352666666667,-0.8862878571428559,2.791692231,-0.0777266,-1.09232,GdanskHerring,0.075012,Herring,54.3482907,18.6540233,6530.0,7.0,5.0,23.0,932.8571428571429,-2.5901071782444616
1769,1.2577143285009287,Gdansk,0.01912541858795319,0.292583515590977,-0.19082309881365647,1,18.75,54.25,-0.6283063160279102,0.12228749653249038,0.34982096202537677,8.550822029496322,-5.38208848145094,5.170081656463496,3.6729447338922303,0.2613084000000002,0.3050460200000003,0.24372806666666672,0.09080397959183839,-1.786186346,-0.130771,-1.64541,GdanskHerring,0.075336,Herring,54.3482907,18.6540233,6530.0,5.0,0.0,0.0,1306.0,-2.585797170774375
1770,1.1503516646064085,Gdansk,-0.30183041301006275,0.19015761884603305,-0.38645232816536723,1,18.75,54.25,-0.5572205649444605,-0.014033864057330515,0.542591258618189,16.49331567908847,2.8848047198635833,4.36218878023326,4.920077949168739,0.9278734000000001,0.9165360200000001,0.8006847333333331,0.8296101020408178,-1.490086584,0.359408,-0.460296,GdanskHerring,0.076821,Herring,54.3482907,18.6540233,6300.0,4.0,1.0,1.0,1575.0,-2.56627723870573
1771,-0.2062995921864145,Gdansk,0.021135580372491886,-0.3655004339575648,-0.4943617645863411,1,18.75,54.25,-2.6240578867686324,-0.27737936773831706,-0.1335131867641834,-0.4230178067206228,-9.558281538309556,0.8332153432147331,1.6042736381186287,1.2839000666666667,1.29294202,1.2248547333333333,1.2459366326530625,1.423516973,0.515787,-0.64884,GdanskHerring,0.085485,Herring,54.3482907,18.6540233,6300.0,3.0,0.0,0.0,2100.0,-2.4594143570270646
1772,0.6811906865720757,Gdansk,-0.5648439088014467,0.03382941060703981,-0.45872211722722644,1,18.75,54.25,1.7007074855986621,0.034273834455430315,0.1638859305869231,11.609450751390442,-0.05538260663184781,4.522378441442857,1.9115545896572232,-0.2591649333333332,-0.28450797999999977,-0.19337193333333336,-0.07428785714285566,4.421142142,-0.809739,-2.01411,GdanskHerring,0.085761,Herring,54.3482907,18.6540233,6300.0,4.0,1.0,1.0,1575.0,-2.4561909212798665
1773,1.4738721853778014,Gdansk,0.8453538989760715,0.25401604615588186,-0.022742667579804202,1,18.75,54.25,-0.4891922655205141,-0.6128822677428197,0.16991641186633272,12.758049562243619,-0.6797000889204976,4.109256309136911,4.2075687727156925,-0.7501232666666666,-0.7251319799999998,-0.6104252666666666,-0.6887572448979578,-1.611796697,-0.670151,-1.08456,GdanskHerring,0.068227,Herring,54.3482907,18.6540233,6500.0,3.0,1.0,2.0,2166.6666666666665,-2.6849148980500903
1774,0.5393703068766889,Gdansk,0.6306420492832875,-0.38485046990331445,0.23824834590311214,1,18.75,54.25,-1.1526592756327112,-0.43375654557741106,0.33443785703914797,16.470585273667027,-5.429818406209906,1.0698712034079467,4.688837222227345,0.45852673333333355,0.5026080200000003,0.43539139999999993,0.28443663265306257,2.274086302,-0.449031,-0.710188,GdanskHerring,0.06255,Herring,54.3482907,18.6540233,6500.0,4.0,1.0,2.0,1625.0,-2.771789042069217
1775,1.3388370644263936,Gdansk,0.637059548543697,0.19402707258908175,0.004972880436894646,1,18.75,54.25,-0.520531145030422,-0.28737439191591907,-0.17277715390715231,10.723035143268666,-1.7717061783790338,2.2632430525971805,0.17100527445437533,-0.6856232666666665,-0.7587919799999997,-0.7302619333333333,-0.5473694897959168,0.878226209,-0.576282,-1.67916,GdanskHerring,0.065536,Herring,54.3482907,18.6540233,0.0,1.0,0.0,0.0,0.0,-2.725155669005149
1776,-0.07342096663604458,Gdansk,0.4716313205339141,-0.33675472232055326,-0.1481351129448659,1,18.75,54.25,-0.1887976399743234,0.1396612614536468,0.7430358321303272,5.732011400125697,-0.2641071007717999,5.8802154632478,0.9019760348195209,-0.2001732666666665,-0.17744397999999983,-0.14981193333333342,-0.22324704081632496,-0.78571408,-0.174813,-0.911693,GdanskHerring,0.065536,Herring,54.3482907,18.6540233,0.0,0.0,0.0,0.0,0.0,-2.725155669005149
1777,-0.2098963184445739,Gdansk,-0.2773041287079035,-0.4107118974676835,-0.3648471909850129,1,18.75,54.25,0.8140465043427304,0.3842847220259558,-0.666883542631649,5.736422310082108,7.953429749415625,4.605112593614174,4.984369014600193,-0.20955659999999984,-0.21701597999999978,-0.23990193333333337,-0.21927765306122304,1.057089917,-0.461956,-0.766731,GdanskHerring,0.06255,Herring,54.3482907,18.6540233,0.0,0.0,0.0,0.0,0.0,-2.771789042069217
1778,0.710157040869586,Gdansk,0.5926222651860638,0.18003464321726442,0.20723564858096807,1,18.75,54.25,0.8453853838526384,0.12242707678303588,0.02348884118736046,9.354113343405835,7.678971080656359,6.65766288587286,2.3066774294694192,-0.49465159999999986,-0.5169499799999999,-0.4913486,-0.4471552040816313,-0.685757824,-0.183224,-0.106572,GdanskHerring,0.067368,Herring,54.3482907,18.6540233,4483.333333333333,2.0,2.0,8.0,2241.6666666666665,-2.697585151254446
1779,1.616947953467364,Gdansk,0.7495246345924582,0.2804652881178602,0.15619937043242785,1,18.75,54.25,1.0601713629327392,-0.35409176859117175,-0.5352916646932461,0.6697003555534096,6.44764316670753,-3.189814821681596,2.679486946778382,0.10628673333333344,0.12186402000000018,0.09412139999999997,0.04300806122449114,-1.717382928,-0.0368056,-0.202554,GdanskHerring,0.059047,Herring,54.3482907,18.6540233,4483.333333333333,2.0,0.0,0.0,2241.6666666666665,-2.829421542032401
1780,-0.16699746350250233,Gdansk,0.1058858496332739,-0.8789782312254122,-0.3411981348321098,1,18.75,54.25,0.5885594444543685,-0.47293243512522193,-0.14368837648622823,5.151704851749301,16.661998329471345,-2.070938738465543,5.2161060402824475,-0.06228159999999991,-0.08097197999999982,-0.09850193333333337,-0.0445837755102024,-2.049526264,-0.817887,-0.72485,GdanskHerring,0.04536,Herring,54.3482907,18.6540233,6583.333333333333,2.0,1.0,4.0,3291.6666666666665,-3.0931246195626403
1781,0.1503462382987754,Gdansk,0.33544863595838276,-0.25418527793617884,-0.07080496869697327,1,18.75,54.25,1.1037400490806597,-0.6547974005201603,-0.08021298479659393,5.526520348695396,-6.2244394620236205,1.1170906765084252,-0.03305531077862699,-0.9944449333333332,-1.0295999799999997,-0.9455452666666667,-0.8601756122448965,3.619416581,-0.0162506,0.498743,GdanskHerring,0.084336,Herring,54.3482907,18.6540233,6583.333333333333,2.0,0.0,0.0,3291.6666666666665,-2.472946458869286
1782,0.46963848773027655,Gdansk,-0.07633416086976785,-0.5756542589503086,-0.39261268721818804,1,18.75,54.25,0.4356868614792078,-0.4318290417430545,0.3522504028067778,11.126481693727342,0.5278732990071802,-0.658429987437761,3.497711828815849,-0.9814816,-0.9785579799999998,-0.9234719333333336,-0.9641041836734681,6.61136999,-0.984284,-0.943556,GdanskHerring,0.080481,Herring,54.3482907,18.6540233,6583.333333333333,2.0,0.0,0.0,3291.6666666666665,-2.519734147260587
1783,0.7574382025373377,Gdansk,0.9145196380797114,-0.09277614521367307,-0.045425982206803404,1,18.75,54.25,1.8054252049366473,0.3253042240447848,0.20951139559036264,11.971966389631541,-6.238150080134352,7.178322910184141,-1.6548597581138316,1.6270817333333336,1.6983740200000002,1.4987114000000001,1.2912631632653075,-0.623796171,0.0680941,-0.257605,GdanskHerring,0.087478,Herring,54.3482907,18.6540233,6583.333333333333,4.0,2.0,4.0,1645.8333333333333,-2.4363679458034593
1784,-0.5544580729146633,Gdansk,-0.15180764902144295,-0.9258068361157282,-0.4311872928256641,1,18.75,54.25,0.12229806638012852,-0.763104693373419,0.27488261228045513,8.238104339079802,10.0716156118629,5.599913942651305,2.989368614107727,0.32370340000000025,0.23833002000000028,0.19868806666666672,0.4701713265306137,4.424139289,-0.256196,-1.35941,GdanskHerring,0.073485,Herring,54.3482907,18.6540233,1000.0,4.0,2.0,4.0,250.0,-2.6106739752234893
1785,-0.24617165179774395,Gdansk,-0.5815317174092983,-0.5680080174816591,-0.5085169217571786,1,18.75,54.25,0.28357864141892297,-0.6233022145392383,0.18084912321373012,-1.370910100520278,5.190164815521172,0.2169266266907491,-1.1257563715049523,-0.47659159999999984,-0.4697739799999998,-0.34254526666666674,-0.33591030612244777,1.026042557,-0.903391,-1.43298,GdanskHerring,0.061855,Herring,54.3482907,18.6540233,1000.0,3.0,1.0,3.0,333.3333333333333,-2.782962342667342
1786,-0.00010782477005188047,Gdansk,-0.341843029910924,-0.3545194570445894,-0.3748823026603567,1,18.75,54.25,0.6046110656667604,-0.3518277731444795,-0.0976207038973455,6.717430340325478,7.050400348397603,5.41957975659441,2.3147567238278066,-0.1034049333333332,-0.058571979999999815,-0.048595266666666755,-0.17100214285714163,0.107410587,-1.16436,-1.50042,GdanskHerring,0.079653,Herring,54.3482907,18.6540233,0.0,1.0,0.0,0.0,0.0,-2.530075578551952
1787,0.9595711375381758,Gdansk,-0.04245600320792989,0.20527179079567434,-0.4353864271251644,1,18.75,54.25,-0.08102246897683514,-0.31091603116510874,0.7328328660372533,13.601343676753231,6.314916958502711,1.3213618676040306,5.263105581022631,0.5071600666666668,0.5142880200000002,0.44580473333333337,0.4069060204081647,0.461622336,-0.0605792,-1.82953,GdanskHerring,0.094625,Herring,54.3482907,18.6540233,31916.666666666668,2.0,1.0,6.0,15958.333333333334,-2.357833567224524
1789,0.7480497457735341,Gdansk,0.028581265833039063,0.014131849441117927,-0.00634858232381988,1,18.75,54.25,-1.9445392554440435,-0.5483978168153799,0.1250110800288075,12.69936316085163,1.5048843511261034,4.235996036068254,4.335860205185952,0.29150340000000013,0.29451402000000015,0.3087247333333333,0.3314264285714301,-1.100706469,-0.568836,-1.00513,GdanskHerring,0.1065,Herring,54.3482907,18.6540233,63916.66666666667,5.0,3.0,4.0,12783.333333333334,-2.239610293832657
1790,1.9781301260640225,Gdansk,-0.4807117065261407,0.7496813132511092,-0.5888259495140898,1,18.75,54.25,-2.679856379554566,-0.6234691072175067,-0.6694695265893129,9.64979780586821,-0.630351546424798,1.0415469112648739,1.8747040412878397,-0.8292832666666664,-0.8478059799999998,-0.7489419333333335,-0.6930021428571416,2.177972421,-0.415506,-1.22992,GdanskHerring,0.07668,Herring,54.3482907,18.6540233,63916.66666666667,3.0,0.0,0.0,21305.55555555556,-2.5681143608046932
1791,1.726960025997445,Gdansk,0.2411558745480089,0.8574974749030961,-0.20929341087438103,1,18.75,54.25,-0.6305994047725376,-0.20393480272674072,-0.5359933284350232,10.16047456497317,9.685286473841618,10.239112240840914,3.934654928352527,0.6527850666666668,0.7184040200000001,0.6621147333333333,0.46371214285714446,-1.716021283,-0.0608664,-0.501916,GdanskHerring,0.092868,Herring,54.3482907,18.6540233,191500.0,2.0,1.0,12.0,95750.0,-2.376576148905815
1792,0.49854322787347133,Gdansk,0.4133539577631924,-0.18735315295663474,0.006886470590461633,1,18.75,54.25,0.8530290130013964,-0.12712493297285635,-0.7473147694524923,11.353514453776702,5.347810820655341,3.0222684834020304,2.95196982602705,2.137185066666667,2.1674960200000006,1.9684580666666662,1.9134366326530625,-0.375399577,-0.169039,-1.42694,GdanskHerring,0.080064,Herring,54.3482907,18.6540233,254297.14285714284,5.0,3.0,10.0,50859.428571428565,-2.524928964137691
1659,-0.10331903735897163,London,0.2210773204404094,-0.05533769702822914,-0.25048421570828605,5,-0.25,51.75,-1.8356647541297004,-1.3993444021057706,0.379559018775796,6.764961427396929,-1.5201843845815,5.013053076970574,2.5131750013889733,-0.20554159999999977,-0.20499197999999974,-0.2489119333333334,-0.29088989795918213,2.060333017,0.151235,0.742946,LondonCod,9.298398387,Cod,51.5074456,-0.1277653,25208.214285714286,9.0,0.0,0.0,2800.9126984126983,2.2298421688766417
1660,-0.8523659699154464,London,0.0837275148202162,-0.1733949116636855,-0.07840871439114909,5,-0.25,51.75,0.04248859696656829,-0.9261443224828607,0.11401716556721453,-6.316502092331171,-1.7449823144469174,3.09943957228498,3.0301669599705936,0.07003840000000014,0.04576602000000016,0.004531399999999965,0.04833459183673592,3.489502562,-0.332187,-0.330005,LondonCod,9.298398387,Cod,51.5074456,-0.1277653,21045.714285714286,9.0,2.0,2.0,2338.4126984126983,2.2298421688766417
1661,1.4981903948893676,London,-0.10191734456390776,0.8603687145816376,0.0398354935816498,5,-0.25,51.75,-0.14556278590398394,-0.07452132165371853,-0.7110349790419732,0.8562448820083505,2.261037836563734,4.131552203967002,2.6348611476959665,1.3445534000000001,1.3820160200000005,1.2682047333333333,1.1945080612244912,-0.147771776,0.47642,0.521374,LondonCod,9.298398387,Cod,51.5074456,-0.1277653,21045.714285714286,7.0,1.0,1.0,3006.530612244898,2.2298421688766417
1662,0.8256272218477712,London,-0.12324439204117137,0.4586832555012775,-0.0763326190341231,5,-0.25,51.75,-0.14792326351323773,-0.018597319550207953,-0.527715179117754,9.228073225133063,2.3748889929356363,4.8924338218482495,4.310766852324708,-0.3327599333333332,-0.3892239799999998,-0.33313860000000006,-0.1358184693877536,3.444868635,0.179661,0.463718,LondonCod,9.298398387,Cod,51.5074456,-0.1277653,22626.666666666668,5.0,1.0,3.0,4525.333333333334,2.2298421688766417
1663,-0.9781362244395452,London,-0.6903930271607305,-0.4987730564278534,-0.4380457288342317,5,-0.25,51.75,1.7255091323645233,0.3728887916982412,-0.6288011630110498,-9.875402627892198,11.43717502252879,2.569795217087898,6.434543193505767,-0.9108232666666665,-0.8948499799999999,-0.7635252666666669,-0.8167470408163254,-1.804864489,-0.213914,-0.629758,LondonCod,9.298398387,Cod,51.5074456,-0.1277653,23626.666666666668,6.0,2.0,8.0,3937.777777777778,2.2298421688766417
1664,0.26728290675230076,London,0.2889920512612174,0.010197343328994397,-0.13187518527716377,5,-0.25,51.75,0.850558765201117,-0.6778768582664555,-0.6954458800663829,5.829604734995146,-3.5036737634815465,4.701663350311852,1.9561030970462614,-0.7040565999999998,-0.6930699799999998,-0.6744319333333334,-0.7429715306122436,0.126751028,-0.33862,-0.645603,LondonCod,9.298398387,Cod,51.5074456,-0.1277653,32826.66666666667,7.0,2.0,4.0,4689.52380952381,2.2298421688766417
1667,-0.4509468946828552,London,0.017067671092837022,-0.36094612522448594,-0.22697097077127262,5,-0.25,51.75,-0.880458148251665,-0.47672019509698715,0.12485521296100516,1.1593520954192253,-2.7988734340076546,5.013161587893579,2.471322939654161,-0.5739699333333331,-0.5794719799999998,-0.4732152666666667,-0.4352572448979577,-1.310794247,-0.617768,-1.86438,LondonCod,11.13580645,Cod,51.5074456,-0.1277653,23883.333333333336,8.0,4.0,10.0,2985.416666666667,2.4101657228734914
1669,-0.48029999086184044,London,0.39912045993164724,-0.2920956057575682,-0.1318087165548994,5,-0.25,51.75,-0.8025623871462899,-0.6746220204266662,0.9382721932737108,-0.07629815064304069,-3.626481343177715,4.110479943757768,2.9499060867760276,-0.8759582666666665,-0.8862699799999998,-0.8667052666666668,-0.8932062244897941,-3.021339627,-0.106888,-0.0281509,LondonCod,10.1892629,Cod,51.5074456,-0.1277653,7350.0,7.0,1.0,1.0,1050.0,2.321334508995126
1670,-0.9613078667507434,London,-0.05821952140186526,-0.6670954968237396,-0.20844898321768005,5,-0.25,51.75,-1.5177871027501895,-0.9502385563147459,1.1318627418712637,5.508666077194415,2.517038774589712,5.840198707420481,3.6011656583622726,-0.09678326666666646,-0.10446597999999978,-0.1622486000000001,-0.1781449999999984,-2.128919637,-0.688077,-0.455913,LondonCod,11.13580645,Cod,51.5074456,-0.1277653,7000.0,6.0,4.0,5.0,1166.6666666666667,2.4101657228734914
1674,-0.5123076558923099,London,-0.223647425737528,-0.6324019650771239,-0.19402571049540482,5,-0.25,51.75,-0.3831841985688658,0.07057179917624322,0.12787805071898792,1.872331487716558,0.6302492204360246,2.38198466288424,2.8445529649669705,0.6474534000000002,0.6865800200000001,0.6162847333333333,0.5072325510204094,-0.339560168,-0.377597,-1.3929,LondonCod,9.298398387,Cod,51.5074456,-0.1277653,50657.142857142855,8.0,3.0,15.0,6332.142857142857,2.2298421688766417
1681,-1.0857508368491,London,0.34418295092798046,-0.49653916005557414,0.10179043223566303,5,-0.25,51.75,-2.489517051893001,-0.21968417568971926,0.18338596819165187,-3.309628177745335,-15.691350735863434,1.2626670507373225,1.728608298350107,0.5290017333333334,0.4971580200000002,0.4479213999999999,0.5634672448979607,0.55810842,0.152768,-0.189523,LondonCod,11.13580645,Cod,51.5074456,-0.1277653,3566.666666666667,3.0,0.0,0.0,1188.888888888889,2.4101657228734914
1682,1.1963256957354613,London,-0.35121152527338695,0.6865022163134522,-0.15283844116181458,5,-0.25,51.75,1.8962503461005478,0.6123870948523791,-0.9454498940020696,0.8270071791427439,6.008996205342979,3.4800853022053855,3.7882957758407265,1.243130066666667,1.2892000200000002,1.2441814,1.159875408163267,0.325898396,0.762618,0.749775,LondonCod,11.13580645,Cod,51.5074456,-0.1277653,1166.6666666666667,3.0,2.0,4.0,388.8888888888889,2.4101657228734914
1683,-0.3037631180901189,London,0.6532531956840587,0.14666280849443938,0.13450231659310422,5,-0.25,51.75,-0.3997075418336424,-0.2612609943090666,-1.14868976972606,-15.854070433311954,-1.9345089097177437,4.9501545862565575,3.4106862553437187,0.550415066666667,0.5486040200000002,0.5530180666666666,0.6044876530612261,1.811059466,0.414287,-0.125154,LondonCod,11.13580645,Cod,51.5074456,-0.1277653,26254.901960784315,4.0,2.0,19.0,6563.725490196079,2.4101657228734914
1684,-2.7987038959715593,London,1.003396860305826,-1.1707734961885574,0.2336288060847621,5,-0.25,51.75,-2.4674859275399657,-1.102809318729495,1.1016816886562228,-6.656516219879594,-13.016246329221735,4.107338526820651,0.7528640609600549,-0.6343615999999997,-0.6454599799999998,-0.5241819333333334,-0.49066540816326387,-1.558095327,-1.11429,-2.10983,LondonCod,11.13580645,Cod,51.5074456,-0.1277653,25088.235294117647,5.0,2.0,3.0,5017.64705882353,2.4101657228734914
1685,-0.47213518060651855,London,0.32184837390935817,-0.11405089949927621,-0.03648538207998476,5,-0.25,51.75,-2.701173210856091,-0.5694570377662459,-0.20899759515869348,-21.2707003827215,-8.713833719054348,2.1047571287849562,1.6298758395972144,-1.9255065999999996,-1.95211998,-1.7853785999999998,-1.7579919387755087,-3.21126461,-0.423456,-0.321989,LondonCod,11.13580645,Cod,51.5074456,-0.1277653,22588.235294117647,4.0,2.0,2.0,5647.058823529412,2.4101657228734914
1686,1.2495296908376288,London,0.8283521769945598,0.6255059301158938,0.044918409754044694,5,-0.25,51.75,0.7065696310366356,-0.10783516410498456,-1.0995126525710432,-15.97198937240051,-3.3204818640185625,3.6373432288221257,3.1132377131412685,0.33018006666666677,0.3981620200000002,0.30078806666666663,0.053865204081634005,-3.490290742,-0.131791,0.370736,LondonCod,11.13580645,Cod,51.5074456,-0.1277653,22588.235294117647,2.0,1.0,2.0,11294.117647058823,2.4101657228734914
1687,0.09323971987136721,London,-0.3327381393114687,-0.03964960036196662,-0.15496932748256562,5,-0.25,51.75,-0.2305399798371205,-0.459464009553844,-0.49360229189739857,-3.103682948850995,2.731701191162582,7.790134153225671,2.771562813134511,1.2382184,1.2113780200000002,1.0258280666666666,1.1043958163265322,-2.94011944,-0.0716935,-0.560735,LondonCod,11.13580645,Cod,51.5074456,-0.1277653,24588.235294117647,6.0,4.0,6.0,4098.0392156862745,2.4101657228734914
1688,-1.0473400299829299,London,-0.47888422080771575,-0.5767923659514302,-0.26478816143195666,5,-0.25,51.75,1.162928635492369,0.4700827798849809,0.8010322126031174,7.972139524659952,0.26619493977347286,5.00254581069887,2.2835092379431083,0.6425400666666669,0.6120500200000002,0.6063414,0.741691734693879,-5.189565205,0.296127,-0.191425,LondonCod,11.13580645,Cod,51.5074456,-0.1277653,80588.23529411765,4.0,2.0,12.0,20147.058823529413,2.4101657228734914
1689,-0.20897892179607014,London,-0.06845771081315699,0.004528854766668769,0.07999808176021465,5,-0.25,51.75,0.9347491332645023,0.40092092825571685,0.14887588571722135,-2.6824480088789198,-7.131210229065659,2.8609089451054985,3.2199257579174065,0.6401350666666668,0.6852400200000002,0.7065447333333332,0.6390998979591851,-4.364131834,0.661128,0.702819,LondonCod,16.70370968,Cod,51.5074456,-0.1277653,82588.23529411765,8.0,4.0,7.0,10323.529411764706,2.8156308312809903
1690,0.7866452804711304,London,-0.11733194323559332,0.6916735989274841,-0.19781849290100795,5,-0.25,51.75,-0.4736691735902612,0.04228632705814545,-0.06491550154403805,0.9145164713972207,-8.835386243697323,7.263161544149115,1.7569467886181087,0.3751250666666668,0.39510002000000016,0.40455139999999984,0.3707835714285728,-4.285012734,0.315687,0.0460976,LondonCod,16.70370968,Cod,51.5074456,-0.1277653,80588.23529411765,4.0,0.0,0.0,20147.058823529413,2.8156308312809903
1691,-1.810383780119957,London,0.03887133434116247,-0.5473085360929315,-0.3026811155507373,5,-0.25,51.75,0.4736691735902612,0.43522542675818543,0.10003205304786025,-24.898820800768167,-8.665163401798484,-1.0570305974177958,2.032272680533043,0.0676367333333335,0.06886602000000025,0.10149140000000001,0.09173255102040968,-2.431562704,0.318654,-0.0422589,LondonCod,16.70370968,Cod,51.5074456,-0.1277653,80588.23529411765,3.0,0.0,0.0,26862.745098039217,2.8156308312809903
1692,-1.849727708158164,London,-0.8000086213939419,-1.1244829045213676,-0.2331525206167534,5,-0.25,51.75,-0.3178776513795109,-0.004074259846530357,0.6231456551053528,-0.5548340668127061,7.755479645792991,2.7444153970273466,4.604868484274756,1.3929934000000004,1.4505540200000002,1.3591680666666666,1.2135998979591853,-0.386287474,-0.268317,-1.21465,LondonCod,16.70370968,Cod,51.5074456,-0.1277653,80588.23529411765,3.0,1.0,1.0,26862.745098039217,2.8156308312809903
1693,0.021542228437194517,London,-0.22917375543743557,0.337801019686083,-0.04755137452669358,5,-0.25,51.75,-0.16287295503851176,-0.42466414873526476,-1.2468970905597134,-12.569694354713361,-2.817146066211728,5.801189576658092,3.4189839147895795,0.8054334000000002,0.7849700200000002,0.7511814,0.8486509183673482,0.420132894,0.261385,0.424926,LondonCod,16.70370968,Cod,51.5074456,-0.1277653,80588.23529411765,2.0,0.0,0.0,40294.117647058825,2.8156308312809903
1694,-1.3056054467882199,London,-0.1784232254858822,-0.37970466910799,-0.1191961068678376,5,-0.25,51.75,-1.889168913272786,-0.3038640205925833,-0.5760875744180972,-20.39642210415482,0.43249439475612417,1.6265455712282688,2.8157997993266033,-0.045658266666666586,-0.04345797999999981,0.04504473333333341,0.06536520408163425,-1.674852788,0.599743,0.765101,LondonCod,16.70370968,Cod,51.5074456,-0.1277653,80588.23529411765,2.0,0.0,0.0,40294.117647058825,2.8156308312809903
1695,-2.3755656210450073,London,-1.0383346062579712,-0.8006518231018477,-0.7401444658815829,5,-0.25,51.75,-1.4154997396825248,-0.2937140749246883,0.823147895174609,3.4880681426839852,1.9196404920090455,5.204168126922949,2.0336388982166613,1.7769600666666672,1.8770780200000001,1.7708780666666666,1.5214876530612258,-2.041568279,0.227544,-0.136875,LondonCod,16.70370968,Cod,51.5074456,-0.1277653,85588.23529411765,3.0,1.0,6.0,28529.411764705885,2.8156308312809903
1698,-1.5927815316305811,London,-1.0723010213349142,-0.9045287893723457,-0.29024105942231443,5,-0.25,51.75,0.6821780290743463,-0.18711384999796474,-0.7828484223477228,-8.078759084574227,3.4228995760458787,1.8961447180686366,3.757267147886611,0.10206840000000016,0.13079802000000024,0.0962247333333334,0.007855000000001635,-2.423745178,0.249314,-0.0478581,LondonCod,16.70370968,Cod,51.5074456,-0.1277653,27588.235294117647,3.0,1.0,1.0,9196.078431372549,2.8156308312809903
1699,0.20487640629832213,London,-0.3161531171007197,0.30665667076778497,-0.3993273439698394,5,-0.25,51.75,-1.246332177686003,-0.09233254592301006,-0.9404168259738539,1.0626437265426618,-16.14886700429423,7.72851221323567,1.7188360195917682,0.18324840000000017,0.1658600200000003,0.13187139999999997,0.1647121428571443,-3.702363235,0.723668,0.859226,LondonCod,16.70370968,Cod,51.5074456,-0.1277653,27588.235294117647,4.0,2.0,3.0,6897.058823529412,2.8156308312809903
1700,0.12678381717648335,London,-0.3967373810763378,0.0026137939496990864,-0.21078163963062155,5,-0.25,51.75,-0.8497719393313657,-0.2855754413049023,-0.217315696747592,1.0122215518991444,0.8537557438579224,5.386875920181827,4.305468197276891,0.09355006666666689,0.08534202000000024,0.08912473333333325,0.118630510204083,-1.606769315,0.330346,0.29928,LondonCod,16.70370968,Cod,51.5074456,-0.1277653,41363.63636363636,4.0,2.0,29.0,10340.90909090909,2.8156308312809903
1701,0.08896023311685357,London,-0.37030632167099353,-0.25960757684125213,-0.507633947498929,5,-0.25,51.75,-0.7797444369235031,-0.3434575810007384,-0.7356223723913848,11.59652351689409,-6.985516186854758,5.844818212023565,2.510418408338562,0.11861673333333347,0.12898202000000022,0.1298680666666667,0.11573255102040947,-0.222015937,1.22309,0.420721,LondonCod,16.70370968,Cod,51.5074456,-0.1277653,122435.06493506493,4.0,2.0,17.0,30608.766233766233,2.8156308312809903
1702,1.1141466794119441,London,-0.38884003874317286,0.30284025174425355,-0.3638780873857036,5,-0.25,51.75,-0.9961215511051009,0.002497941110904435,-0.8079968001478522,14.394220967889902,-4.323737128006748,6.436048608867453,2.017801078888865,0.12368673333333352,0.12897002000000027,0.12450806666666665,0.11486520408163416,-0.509720905,0.205248,-0.615973,LondonCod,16.70370968,Cod,51.5074456,-0.1277653,123235.06493506493,5.0,1.0,5.0,24647.012987012986,2.8156308312809903
1703,-0.17898229377430083,London,-0.16580195721928093,-0.372225206753793,0.16223753300707144,5,-0.25,51.75,1.0071371132816187,-0.2173616361733478,-0.5595057270735867,-3.8692842409500585,14.178728372556758,2.7621285543674308,3.026976013772555,-0.22303493333333313,-0.2344339799999997,-0.20847193333333328,-0.1806552040816312,-2.634760102,0.138811,0.202666,LondonCod,16.70370968,Cod,51.5074456,-0.1277653,128035.06493506493,6.0,1.0,9.0,21339.177489177488,2.8156308312809903
1704,-0.6945558737687394,London,0.3405751505343726,-0.4988497609086991,-0.09729329513049761,5,-0.25,51.75,0.35485846725782033,0.2376513788600406,-0.691558535968835,-4.747034232640736,-11.088923809745443,4.089870244665569,2.0624455885497235,-0.7800599333333332,-0.7975379799999999,-0.7335086000000001,-0.7014715306122432,1.765555726,0.185523,0.105612,LondonCod,16.70370968,Cod,51.5074456,-0.1277653,128035.06493506493,5.0,0.0,0.0,25607.012987012986,2.8156308312809903
1705,0.021485919400950886,London,-0.2501267500310811,-0.07208226500378753,-0.7015968378420296,5,-0.25,51.75,-1.5453260081914835,0.1407359570478448,-0.5577033138990679,5.014018727719055,-18.353943273580864,7.267482112955301,3.0742055624571094,-0.7266849333333333,-0.7288479799999998,-0.6978252666666669,-0.7222776530612233,-0.189651672,0.933562,0.785918,LondonCod,16.70370968,Cod,51.5074456,-0.1277653,128035.06493506493,8.0,3.0,20.0,16004.383116883117,2.8156308312809903
1706,-0.010867643995014867,London,0.8883092343719419,-0.34355876391829454,-0.03277290951875882,5,-0.25,51.75,-0.8552797204196245,-0.32913677694513416,-0.6612713685326685,8.031400368978728,-0.6608901801769236,4.044401884541526,1.7717952570484659,-0.01589326666666647,-0.011747979999999856,-0.0633786000000001,-0.09924704081632521,1.623314574,0.581229,0.290916,LondonCod,16.70370968,Cod,51.5074456,-0.1277653,128035.06493506493,8.0,0.0,0.0,16004.383116883117,2.8156308312809903
1707,0.4277797483426311,London,0.5259666192554003,-0.06846796239926821,-0.07567021016111074,5,-0.25,51.75,-0.4736691735902612,-0.5013721066033389,0.225826522353635,1.8243004267478444,-10.619367075355953,5.42515076681828,2.8556120803067677,-0.3109799333333331,-0.3474199799999998,-0.35712193333333325,-0.26347153061224343,-0.184869195,0.0804694,0.178386,LondonCod,16.70370968,Cod,51.5074456,-0.1277653,141485.06493506493,6.0,1.0,2.0,23580.844155844155,2.8156308312809903
1708,-0.06719276853468477,London,-0.23619026356078995,-0.29317255339351367,-0.3798365345913126,5,-0.25,51.75,-0.3107962185517495,-0.250705937787668,-0.11791402823680748,8.90425006897515,1.617817228346237,10.360133093761345,4.712298417203722,0.1107117333333335,0.12325602000000026,0.10858473333333336,0.07769173469387909,1.279126263,-0.178762,-0.0558336,LondonCod,16.70370968,Cod,51.5074456,-0.1277653,141485.06493506493,6.0,0.0,0.0,23580.844155844155,2.8156308312809903
1709,-2.215398589524104,London,-0.2343742971419338,-1.091914015819243,-0.15639409082105998,5,-0.25,51.75,-1.564209829065514,-0.002519546421052289,0.29498905273251996,10.91476033732218,13.376915037127542,3.560433631281057,4.582996297980219,0.10044673333333345,0.09657802000000024,0.07443806666666664,0.0955794897959199,-0.294012792,-0.396237,-0.0100813,LondonCod,16.70370968,Cod,51.5074456,-0.1277653,127235.06493506493,7.0,2.0,23.0,18176.43784786642,2.8156308312809903
1710,0.612465343073605,London,-0.16689395031500504,-0.09550388652262796,-0.08823739473192216,5,-0.25,51.75,-0.7710893523562392,-0.04646639300131722,-0.38163430532849907,2.7444976572965865,-4.659132997831587,1.9746788713575836,2.559147130881394,0.8076784000000001,0.8340440200000002,0.7766447333333334,0.7166713265306137,1.719064611,-0.20029,-1.16209,LondonCod,16.70370968,Cod,51.5074456,-0.1277653,127235.06493506493,8.0,1.0,2.0,15904.383116883117,2.8156308312809903
1711,0.05614010913486946,London,0.40045981057944147,-0.00302093045853192,0.16602348536110603,5,-0.25,51.75,0.11094244763492829,-0.21807341316005188,0.9998513115625062,5.908988714772559,4.8970836063866425,4.521570029874178,2.73492677927789,0.01271673333333353,-0.014005979999999838,0.005984733333333215,0.10104887755102175,-3.69458061,-0.0383654,-0.233402,LondonCod,16.70370968,Cod,51.5074456,-0.1277653,129235.06493506493,9.0,1.0,1.0,14359.451659451659,2.8156308312809903
1712,-0.1547533198934831,London,-0.1117995804246596,-0.08099753852994891,-0.1244170651315348,5,-0.25,51.75,3.2338543246776976,1.0066597654086662,-0.4957647537935203,0.3548790499311271,5.999461888121215,3.5023129616841446,3.6321227201135895,0.5749550666666668,0.6171280200000003,0.6106747333333333,0.5072121428571443,-0.453219556,0.014745,-0.41923,LondonCod,16.70370968,Cod,51.5074456,-0.1277653,122435.06493506493,6.0,1.0,1.0,20405.844155844155,2.8156308312809903
1713,0.3365671537760335,London,-1.2797797095224943,0.5724240341866116,-0.4537822752629466,5,-0.25,51.75,2.099251420496374,0.926629191991107,0.05928576183370077,6.442336313641569,10.771097778578367,7.128232446654505,5.461763690525851,0.06891340000000017,0.05654802000000022,0.0612813999999999,0.10807948979591996,-1.722910087,-0.264324,0.411527,LondonCod,13.91975806,Cod,51.5074456,-0.1277653,122435.06493506493,5.0,0.0,0.0,24487.012987012986,2.6333092740081003
1714,0.15751246266941948,London,-0.21690844072137427,0.38308342794094935,-0.29723712299078153,5,-0.25,51.75,-0.5909062281831997,0.15840200560123927,0.41788033334014413,-14.725946978443906,-12.134210368798534,1.1105426241360334,2.4869892402038087,-0.09920993333333325,-0.09481597999999986,-0.05727526666666666,-0.07400214285714135,-1.93168639,0.183938,0.264389,LondonCod,13.91975806,Cod,51.5074456,-0.1277653,131435.06493506493,7.0,2.0,6.0,18776.43784786642,2.6333092740081003
1715,-0.5281868041130051,London,0.03538419616807664,0.024583117081226295,-0.07239368234166665,5,-0.25,51.75,0.5082895118593169,-0.2054242346663259,-2.251163325854333,-14.164605702067128,11.523453649338112,2.134819428921825,4.790580782375626,-0.6806632666666665,-0.6968759799999998,-0.6415586,-0.6088898979591822,1.540699062,-0.510178,-0.380715,LondonCod,13.91975806,Cod,51.5074456,-0.1277653,48196.969696969696,9.0,4.0,16.0,5355.218855218855,2.6333092740081003
1716,-2.2206835947829675,London,0.0006938077680014865,-0.22894831621165787,-0.21041191442099114,5,-0.25,51.75,0.11487657698368461,-0.5504424428401808,-0.0451100826281868,-8.790503150991748,-8.199347365286622,2.4490625004690565,0.9658394976361734,-0.7290149333333332,-0.7338159799999998,-0.6945019333333333,-0.7121245918367333,-3.149660084,-1.04314,-0.67571,LondonCod,13.91975806,Cod,51.5074456,-0.1277653,57696.969696969696,10.0,2.0,5.0,5769.69696969697,2.6333092740081003
1717,-0.18172534825416764,London,-0.1829058269782745,0.1608436940292873,-0.1454556132008901,5,-0.25,51.75,0.5507781088258852,0.05662050891105328,0.14476828899957225,-7.906488292339176,-1.2173684483367015,7.360498693556809,3.078919135222119,-0.28686326666666645,-0.2896359799999998,-0.3145486,-0.3343286734693864,-0.867230737,-1.1155,-0.974807,LondonCod,13.91975806,Cod,51.5074456,-0.1277653,64284.469696969696,11.0,2.0,5.0,5844.042699724518,2.6333092740081003
1718,-0.79591213900722,London,0.35313608769071286,0.005434256485062429,0.013053846238728664,5,-0.25,51.75,-2.191310047257272,-0.9814076384005495,-0.8372852967728267,1.260662488171984,-5.801189288150896,5.741187238071279,2.754500654410487,0.38080840000000016,0.3809620200000002,0.3100547333333333,0.30474275510204213,1.961015518,-0.379794,-0.200809,LondonCod,13.91975806,Cod,51.5074456,-0.1277653,61451.13636363636,9.0,1.0,1.0,6827.90404040404,2.6333092740081003
1719,-0.2901443754672025,London,0.8446234774319515,0.26487037960768245,-0.17504043477557613,5,-0.25,51.75,-2.4792883155862344,-0.9282642794946673,-0.30205782247828417,-7.126470722367077,-10.66231857324393,7.1024280767754195,0.11276630774763471,0.6132667333333335,0.6104480200000003,0.5560747333333333,0.5874264285714301,0.231280521,-0.306846,-0.499665,LondonCod,13.91975806,Cod,51.5074456,-0.1277653,43951.13636363636,8.0,2.0,4.0,5493.892045454545,2.6333092740081003
1720,0.4618225828259049,London,-0.33986927654431887,0.34265700200335125,-0.17181144911116714,5,-0.25,51.75,0.5869720988344433,-0.13959509053020425,1.128479127343846,-1.6529592358790908,8.312034811124613,7.353146753075707,3.7113677815963,0.47900006666666683,0.48491002000000016,0.47743473333333336,0.4938141836734708,0.956734805,0.109869,-0.178693,LondonCod,13.91975806,Cod,51.5074456,-0.1277653,43451.13636363636,6.0,1.0,2.0,7241.85606060606,2.6333092740081003
1721,-0.3268096022098211,London,-0.065803141961673,0.11225150192417203,-0.2764041299963065,5,-0.25,51.75,2.587083459742158,1.040372126538366,0.024604827876189526,-8.499275696217799,2.7841870062723215,3.1778939585242303,4.079207409831623,0.2166400666666668,0.2276740200000002,0.24854140000000002,0.23896724489796067,-1.673246878,0.367052,0.913396,LondonCod,13.91975806,Cod,51.5074456,-0.1277653,36363.63636363636,3.0,0.0,0.0,12121.21212121212,2.6333092740081003
1722,0.36949185168247006,London,-0.25327603398670523,0.49862525527144674,-0.21316352941196837,5,-0.25,51.75,1.3250147646611294,0.9781743251303704,-0.3771368723130052,-14.914730622756457,-1.2789663452882596,1.9218630036049933,4.7752434528454994,0.6262200666666669,0.6566700200000003,0.6328947333333332,0.5591509183673484,1.456654061,-0.741886,-0.261051,LondonCod,13.91975806,Cod,51.5074456,-0.1277653,2000.0,2.0,2.0,5.0,1000.0,2.6333092740081003
1723,0.06647683935958752,London,0.8188439940174261,0.3200305078890427,-0.05073199063026062,5,-0.25,51.75,-0.34305607921155135,0.880081090930886,0.627297457821412,-2.94300110413026,-8.782479591338035,5.639878993507837,0.06237330671265158,1.0938334,1.11588602,1.0508980666666665,1.0123652040816342,-4.956858342,0.452965,0.480528,LondonCod,13.91975806,Cod,51.5074456,-0.1277653,2000.0,2.0,0.0,0.0,1000.0,2.6333092740081003
1724,0.49122394389309904,London,0.12372704092325935,0.6046342789963982,-0.28834198823128393,5,-0.25,51.75,2.019782007651496,0.5046075378642924,-1.1279744746323919,7.662343655429017,-6.851117174079124,10.543223631587095,0.4631114845522195,0.1364900666666668,0.11464202000000018,0.15657806666666663,0.24450806122449129,1.71847572,0.0547503,-0.180457,LondonCod,13.91975806,Cod,51.5074456,-0.1277653,0.0,1.0,0.0,0.0,0.0,2.6333092740081003
1725,-0.4867513975857502,London,-1.237903885890334,0.1515932224783799,-0.1853736267943978,5,-0.25,51.75,0.5397625466493675,-0.12991058411763654,-0.22702354986110904,-14.448991638764262,15.495701028518209,-0.6255372826577447,5.276170386230697,-0.9094449333333333,-0.9154799799999997,-0.7871052666666666,-0.7722980612244882,-1.201635596,0.0138972,-0.360519,LondonCod,13.91975806,Cod,51.5074456,-0.1277653,0.0,0.0,0.0,0.0,0.0,2.6333092740081003
1726,-1.6510613841427073,London,1.0359515274026616,-0.6358135480513678,0.28291989391919004,5,-0.25,51.75,0.08733767154239037,-0.21277536386987128,0.6593633913755317,2.719029313981748,-1.9753508618581228,4.106458973650291,-0.12853943034569174,-0.28181659999999986,-0.24658997999999982,-0.23814193333333336,-0.3665225510204065,-2.233127217,0.518359,-0.742788,LondonCod,13.91975806,Cod,51.5074456,-0.1277653,0.0,0.0,0.0,0.0,0.0,2.6333092740081003
1727,0.034251982332178556,London,0.7381873327094949,0.3193840592601723,0.041666725135216964,5,-0.25,51.75,1.5327367942754633,0.6751843671729084,0.506350190052665,14.341089527232313,0.7011609960500604,6.628180247178173,3.6835004994337126,0.5032967333333336,0.5040080200000002,0.41303140000000005,0.3912325510204096,-2.231793338,-0.206899,-0.710125,LondonCod,13.91975806,Cod,51.5074456,-0.1277653,0.0,2.0,2.0,2.0,0.0,2.6333092740081003
1728,-0.9727225128121247,London,0.7027729709862877,-0.34702194131403935,-0.07798935238161354,5,-0.25,51.75,-1.4210075207707837,0.027087690970730292,-0.2667465894503915,3.6901868440290966,3.88102682746024,3.9911475590820262,2.866657378832114,-0.6522765999999998,-0.7142939799999997,-0.6629352666666667,-0.49147153061224313,1.856624179,-0.430913,-0.492281,LondonCod,13.91975806,Cod,51.5074456,-0.1277653,0.0,0.0,0.0,0.0,0.0,2.6333092740081003
1729,-1.2243595516367394,London,-0.11485233460386621,-0.6606752844456109,-0.2630129745313992,5,-0.25,51.75,0.34305607921155135,0.38553841061097616,0.31997738313255386,-10.380494322130053,-3.977173691634519,-0.351338331877171,0.6171757126059604,-0.4275932666666664,-0.4032599799999998,-0.3567486000000001,-0.42790010204081497,-0.573970449,-1.21809,-0.760171,LondonCod,13.91975806,Cod,51.5074456,-0.1277653,0.0,1.0,1.0,17.0,0.0,2.6333092740081003
1730,-0.2017874534529589,London,0.11365174550967232,-0.10573293197263241,-0.06362609372865999,5,-0.25,51.75,0.4697350442415049,0.21369855881459512,-0.22531965269888596,-10.878279697607951,3.932783284546124,2.7168498456721544,4.24616871353207,0.1061667333333335,0.11832002000000019,0.06643806666666659,0.024161122448981037,-3.762188085,-1.08449,-1.18953,LondonCod,13.91975806,Cod,51.5074456,-0.1277653,0.0,2.0,1.0,2.0,0.0,2.6333092740081003
1731,-1.0286776065421936,London,0.125331848456202,-0.5678730823014069,-0.4839870014317713,5,-0.25,51.75,-1.5114924957921791,-0.011735451359136182,1.3084415774158193,-8.200396429127965,-9.830316340235566,4.423651801193415,1.8100200415051817,-0.032646599999999845,-0.05824397999999985,-0.07378193333333338,-0.01220622448979433,-2.242799649,-0.257217,-1.10569,LondonCod,11.13580645,Cod,51.5074456,-0.1277653,0.0,3.0,1.0,1.0,0.0,2.4101657228734914
1732,-0.5838925292539954,London,0.05622859476325226,-0.4435299683517354,-0.10075850076688266,5,-0.25,51.75,0.37610276574110446,0.588587129031624,0.7885663700243509,-6.533800140050528,2.4128104836980624,4.249188032184531,3.830951017598,0.4054084000000001,0.4206140200000002,0.3944813999999999,0.3630998979591849,0.034932014,-0.489,-0.966742,LondonCod,11.13580645,Cod,51.5074456,-0.1277653,0.0,1.0,0.0,0.0,0.0,2.4101657228734914
1733,1.4599806917240674,London,0.7123595844067607,1.012626974450151,-0.1291609950487925,5,-0.25,51.75,0.9434042178317663,0.9936800927052932,0.5047994525172307,-2.832835885528763,-6.637149861335379,4.618804778053438,1.2781619374111288,-1.2401365999999998,-1.2970679799999998,-1.192335266666667,-1.034277653061223,-0.102425538,-0.225486,-0.309223,LondonCod,11.13580645,Cod,51.5074456,-0.1277653,28333.333333333332,2.0,1.0,3.0,14166.666666666666,2.4101657228734914
1734,0.377616441197618,London,0.6355279154893768,0.36721217891215413,0.058018520999530095,5,-0.25,51.75,1.6310900279943714,1.177279847952128,0.5071358558876006,11.414135231713834,-0.8335965677046044,2.9819341080907975,1.2182629265210034,0.10484173333333341,0.16615202000000015,0.15205139999999995,-0.044277653061223055,-2.443968207,-0.063905,0.559148,LondonCod,11.13580645,Cod,51.5074456,-0.1277653,28333.333333333332,4.0,2.0,3.0,7083.333333333333,2.4101657228734914
1735,0.4929051708323722,London,-0.31731750752875704,0.4981630551247708,-0.08825662238751653,5,-0.25,51.75,0.3855446761781196,0.8312549033604248,1.0744713669739623,1.5407198131594804,12.51915644594252,7.837333349816158,3.6408829043002444,0.24250340000000012,0.21804802000000018,0.1387013999999999,0.2007121428571443,-3.672193157,-0.508593,0.79585,LondonCod,11.13580645,Cod,51.5074456,-0.1277653,28333.333333333332,4.0,1.0,1.0,7083.333333333333,2.4101657228734914
1736,0.3103834519227594,London,0.30405672949338913,0.22514095839716852,-0.0947965385184245,5,-0.25,51.75,-1.4021236998967535,0.2432063244903443,0.894821742924417,17.811055298925037,-7.99971298630946,8.280484010612518,2.2667043066282364,0.3373684000000001,0.32932802000000017,0.3149313999999999,0.3445386734693893,-2.84722466,-0.871766,-0.286241,LondonCod,11.13580645,Cod,51.5074456,-0.1277653,50000.0,2.0,1.0,4.0,25000.0,2.4101657228734914
1737,0.8472257593212094,London,0.7409384313373965,0.38235404723153826,-0.15500994334943433,5,-0.25,51.75,0.6042822679689712,0.714951561549794,0.4124382302075948,-8.468134050446892,-11.82753256337502,6.200929190475151,0.8776093109895101,0.4362784000000001,0.4513920200000001,0.43532806666666657,0.4228550000000013,0.391891584,-0.298875,0.829519,LondonCod,11.13580645,Cod,51.5074456,-0.1277653,50000.0,2.0,0.0,0.0,25000.0,2.4101657228734914
1738,0.6612048360164585,London,0.19867637920050002,0.2698339618461902,-0.03906608113517262,5,-0.25,51.75,1.8034048934698983,0.5267223312781004,-0.39197833930511916,-8.967827097177812,2.854408571513621,2.96322571009958,2.29264481629869,0.32698173333333347,0.33617602000000024,0.33329473333333337,0.3266713265306137,-3.897267319,0.132986,1.05688,LondonCod,11.13580645,Cod,51.5074456,-0.1277653,50000.0,2.0,0.0,0.0,25000.0,2.4101657228734914
1739,0.7195088209726893,London,-0.41478241615540296,0.06607839572487793,-0.5016317774542567,5,-0.25,51.75,0.9937610734958471,-0.18565834878222082,0.08765240250279072,18.566619878946288,10.141864998941085,8.519711287056536,3.027987886002954,0.24071006666666675,0.2487180200000002,0.2566647333333333,0.24238561224489943,-0.40373382,-0.386681,-0.137031,LondonCod,11.13580645,Cod,51.5074456,-0.1277653,50000.0,2.0,0.0,0.0,25000.0,2.4101657228734914
1740,-2.7133152645821568,London,-1.1775426100742032,-0.8516944100719493,-0.8523144815640901,5,-0.25,51.75,-1.207777710068191,-0.7173092461019213,0.28485425891042226,-6.006028285205431,-7.727421498939129,5.508233143828309,1.803652067763158,0.26364006666666673,0.2735440200000003,0.27287473333333334,0.2520386734693893,-2.974397837,-0.967676,-0.619613,LondonCod,11.13580645,Cod,51.5074456,-0.1277653,44496.666666666664,4.0,3.0,13.0,11124.166666666666,2.4101657228734914
1741,0.13197229265892937,London,-0.4183600509938802,0.2783513519627498,-0.74558668288751,5,-0.25,51.75,-3.0245586433238607,-0.7228106279265648,0.2602438122491157,-13.133375790679358,-10.438921337014742,4.117966336079449,0.6781992104892995,0.48143006666666677,0.49599002000000025,0.4740147333333333,0.44401826530612404,-4.029758764,-0.0922972,0.353436,LondonCod,11.13580645,Cod,51.5074456,-0.1277653,47830.0,4.0,1.0,3.0,11957.5,2.4101657228734914
1742,-0.8909939687785564,London,-0.47701395638962474,0.19955793747428088,-0.8011322717158033,5,-0.25,51.75,-2.9922987826640592,-0.7581485957852987,1.1239257580310127,-7.520383087422023,-3.9337335471727326,6.509193851229052,1.1780648986989273,-0.6077999333333332,-0.6415439799999997,-0.5706585999999999,-0.47519602040816167,-2.512045511,-0.584601,0.127061,LondonCod,11.13580645,Cod,51.5074456,-0.1277653,47830.0,4.0,0.0,0.0,11957.5,2.4101657228734914
1743,0.6857877524108075,London,-0.505200651103564,0.5973049622140638,-0.34371859810078,5,-0.25,51.75,-1.3643560581486927,-0.4015459237388627,1.4483941191935894,-14.192886462349783,-0.7970154179495959,2.5335874509017713,4.059959565933656,-0.27607159999999986,-0.24990997999999975,-0.2167519333333333,-0.3059103061224476,-2.123283132,-0.162895,0.0615899,LondonCod,11.13580645,Cod,51.5074456,-0.1277653,40030.0,3.0,0.0,0.0,13343.333333333334,2.4101657228734914
1744,-0.8233748603980273,London,-0.15920776686775362,-0.4641811015986074,-0.21513585193923507,5,-0.25,51.75,-1.5272290131872046,-0.47169683145530483,1.1344948368942,-18.50905791840789,-5.328905034378263,-0.6754520928799747,2.3196397569345253,0.1578084000000002,0.16149402000000027,0.11219140000000005,0.09017132653061377,-0.285092007,-0.070602,0.600982,LondonCod,11.13580645,Cod,51.5074456,-0.1277653,50596.666666666664,3.0,1.0,2.0,16865.555555555555,2.4101657228734914
1745,-0.772616286298439,London,-0.39715969884816477,-0.4491176016953448,-0.247821171464575,5,-0.25,51.75,-0.26752079571542997,-0.5276145332906271,0.43962161069302075,-12.320337487682552,2.8150400157901236,3.2621040038834637,2.421106942132403,0.6067250666666668,0.6074680200000002,0.5496947333333334,0.5524672448979606,-0.480550127,-0.477895,-0.182705,LondonCod,11.13580645,Cod,51.5074456,-0.1277653,51846.666666666664,4.0,1.0,2.0,12961.666666666666,2.4101657228734914
1746,-0.13167465918164187,London,-0.29736600936544416,0.5425848727669883,-0.2931709697556172,5,-0.25,51.75,0.04406224870607082,-1.0774944697678477,1.1455867999190685,5.045718382866256,2.8999787676354947,6.428094713361498,1.47446565209292,0.8691734000000002,0.8811780200000003,0.8325747333333333,0.8334264285714299,3.821283269,0.875006,0.431728,LondonCod,11.13580645,Cod,51.5074456,-0.1277653,37946.666666666664,2.0,0.0,0.0,18973.333333333332,2.4101657228734914
1747,0.7378253460479289,London,0.04777017310466001,0.13298241156458898,-0.2408799386172087,5,-0.25,51.75,0.21716394005134904,-0.1509103174952873,1.2860432634248926,16.53475487760854,-5.329515551318359,5.0816440917940175,1.5592623306787876,1.3420634,1.3786220200000001,1.3174180666666666,1.2645794897959197,-0.161715567,0.743432,0.142835,LondonCod,11.13580645,Cod,51.5074456,-0.1277653,36696.666666666664,2.0,1.0,1.0,18348.333333333332,2.4101657228734914
1748,-0.35934013686255245,London,-0.3196040566076489,-0.03050725915407999,-0.14932531003331762,5,-0.25,51.75,-1.3604219287999364,-0.6586151027906365,0.5934418332913405,-7.31449129817842,-3.757316521570966,1.66085542780338,2.887976636881316,-0.5918499333333331,-0.6373919799999999,-0.5220552666666667,-0.36868581632652925,0.564548772,-0.766917,-0.954901,LondonCod,11.13580645,Cod,51.5074456,-0.1277653,36696.666666666664,1.0,0.0,0.0,36696.666666666664,2.4101657228734914
1749,0.9135980247563446,London,-0.22265799552924764,0.28202366699943304,-0.20497612347575864,5,-0.25,51.75,-0.6412630838472806,-0.08529108821858823,0.9274375180024285,11.320475408494389,-7.811861584276175,6.371148132566942,1.8136829288329088,0.7189367333333334,0.8063580200000002,0.8014947333333333,0.5562121428571444,-1.633543135,0.803211,0.219042,LondonCod,11.13580645,Cod,51.5074456,-0.1277653,0.0,0.0,0.0,0.0,0.0,2.4101657228734914
1750,1.1133503087564989,London,-0.017900240414438773,0.22371711997145802,0.000975125877300177,5,-0.25,51.75,0.13533404959721748,-0.25036735800942184,-0.3592718819111265,6.044633461732073,-1.1818466153792841,4.609364555188424,3.8964905994540633,-0.7920599333333331,-0.8566099799999998,-0.8104986000000001,-0.6406654081632637,-0.370073206,0.276164,0.274324,LondonCod,11.13580645,Cod,51.5074456,-0.1277653,0.0,0.0,0.0,0.0,0.0,2.4101657228734914
1751,-0.4754011047086473,London,-0.8999712379853932,-0.3523908602981894,-0.2101165744637541,5,-0.25,51.75,0.7962677801882797,0.3953899063515142,-0.39206047864797106,6.284985126222534,8.3769770359862,7.928698950739065,6.170570200101766,0.7310167333333334,0.7933780200000002,0.7562080666666667,0.5658958163265321,2.461963576,-0.0892548,-0.0775879,LondonCod,11.13580645,Cod,51.5074456,-0.1277653,0.0,1.0,1.0,3.0,0.0,2.4101657228734914
1752,0.013763537287542852,London,-0.494582375697628,0.17726364574285683,0.031456286830434846,5,-0.25,51.75,0.377676417480607,0.06739345970348194,0.056063379710645116,7.4700851910360315,2.6057743825503286,7.172727632775955,2.4265884584216626,-1.1037832666666665,-1.1853299799999997,-1.1217819333333334,-0.8926041836734678,0.258879762,-0.641224,-0.761348,LondonCod,11.13580645,Cod,51.5074456,-0.1277653,0.0,1.0,0.0,0.0,0.0,2.4101657228734914
1753,-0.18677707322002202,London,0.0674200157166678,-0.2801845791530162,-0.04448786929975672,5,-0.25,51.75,-1.5185739286199404,0.25426588237453607,0.3811413026978681,8.193822109304831,-7.024549191282934,4.07699805234495,3.1242905521557596,-0.2017515999999999,-0.1562599799999998,-0.1255986,-0.2779409183673454,-2.478273591,-0.227102,-1.3147,LondonCod,11.13580645,Cod,51.5074456,-0.1277653,0.0,1.0,0.0,0.0,0.0,2.4101657228734914
1754,-0.15630584046419949,London,-0.5881438614903872,-0.2601178431329527,-0.03140639675989128,5,-0.25,51.75,0.5964140092714585,0.422373389240823,0.6999599545779805,4.5776355109371165,-1.1916512378111677,2.259922326505366,2.8904010367140924,-0.9689949333333332,-1.0170119799999997,-0.9992152666666667,-0.8863388775510189,0.372650143,0.232191,0.172946,LondonCod,11.13580645,Cod,51.5074456,-0.1277653,0.0,1.0,1.0,2.0,0.0,2.4101657228734914
1757,-1.090223383156449,London,0.4043752996353804,-0.20266082247416378,0.4012378796236642,5,-0.25,51.75,-1.187320237454658,-0.946251953984016,0.30129790178180743,-0.15095955663446228,-6.47505644863088,3.2324023521379783,3.026558289828777,-0.4327965999999998,-0.4389839799999998,-0.3653352666666667,-0.3403694897959172,2.802681042,0.0938375,-0.209091,LondonCod,11.13580645,Cod,51.5074456,-0.1277653,123500.0,2.0,0.0,0.0,61750.0,2.4101657228734914
1758,-0.5647152803390322,London,-0.08186931662417735,-0.5834140424261413,-0.17642086069990456,5,-0.25,51.75,0.25257110419015594,-0.08493366103754314,1.2835731216981066,3.620384717906949,9.565024825720394,4.904098599343748,3.304061254973642,-0.5306482666666665,-0.5204079799999998,-0.4840119333333333,-0.5204001020408148,-0.181212824,0.467112,0.197369,LondonCod,11.13580645,Cod,51.5074456,-0.1277653,123500.0,3.0,1.0,1.0,41166.666666666664,2.4101657228734914
1759,0.15258139992408712,London,0.28416556244033736,0.3094202465273322,-0.10962678602393748,5,-0.25,51.75,0.5499912829561339,-0.09691495474791106,-0.4596113509858346,-11.612119195431049,-2.6772109231067684,1.3089519873144229,2.048461627684163,0.7178934000000002,0.7520980200000001,0.6612780666666666,0.5518345918367362,-0.719379484,0.338791,0.21922,LondonCod,11.13580645,Cod,51.5074456,-0.1277653,123500.0,2.0,0.0,0.0,61750.0,2.4101657228734914
1760,-0.32123500762170454,London,0.4327369545690766,-0.397748572934042,-0.00505806077951169,5,-0.25,51.75,-1.9544754604621413,-0.5270968271119402,-0.0358345057183107,7.600095161799309,-10.027877058811992,6.22182081426375,0.3719195258676407,0.28495173333333346,0.24685802000000018,0.21385473333333332,0.33177336734694013,0.244933785,0.054088,-0.8341,LondonCod,11.13580645,Cod,51.5074456,-0.1277653,123500.0,2.0,0.0,0.0,61750.0,2.4101657228734914
1524,0.28495299593168094,Munich,-0.4961295629879387,0.13914683544857756,-0.40202893416867347,0,11.75,48.25,1.2101522311785031,0.4750754740501036,-1.1367759719145272,2.882002777660759,-2.77981162834801,5.5187612056049105,0.888697183254536,0.012816733333333427,-0.0010799799999999067,-0.0328752666666668,-0.007542959183672127,2.45276074,-0.15987,0.531597,MunichHerring,0.23140026,Herring,48.1371079,11.5753822,84533.33333333333,6.0,1.0,2.0,14088.888888888889,-1.4636063406276865
1527,1.7712526479469348,Munich,-1.015203018781936,0.018730584361935497,-0.34671180152856995,0,11.75,48.25,-0.10445009143010679,0.43122404258220765,-1.1196791146835559,-2.6380414592881674,16.35375067637458,4.436787394289392,4.569164703405352,0.6900117333333335,0.6714260200000003,0.6560380666666666,0.7534162244897974,-2.192696836,0.0183651,-0.0171766,MunichHerring,0.22069144,Herring,48.1371079,11.5753822,16296.666666666668,11.0,5.0,25.0,1481.5151515151517,-1.5109897521535516
1530,1.973187315542753,Munich,-0.21051852041746055,0.6738025261689067,-0.24033919458377417,0,11.75,48.25,-0.02529650651822899,-0.04479796887136633,-0.3408945588794987,4.828623626339371,4.6959329551554925,8.075487112424456,2.1871238029062816,0.5065234000000002,0.5253320200000001,0.4783080666666667,0.41500806122449135,2.337307871,-0.471792,-0.991856,MunichHerring,0.24744964,Herring,48.1371079,11.5753822,13230.0,6.0,1.0,2.0,2205.0,-1.3965481924246617
1531,0.5561517725940285,Munich,-0.6822188853289126,0.517067476941395,-0.2770180686249592,0,11.75,48.25,0.0962899280371297,-0.6105544859889357,0.13100719121515797,6.3163367273332645,3.26554798190637,6.980857764049006,3.454998099443572,0.09781840000000011,0.07342802000000022,0.07391140000000003,0.14521214285714434,-0.662463483,-0.158193,-0.0933321,MunichHerring,0.24521634,Herring,48.1371079,11.5753822,10680.0,8.0,4.0,11.0,1335.0,-1.405614437662415
1532,-0.4941909366996729,Munich,-0.011086519086019736,0.4780240038379072,-0.15617345257625256,0,11.75,48.25,-1.8433809104735253,-0.8028301134725212,0.5990904252429601,9.845594225964087,8.147642272652906,8.610199828437537,3.0892619609946554,-0.5450465999999998,-0.5564499799999998,-0.48520526666666663,-0.4510633673469372,-2.958004838,-1.1764,-0.518038,MunichHerring,0.24521634,Herring,48.1371079,11.5753822,10100.0,9.0,4.0,8.0,1122.2222222222222,-1.405614437662415
1538,1.6060766744980173,Munich,-0.43406009717225796,0.09794274854733731,-0.0373861100363471,0,11.75,48.25,-0.5263305388470225,-0.3257622551230549,-0.27082700221356815,2.64194927104283,-0.08797998585212263,2.87250761382182,3.8957543693487913,-0.7880615999999999,-0.8487679799999999,-0.8020019333333335,-0.64107357142857,-3.601601883,-0.522021,-0.0927806,MunichHerring,0.27640503,Herring,48.1371079,11.5753822,23000.0,4.0,1.0,1.0,5750.0,-1.2858879889908221
1541,-1.2332754968053976,Munich,-0.09469604487832538,-0.34375899251953074,-0.15037590772402099,0,11.75,48.25,0.0783375685725801,0.18686442341745138,-0.595873356921416,-0.31792314302947117,8.528638426911868,4.271635696707205,3.0929683577710922,0.002093400000000152,-0.0028119799999997996,0.03985139999999997,0.06407948979591983,-1.954337861,-0.0173278,0.367143,MunichHerring,0.2178981,Herring,48.1371079,11.5753822,5000.0,4.0,1.0,4.0,1250.0,-1.5237277566657237
1542,-0.12247605822030579,Munich,-1.5410888240651952,0.2182662061709425,-0.5192002536679402,0,11.75,48.25,3.4435889518363334,0.3176349101106851,-0.3641122113712516,1.2690189420736473,12.141493662633264,8.3240305103983,3.115382786905957,-0.7084649333333332,-0.7167119799999998,-0.6421286000000002,-0.6196449999999986,-4.607169341,-0.792067,0.588939,MunichHerring,0.2905308,Herring,48.1371079,11.5753822,31966.666666666668,7.0,4.0,7.0,4566.666666666667,-1.236045684213943
1543,-1.3769343896841244,Munich,-0.9532776965157063,-0.47887948404723657,-0.3521638129453799,0,11.75,48.25,1.3521390742163044,-0.44687327281564765,-0.7153823797920688,5.247207455901562,7.77672548419326,6.340627199569835,3.529971215003582,1.1748717333333336,1.2474280200000003,1.1373847333333333,0.9294774489795936,-1.259613945,-0.107773,0.0106835,MunichHerring,0.2939895,Herring,48.1371079,11.5753822,30666.666666666668,5.0,0.0,0.0,6133.333333333334,-1.22421122656694
1545,0.13162604005500836,Munich,0.2505277560563242,0.16069631452440228,-0.029108281160481263,0,11.75,48.25,0.7025900681353278,0.11857170001388963,-1.2651568210710327,9.698482606248506,2.8303565978793888,6.719244060247903,3.7673733390282944,0.6384850666666669,0.6848040200000002,0.6935147333333332,0.5835590816326546,-1.031382445,0.244261,2.15176,MunichHerring,0.32926824,Herring,48.1371079,11.5753822,4125.0,5.0,1.0,1.0,825.0,-1.1108825412599368
1546,-0.40163824373057233,Munich,-0.591728071828043,-0.7097430691039994,-0.3091297347903413,0,11.75,48.25,-0.6650533165276331,-0.26100696408765306,0.3431323933564222,1.898389647108015,7.387991165528137,3.209201671323659,2.2036731442128175,-0.7422682666666666,-0.7790639799999997,-0.7101052666666666,-0.5939103061224477,-1.808056936,0.153583,1.02079,MunichHerring,0.3527874,Herring,48.1371079,11.5753822,8125.0,4.0,1.0,2.0,2031.25,-1.0418896697729854
1548,-1.4194421135134687,Munich,-0.24646040111747358,-0.2687783657764956,-0.20162164940222677,0,11.75,48.25,-1.1473189730525792,-0.5273592419762294,-0.6067161616398392,-6.031612555920212,10.875786742712437,1.94307573298907,3.844375322878635,-0.21017493333333317,-0.2370919799999998,-0.2561186000000001,-0.19318581632652918,-2.405657378,-0.342524,0.280105,MunichHerring,0.32926824,Herring,48.1371079,11.5753822,3412.5,4.0,2.0,4.0,853.125,-1.1108825412599368
1549,-0.554396981557236,Munich,-0.8294521204266292,-0.1412493276161485,-0.19995595780257794,0,11.75,48.25,0.4414648395600608,-0.3962103041078284,-1.3259682957506922,0.7890694290142214,7.274554245420915,3.58727986777019,3.33423483708597,-0.31914993333333325,-0.3309599799999999,-0.3055019333333334,-0.2857980612244884,-1.907184781,-0.160731,0.112739,MunichHerring,0.31862862,Herring,48.1371079,11.5753822,3687.5,6.0,3.0,5.0,614.5833333333334,-1.143729055032233
1554,-1.2501716276453692,Munich,0.48194082403330407,-0.5045588233111231,-0.029060716907434885,0,11.75,48.25,0.5100102120610683,0.09946517776795334,0.8237930555606623,7.941557810235358,-2.8376493724423515,6.750975791202047,1.4730954053025622,0.06345840000000015,0.04233802000000022,0.012811399999999983,0.06530397959183822,-2.756035313,-0.144866,-0.991299,MunichHerring,0.33676524,Herring,48.1371079,11.5753822,24120.0,8.0,4.0,14.0,3015.0,-1.0883692085909695
1557,-0.8943250738272805,Munich,0.36496520009856265,-0.5744763872596718,-0.21781493058964246,0,11.75,48.25,1.095093927337526,-0.22945373993899046,-0.5592414397597509,8.784733713795223,-1.2636581266421187,4.285156808985204,3.3661385324142783,-0.2617515999999998,-0.2673139799999999,-0.19862860000000016,-0.1704307142857129,-3.38786428,-0.0874869,-0.202042,MunichHerring,0.30351321,Herring,48.1371079,11.5753822,17036.666666666664,9.0,3.0,6.0,1892.9629629629626,-1.1923301438943728
1558,-0.12992974205277577,Munich,0.43143417772791526,0.0967760033774913,0.2569087445615839,0,11.75,48.25,0.12648253259114495,0.08332522170588476,0.23357103574100585,-2.1486819561792756,9.369360167886462,5.347794292292605,2.6359100206295025,-0.30814159999999985,-0.29175597999999986,-0.2510686000000001,-0.3065225510204066,-2.863641771,-0.226926,-0.0699885,MunichHerring,0.30068325,Herring,48.1371079,11.5753822,15536.666666666666,8.0,2.0,8.0,1942.0833333333333,-1.2016978938979728
1560,-0.44712075617466907,Munich,-0.29904772822363035,-0.13158161346852887,-0.17400988760578273,0,11.75,48.25,-0.4610492317032057,0.017957469505624626,-2.176977742035733,-1.5471500528223245,11.696884219900237,4.192809413661595,3.843905030135202,-0.36287826666666645,-0.3780399799999997,-0.3697552666666667,-0.3485123469387742,0.640080799,-0.384954,-0.224802,MunichHerring,0.3466701,Herring,48.1371079,11.5753822,8817.460317460316,9.0,2.0,3.0,979.7178130511462,-1.0593816717177174
1561,-1.3933291516564406,Munich,0.5426127241303966,-0.3386144785455068,0.025095782894946034,0,11.75,48.25,-2.0449369462800595,-0.37392278128672085,-0.7054880606126249,1.5931581781320918,-9.983100594140968,7.909112049394028,0.5008208092125698,-0.7886782666666664,-0.8146039799999999,-0.7741952666666666,-0.7195225510204066,-1.096945832,0.138198,0.974452,MunichHerring,0.38163552,Herring,48.1371079,11.5753822,10072.005772005772,9.0,2.0,21.0,1119.1117524450858,-0.9632892619788376
1562,1.1198658589418518,Munich,0.22597321576292387,0.4980133875047845,-0.18551979137000485,0,11.75,48.25,-0.1754435129490075,0.9575565268316464,-0.444461567320578,0.5565410742687478,-3.1000004501450498,7.875799581272507,1.9040589186544454,-0.2897599333333332,-0.2801879799999999,-0.29070526666666674,-0.3368694897959169,2.105954239,-0.419434,-0.349194,MunichHerring,0.38163552,Herring,48.1371079,11.5753822,17072.005772005774,10.0,4.0,12.0,1707.2005772005773,-0.9632892619788376
1563,0.48133082524432386,Munich,-0.09803014784823072,0.13261011351750862,-0.2118773480435478,0,11.75,48.25,1.6263205642203349,0.5090167919210307,-0.2795378387923564,-1.851045352268656,-4.2782269954291685,3.023463217444007,2.4070257106167494,-0.2858665999999999,-0.30733597999999984,-0.3290619333333334,-0.28287969387754974,-3.030663254,-0.757609,-0.478447,MunichHerring,0.40548774,Herring,48.1371079,11.5753822,15072.005772005772,9.0,1.0,8.0,1674.6673080006412,-0.9026646401624028
1564,-1.2517843641696589,Munich,0.3266292830554973,-0.2289037227045715,0.060976989164513634,0,11.75,48.25,0.20726815018161818,-0.20290036331589928,-0.5484708039832885,4.2897690472932455,4.045977493455088,5.158298380287957,2.7667928092533884,0.8870650666666665,0.9171220200000001,0.8273647333333333,0.7505182653061239,0.996648698,-0.465162,-0.324776,MunichHerring,0.33393108,Herring,48.1371079,11.5753822,8072.005772005772,9.0,2.0,8.0,896.8895302228635,-1.0968206546033603
1565,-2.009753818290386,Munich,0.09787347007708858,-0.26514556865783534,-0.13848757550859367,0,11.75,48.25,1.2917538651082738,0.13387190723365228,-0.031086217896577895,6.743957452264678,-4.198314375171656,6.380783340590281,4.505151245715778,1.2199134000000003,1.2247320200000005,1.1309813999999998,1.1614876530612261,-0.871489753,-0.464675,-0.560512,MunichHerring,0.351763454,Herring,48.1371079,11.5753822,8072.005772005772,12.0,3.0,5.0,672.6671476671477,-1.0447963349628848
1566,0.4001090686842248,Munich,-0.47387505237490535,0.5499171718603465,-0.0015633736577814051,0,11.75,48.25,1.6165283681487623,0.2870472438586016,0.7812544313530713,11.075595726788587,11.105051164498308,7.198708420885265,3.6004795047564997,-0.34006159999999996,-0.3763719799999999,-0.28113526666666677,-0.14585928571428422,3.310799938,-0.42807,0.157446,MunichHerring,0.3577833,Herring,48.1371079,11.5753822,32248.737373737375,12.0,3.0,48.0,2687.394781144781,-1.0278277831164087
1567,0.09981418540230284,Munich,0.7905897660725264,0.5788230220852844,-0.15902096565698362,0,11.75,48.25,0.039984800625587756,-0.41648537126478635,0.8499063742255915,-11.531412210764506,-18.384909422008427,5.485617775461399,1.7990190247861777,-1.1125449333333333,-1.10012198,-0.9599186000000001,-1.007022551020407,1.870760001,-0.137184,-0.418342,MunichHerring,0.3577833,Herring,48.1371079,11.5753822,12248.737373737373,12.0,2.0,3.0,1020.7281144781144,-1.0278277831164087
1568,-0.9913483058663042,Munich,-0.7910284638317244,-0.15320789820194802,-0.1730342129087937,0,11.75,48.25,0.0048960980357862565,-0.37902314936514214,0.7892867898578314,5.927050512558093,14.25173718435955,6.4492230165072355,3.2317906531974496,0.05974673333333351,0.10283402000000023,0.055811399999999955,-0.10293071428571289,-1.742855021,0.113872,0.490706,MunichHerring,0.39356163,Herring,48.1371079,11.5753822,12834.848484848484,12.0,3.0,9.0,1069.570707070707,-0.9325176033120839
1569,-0.8916093257941496,Munich,-0.6811534764851459,-0.3233310992870652,-0.05869006299191398,0,11.75,48.25,-0.8274405680478772,-0.26351495530420754,0.30256956933163065,15.885098573511735,-5.070641366715055,8.965695720169656,1.5881822289496683,-0.07370493333333317,-0.11872197999999984,-0.16525193333333335,-0.06414499999999852,0.064385045,-0.415703,-0.574185,MunichHerring,0.3918579,Herring,48.1371079,11.5753822,10368.181818181818,14.0,6.0,35.0,740.5844155844155,-0.9368560049106821
1570,-0.00932546093838175,Munich,-0.9268743585228285,0.23728377753423283,-0.1606654462737947,0,11.75,48.25,1.44271688787835,0.1749388526233285,-0.05272940565954257,9.094306765503532,11.25932742851036,9.082667612037689,2.4818742439199695,0.3870700666666669,0.3943460200000002,0.3684614,0.35721214285714425,0.144179403,-0.442139,-0.891617,MunichHerring,0.42933996,Herring,48.1371079,11.5753822,19268.181818181816,15.0,4.0,13.0,1284.5454545454545,-0.8455062263224541
1571,-1.8039168296746537,Munich,0.6295312844492249,-0.49074838765502976,-0.060147697648615626,0,11.75,48.25,-0.05385707839364882,-0.914557758453878,0.836234673060168,3.405982626929146,-7.471091227880879,4.2108069019596295,2.5060109408977738,-0.7429882666666666,-0.7788159799999999,-0.7160386,-0.6011552040816311,-3.2098213,-0.130879,0.654663,MunichHerring,0.338585884,Herring,48.1371079,11.5753822,18468.181818181816,11.0,1.0,2.0,1678.9256198347105,-1.0829774994610446
1572,-1.727349447435951,Munich,0.7405343517480271,-0.3337362719862434,0.006586803689478522,0,11.75,48.25,-1.0795896168908694,-0.9459691452632385,0.21357287645463335,6.644168180642563,-4.673855174275955,6.712942877049082,2.7772067064986126,-0.12494826666666649,-0.08971197999999976,-0.07709860000000002,-0.19070622448979435,-1.362456854,0.411505,1.45267,MunichHerring,0.53293968,Herring,48.1371079,11.5753822,30638.636363636364,16.0,7.0,30.0,1914.9147727272727,-0.6293470319522902
1573,-2.5129109015732882,Munich,-0.776557704889034,-1.0897827517318075,-0.26108729686550397,0,11.75,48.25,1.091829861980335,-0.0324227971772889,0.2061421547733983,-6.016993441182915,7.015820507836009,2.295562479493041,4.424788417397422,-0.32921659999999986,-0.3540379799999998,-0.36769193333333333,-0.31564499999999857,-1.303428321,-0.561738,0.423973,MunichHerring,0.53293968,Herring,48.1371079,11.5753822,30638.636363636364,12.0,0.0,0.0,2553.219696969697,-0.6293470319522902
1574,0.1782115640079458,Munich,-0.11261998189698921,0.2843892821323772,-0.1321254845506715,0,11.75,48.25,1.7389308190434185,0.4092318856223003,-0.3303835485874675,11.321600674499678,6.051670590684729,7.965093575933979,4.503143503545789,0.12730340000000023,0.13169402000000033,0.1103447333333334,0.08677336734694051,0.375256409,-0.0650749,0.6229,MunichHerring,0.36639603,Herring,48.1371079,11.5753822,20605.303030303032,10.0,2.0,4.0,2060.530303030303,-1.004040481393701
1575,-1.0333045239412277,Munich,0.13464887651957788,-0.22760775052155705,-0.018287517786641436,0,11.75,48.25,-0.2701014083075418,-0.3731678894247315,-0.11098370510379263,-3.797168526209434,1.795854450278708,1.234794493196694,2.5386049949389533,-0.02610159999999988,-0.038911979999999805,-0.05002860000000004,-0.0057674489795904995,-0.844364747,-0.329609,0.444777,MunichHerring,0.3648099,Herring,48.1371079,11.5753822,5205.303030303031,10.0,3.0,4.0,520.5303030303031,-1.008378882992299
1576,0.7193222705723263,Munich,-0.3951914757073094,0.3196913177243366,-0.19890177627072758,0,11.75,48.25,0.8494730092089153,0.39402029286589607,0.12308615909980833,0.42675576494607476,6.525079327974416,6.25808454464326,4.346360479206773,-0.0619782666666665,-0.06043197999999981,-0.05008193333333343,-0.05100214285714127,-1.111388441,-0.275874,0.455884,MunichHerring,0.34419021,Herring,48.1371079,11.5753822,7205.303030303031,8.0,1.0,8.0,900.6628787878789,-1.066560838375035
1577,-0.39413442301133683,Munich,-0.5648045636349731,0.43572286114683906,-0.21684687599714564,0,11.75,48.25,1.7234265085967622,0.7282174228570987,-0.07598332999595053,-4.3966329170044105,8.374479319793348,3.950046095604484,6.04203466141553,0.0015450666666668115,0.005294020000000138,0.0019913999999999397,-0.00826744897959033,-1.3427136,-0.523993,-0.344948,MunichHerring,0.294174244,Herring,48.1371079,11.5753822,11513.636363636364,8.0,3.0,8.0,1439.2045454545455,-1.2235830205343166
1578,0.4146487658462179,Munich,-0.8882501543808615,-0.0037873184645118552,-0.18873033243224918,0,11.75,48.25,-0.738494787064427,0.3069479550481276,0.7906332605702319,9.388144000403917,6.524557447266845,5.80801248798741,1.655027964682588,-0.44617159999999983,-0.46530797999999973,-0.43291860000000004,-0.3884307142857127,-4.36969698,-0.249275,-0.215705,MunichHerring,0.3330873,Herring,48.1371079,11.5753822,10713.636363636364,7.0,1.0,10.0,1530.5194805194806,-1.099350661198026
1579,0.5718696865950105,Munich,-0.9734327249954347,0.3609004960362698,-0.34555541817666946,0,11.75,48.25,2.439072838160853,0.44850060519973634,-0.25876173610344594,11.895282157313735,14.469875574214587,8.123274594335237,4.331655573678404,-0.7490182666666666,-0.7609479799999996,-0.7097719333333335,-0.6978184693877536,0.418401172,-0.33618,0.380213,MunichHerring,0.37749894,Herring,48.1371079,11.5753822,12046.969696969698,9.0,2.0,5.0,1338.5521885521887,-0.9741875182440198
1580,-0.05754043371119777,Munich,-0.24892964279067412,0.26432173994000113,-0.2744462574295007,0,11.75,48.25,0.5116422447396638,-0.030320355789878264,-0.05519797209201405,-5.389541139936928,9.20245516534218,5.705759554355442,4.8700566257322055,-0.6264899333333331,-0.6322999799999998,-0.6194686,-0.6317878571428555,-1.38954313,-0.66621,-0.0912118,MunichHerring,0.4441164,Herring,48.1371079,11.5753822,12846.969696969698,10.0,1.0,1.0,1284.6969696969697,-0.8116685887462448
1581,0.4744119348706859,Munich,-0.22724543926459828,0.09834891377876968,-0.08919037551876123,0,11.75,48.25,1.341530861805434,0.11158581933021715,0.1326663055273988,8.453225535055703,9.602984568941718,5.833695311533356,6.1356427920463945,0.36763840000000014,0.3815320200000002,0.3031080666666666,0.24938561224489944,-0.789170335,-0.27579,0.191452,MunichHerring,0.4432932,Herring,48.1371079,11.5753822,11046.969696969698,7.0,0.0,0.0,1578.1385281385283,-0.813523876847991
1583,-0.4186262921962802,Munich,1.181933235720584,0.012579771998381867,0.1832470743947126,0,11.75,48.25,-0.8396808131373429,-0.09072101165407999,0.48330913592886987,5.811151038462757,-16.135993772602628,5.366864642557022,2.382141341391038,0.4702050666666668,0.4776760200000002,0.4682414,0.4768652040816342,-1.546176178,-0.513092,0.593172,MunichHerring,0.39896388,Herring,48.1371079,11.5753822,5638.636363636364,9.0,3.0,16.0,626.5151515151515,-0.9188843925058173
1584,1.918897423323518,Munich,0.6975106357923881,0.6877821652950817,0.12625333793049381,0,11.75,48.25,-0.28642173509349594,0.11588117182249014,0.14800689078821933,-2.4324856552497187,-3.9082038913722865,4.4261776923154255,2.1867805252724066,-1.0032466,-1.0388539799999998,-0.9280952666666669,-0.8215123469387743,1.223882551,-0.627821,0.33571,MunichHerring,0.4432932,Herring,48.1371079,11.5753822,3238.6363636363635,4.0,0.0,0.0,809.6590909090909,-0.813523876847991
1585,0.25633318973637853,Munich,-0.3313170819680709,0.23851606303189354,-0.25664087055858503,0,11.75,48.25,0.37291946705905316,0.15150307471171703,-0.26642831219168683,-0.8427537514476159,2.65572795451079,4.511046400974165,5.112188084453997,-0.07337993333333323,-0.022981979999999836,-0.015848600000000122,-0.18234908163265165,-1.448595219,-1.42631,-0.73158,MunichHerring,0.4432932,Herring,48.1371079,11.5753822,3238.6363636363635,5.0,1.0,5.0,647.7272727272727,-0.813523876847991
1586,-1.6328999089175562,Munich,-0.48875317352256553,-0.6945422303792238,-0.27827235558431945,0,11.75,48.25,-1.350507041537709,0.010047684801727269,-0.5119935436926359,3.847290375389774,4.877376063125013,4.3655554506533685,2.3125409266507875,0.6341550666666668,0.6347260200000002,0.5322213999999998,0.5217733673469401,-0.78466431,-0.565654,-0.343006,MunichHerring,0.4432932,Herring,48.1371079,11.5753822,3238.6363636363635,5.0,0.0,0.0,647.7272727272727,-0.813523876847991
1587,-1.5750085169989998,Munich,-1.360884318808321,-0.45418032420747245,-0.5444194782094963,0,11.75,48.25,0.4112722350060455,0.48425061696121197,1.8050445621625613,9.151918264467378,-6.312223648955215,5.389118327020512,4.0041801095419425,-0.18463326666666655,-0.23022397999999974,-0.20380859999999998,-0.07006336734693745,-3.835066959,-1.18664,-1.53015,MunichHerring,0.4432932,Herring,48.1371079,11.5753822,9905.30303030303,8.0,3.0,21.0,1238.1628787878788,-0.813523876847991
1588,-0.6449024183167457,Munich,-0.6789223850240815,-0.13755603345930692,-0.12886751531799454,0,11.75,48.25,4.618652480425035,0.45977452806662417,-0.715341725440652,2.6354801449435183,4.616847210824263,5.921835710530741,2.4912008772375307,0.2086834000000002,0.2431020200000003,0.25450806666666664,0.1750896938775525,-1.27837733,-0.77987,-0.359351,MunichHerring,0.4432932,Herring,48.1371079,11.5753822,13455.30303030303,8.0,2.0,3.0,1681.9128787878788,-0.813523876847991
1590,-0.9783377837506587,Munich,0.4795154521360233,-0.41537167439189726,-0.0803008771033201,0,11.75,48.25,-1.389675825823999,-0.31740833249627787,1.6733536348419162,5.058017469376778,-23.90932654807727,5.585579569831871,2.2464975638667095,-0.6124165999999999,-0.5945099799999998,-0.5568186,-0.6484613265306105,-1.74139193,-1.42203,-0.733526,MunichHerring,0.28814058,Herring,48.1371079,11.5753822,16063.197767145135,9.0,4.0,20.0,1784.799751905015,-1.2443067929404452
1592,0.6347664110423218,Munich,-0.9470983252218593,0.4241443110863229,-0.2867703637297151,0,11.75,48.25,2.3003500604802425,0.30054277919945427,-0.13110916706921694,5.974872471866969,7.575828522463907,7.480462533062583,4.651156338349425,0.09109340000000017,0.0429340200000002,0.020838066666666606,0.1675896938775524,-4.468161627,-0.682107,-0.0630393,MunichHerring,0.40600224,Herring,48.1371079,11.5753822,13413.197767145135,10.0,1.0,7.0,1341.3197767145134,-0.901396602154245
1593,-1.0066651247731624,Munich,-0.2843826888447235,-0.2658659164965887,-0.38753100589800143,0,11.75,48.25,0.8380487804587474,0.046566704760486445,0.46741431552541224,5.969140498232775,3.5532988677755855,5.133390492586821,2.2173612328145103,-0.07002826666666641,-0.059993979999999746,-0.017831933333333473,-0.02698173469387604,-1.493414274,-0.0855376,1.17469,MunichHerring,0.442574664,Herring,48.1371079,11.5753822,19841.769195716563,12.0,2.0,15.0,1653.4807663097135,-0.8151460965644401
1594,-1.011854292553391,Munich,-1.161195365932207,0.025329843190196454,-0.3103427760686991,0,11.75,48.25,2.4872178021794182,0.4798549117905909,-1.2222971452897635,-5.678204752238435,11.16758873967717,4.046145127393459,3.062875040252249,1.4038217333333336,1.4720280200000002,1.3600647333333333,1.1971917346938792,-1.294762317,-0.417153,-0.572583,MunichHerring,0.389424582,Herring,48.1371079,11.5753822,20341.769195716563,14.0,5.0,23.0,1452.9835139797544,-0.943085060147459
1597,-0.4139719178748837,Munich,-0.6123217980669693,0.007777427603839125,-0.3828131675656204,0,11.75,48.25,2.7565031941476623,0.1358068261061357,0.41816769190690933,3.7712203721417628,9.213109664982493,7.289788468002442,2.3389026805561373,0.9373500666666669,1.0067860200000003,0.9575680666666665,0.7817325510204094,-1.569877941,-0.830101,-1.00463,MunichHerring,0.39794664,Herring,48.1371079,11.5753822,21541.769195716563,16.0,1.0,3.0,1346.3605747322852,-0.921437353037691
1600,-2.7211293923103814,Munich,-1.3723656658776189,-0.7785519446837534,-0.266147332039461,0,11.75,48.25,2.5655553707519982,-0.34248329730890964,0.523685869037444,0.07591766701178908,8.655303425362053,5.644834242370788,2.5051654737239946,-1.1849299333333332,-1.2003659799999997,-1.0759619333333335,-1.0422572448979577,-2.508019272,-1.17402,-0.602916,MunichHerring,0.34915272,Herring,48.1371079,11.5753822,21216.769195716563,10.0,3.0,15.0,2121.676919571656,-1.0522458593724493
1601,-2.1081725270110496,Munich,-0.9008282458481548,-0.6849604442853903,-0.6675988242595954,0,11.75,48.25,4.3363108270280275,0.4883246145006024,1.8931234508982644,12.007680479946023,6.609300610845468,9.616411030444937,2.909042017119351,-0.07285159999999988,-0.028531979999999835,-0.052125266666666704,-0.2123184693877538,-4.427241393,-0.529803,-0.85691,MunichHerring,0.3898608,Herring,48.1371079,11.5753822,24466.769195716563,10.0,2.0,5.0,2446.676919571656,-0.9419655266475702
1602,0.7457945467845067,Munich,-0.21187848347097454,0.29180065925199467,-0.3197000981801685,0,11.75,48.25,3.5929199419278137,-0.20360340673957986,0.4442799323609341,-2.7203372379530486,0.4522991951997102,4.886282236565067,2.7886493102721333,0.06566673333333348,0.03421002000000016,-0.030385266666666803,0.03733459183673618,0.555353664,0.377236,0.0932494,MunichHerring,0.3434488,Herring,48.1371079,11.5753822,23716.769195716563,9.0,1.0,1.0,2635.19657730184,-1.068717232286714
1603,0.026104605709233415,Munich,1.29534287358413,0.17681583814510674,-0.00017458143138795293,0,11.75,48.25,-0.06446529080451904,-0.6137230458169611,0.05104079619865046,0.29058653453757205,-16.836372205746926,5.08092932848949,1.6647872777119366,-0.05972659999999987,-0.07861997999999976,-0.07290193333333325,-0.01816540816326397,-2.453399364,-0.48847,-0.911512,MunichHerring,0.35087472,Herring,48.1371079,11.5753822,22816.769195716563,8.0,0.0,0.0,2852.0961494645703,-1.0473260423053965
1604,0.5372334539878488,Munich,0.4728284448636757,-0.2633717363303564,-0.22400965858797775,0,11.75,48.25,0.07670553589398468,0.519608278611096,-0.23624345636836,9.482207753317107,1.1473658703444851,5.847812881793707,3.5776067234954714,0.15973006666666684,0.1754880200000003,0.16457140000000006,0.13827336734694018,-1.83223858,-0.142777,-0.544093,MunichHerring,0.42884688,Herring,48.1371079,11.5753822,25016.769195716563,9.0,2.0,11.0,2779.641021746285,-0.8466553468432453
1607,1.8296370525853518,Munich,-0.07708546340194591,0.6905370724232189,-0.3392664227896128,0,11.75,48.25,2.5476030112874484,0.16744953460231934,-1.8564281952237127,-2.2610699509311414,-1.0754015223104687,5.036319567025659,2.6660688305169584,0.8951067333333335,0.9149080200000003,0.8362047333333332,0.7959978571428584,-0.30902285,-0.294585,-0.936297,MunichHerring,0.39865644,Herring,48.1371079,11.5753822,15734.031100478469,11.0,5.0,10.0,1430.3664636798608,-0.9196552856426053
1608,-1.9370887570715982,Munich,-0.6428112923312349,-1.1115558754634784,-0.31425525232225865,0,11.75,48.25,1.6279525968989301,-0.06319298143188393,-0.10394590163138158,20.815614486124144,15.675106299339525,7.179659675795646,5.0760053131011365,0.6035767333333335,0.5945760200000001,0.5745780666666666,0.6297121428571442,-0.308729149,-0.208526,-1.09822,MunichHerring,0.37393356,Herring,48.1371079,11.5753822,12576.136363636364,9.0,2.0,6.0,1397.348484848485,-0.9836771444075364
1609,1.6617620433988918,Munich,-0.6468473117158572,0.7795200388831116,-0.4453145733923962,0,11.75,48.25,3.5423269288913564,0.7632646462220902,-0.6832365095092174,-14.45871823589623,15.162301862180236,4.25954480303931,3.979222388960531,-0.15504493333333308,-0.15821397999999973,-0.08999860000000001,-0.059869489795916955,-1.141075317,0.113319,-0.786615,MunichHerring,0.3963981,Herring,48.1371079,11.5753822,12576.136363636364,10.0,3.0,6.0,1257.6136363636365,-0.9253362696760355
1610,0.030775692326218573,Munich,-0.048225417957558844,0.284934515289996,-0.3176357798505387,0,11.75,48.25,-1.1742475122494038,-0.540617280752022,-0.5438072473400619,-7.945606339360772,2.0434776477534147,4.006547590400068,2.60532019491854,0.9473917333333335,1.01154402,0.9600580666666665,0.7937529591836749,1.252804848,-0.220878,-1.27787,MunichHerring,0.3963981,Herring,48.1371079,11.5753822,7575.0,7.0,2.0,7.0,1082.142857142857,-0.9253362696760355
1611,-0.0228958449562419,Munich,1.732925087051664,-0.14070556077794438,0.07521286606490835,0,11.75,48.25,-0.6267005485806408,0.13212087115802829,1.2254633345015937,8.38967421386417,-13.506956288564838,5.0372022502077165,1.1211729972793727,-0.029104933333333194,-0.06949797999999978,-0.05726526666666666,0.06416112244898087,1.6221058799999999,-0.398103,-1.4946,MunichHerring,0.4146681,Herring,48.1371079,11.5753822,7575.0,8.0,2.0,5.0,946.875,-0.8802768377654562
1612,0.21240492078201223,Munich,-0.4813642498355009,0.014708625583243448,-0.5250304509364535,0,11.75,48.25,0.9979879829610986,-0.11570584801772557,0.5164335497736458,8.22497937773019,11.880452612012839,7.127828790451492,2.645265607093861,-0.34137826666666643,-0.33514397999999984,-0.26048860000000007,-0.28353275510203935,0.212950308,-0.440182,-1.43803,MunichHerring,0.407232672,Herring,48.1371079,11.5753822,5700.0,5.0,0.0,0.0,1140.0,-0.898370581208155
1613,0.7280210204261395,Munich,-0.7381027127399006,0.17316382127927077,-0.0574557984566432,0,11.75,48.25,1.7356667536862276,0.07162122906681055,-1.6015137382340214,-1.501410452403529,18.056179765848682,3.357100705228547,4.024157694751568,-0.4282315999999997,-0.4226479799999997,-0.39829860000000006,-0.4247572448979576,1.097142567,-0.656514,-1.46784,MunichHerring,0.407232672,Herring,48.1371079,11.5753822,5700.0,9.0,6.0,14.0,633.3333333333334,-0.898370581208155
1614,-1.1767962938640697,Munich,-0.7889227145875737,-0.15333185726822107,-0.6359188499496966,0,11.75,48.25,0.43248865982778595,-0.13908051937305438,-1.1510494795905721,3.127537806812652,5.821255901216864,5.697418951030045,2.2763928229743136,-0.024583266666666468,-0.02119797999999978,-0.0454319333333334,-0.07625724489795786,2.749668094,-0.48652,-1.16363,MunichHerring,0.395793552,Herring,48.1371079,11.5753822,3000.0,8.0,5.0,7.0,375.0,-0.9268625370024614
1615,-0.7863469320299964,Munich,0.04500412298287587,-0.1892268708631689,-0.3289845398568056,0,11.75,48.25,0.05548911107224424,-0.46617253032282213,-0.5168452158161818,8.32943814228809,-6.224351137608734,7.572371632246729,2.8234734090886326,0.5721784000000002,0.57737202,0.5113580666666665,0.49914071428571577,3.297633212,-0.145294,-1.54407,MunichHerring,0.379778784,Herring,48.1371079,11.5753822,4250.0,8.0,4.0,11.0,531.25,-0.9681663431436971
1616,-1.7783219489808693,Munich,1.6091997847361177,-0.4634890036872435,0.1893418012461479,0,11.75,48.25,-3.0894378605811275,-0.5766413872813027,1.0633185881288696,4.960186622079676,-14.709762543760714,2.36886989505186,0.9569411049027443,-0.024541599999999802,-0.04993197999999972,-0.036835266666666665,0.052579489795919886,0.118425423,-0.216886,-1.43477,MunichHerring,0.40868856,Herring,48.1371079,11.5753822,8750.0,9.0,3.0,7.0,972.2222222222222,-0.8948018799952493
1617,2.1979593350602538,Munich,0.07290530046787291,0.8478914513891742,0.10737694851282252,0,11.75,48.25,1.0869337639445489,0.47377018290418715,1.0310909388824998,-3.172906894521308,-1.3551102167936016,5.325704433482874,2.2240746653542858,0.20712173333333345,0.23323002000000018,0.24372806666666663,0.18397744897959328,-0.417102733,-0.277847,-1.75194,MunichHerring,0.42051765,Herring,48.1371079,11.5753822,13750.0,12.0,5.0,11.0,1145.8333333333333,-0.8662688266093453
1618,-1.3407773381784096,Munich,-0.8980331144109784,-0.12009223638249303,-0.41176153699632456,0,11.75,48.25,2.5786116321807615,-0.1862138945832543,-0.12061698437041261,10.287209228867267,6.049718621284977,7.4476198014829595,5.4531897927555315,0.30055840000000017,0.30889402000000016,0.28586473333333323,0.27072234693877717,1.228870053,-0.260653,-1.80821,MunichHerring,0.58872471,Herring,48.1371079,11.5753822,315564.51612903224,10.0,5.0,42.0,31556.451612903224,-0.5297965899881324
1620,-0.14188738954634597,Munich,-0.3569119626618552,-0.4406003412328183,-0.30380200141728886,0,11.75,48.25,1.6654893485066247,0.44716073225525643,0.312062314513958,2.2775313013387075,-0.41859577117392993,2.861092973135779,2.9776071075227626,0.9713284000000001,1.0142280200000002,0.9518747333333333,0.8481101020408177,-0.078985701,0.19613,-0.975762,MunichHerring,0.406816704,Herring,48.1371079,11.5753822,313925.62724014337,13.0,7.0,33.0,24148.12517231872,-0.8993925537038482
1623,-0.7268511597349444,Munich,-0.10110103216261723,-0.007298537327079901,-0.09006695533361757,0,11.75,48.25,-0.4692093950961828,-0.8839268912604773,-0.026663401774959662,4.898070876266796,-0.841918484118489,6.256052703428465,4.572138147765195,-0.3438399333333332,-0.3142899799999997,-0.23443859999999997,-0.3161347959183661,1.759881647,0.0159669,-0.224608,MunichHerring,0.280433664,Herring,48.1371079,11.5753822,274336.3415258577,9.0,3.0,15.0,30481.815725095297,-1.2714180739666332
1624,-1.381045614398895,Munich,0.8367031676750888,-0.5036397782873969,0.11634784883026295,0,11.75,48.25,-2.5728995178056775,-1.4417920666762047,0.8252236988007627,16.47556028004139,3.789514275831701,10.008647360061373,2.568487005494381,-0.5178599333333331,-0.5204919799999996,-0.49486526666666675,-0.5143082653061212,-1.950494719,-0.441297,-0.875652,MunichHerring,0.224346931,Herring,48.1371079,11.5753822,275826.81771633384,9.0,2.0,10.0,30647.42419070376,-1.4945616261723196
1627,-0.8177242669974011,Munich,-1.7007748084132914,-0.5826584584937677,-0.5294443257563562,0,11.75,48.25,0.23664473839633568,0.12788263336758626,-0.11831677830551232,14.398844285627446,6.828194226956363,8.382580462710163,4.273774015718742,0.8057617333333336,0.8627200200000003,0.7593513999999999,0.5933958163265322,-1.358364647,0.309098,0.387491,MunichHerring,0.680311296,Herring,48.1371079,11.5753822,443323.4843830005,15.0,4.0,25.0,29554.898958866703,-0.3852047973297562
1688,-1.3487658154697115,Vienna,-0.1882640098044272,-0.5767923659514302,-0.26478816143195666,4,16.25,48.25,0.5426508656329767,0.4700827798849809,0.8010322126031174,5.1583721924519965,-1.708792838918482,5.00254581069887,2.2835092379431083,0.6425400666666669,0.6120500200000002,0.6063414,0.741691734693879,-5.189565205,0.296127,-0.191425,ViennaCod,4.1172,Cod,48.2083537,16.3725042,80588.23529411765,4.0,2.0,12.0,20147.058823529413,1.4151733206702675
1689,-0.8398931270955433,Vienna,0.30250090629960363,0.004528854766668769,0.07999808176021465,4,16.25,48.25,0.8959859405488849,0.40092092825571685,0.14887588571722135,-0.36116597835625547,-3.488384266368352,2.8609089451054985,3.2199257579174065,0.6401350666666668,0.6852400200000002,0.7065447333333332,0.6390998979591851,-4.364131834,0.661128,0.702819,ViennaCod,0.0,Cod,48.2083537,16.3725042,82588.23529411765,8.0,4.0,7.0,10323.529411764706,
1690,0.9197277631217972,Vienna,-0.5364960239450065,0.6916735989274841,-0.19781849290100795,4,16.25,48.25,-0.11424228750167932,0.04228632705814545,-0.06491550154403805,2.9654559244254286,1.9960717083777877,7.263161544149115,1.7569467886181087,0.3751250666666668,0.39510002000000016,0.40455139999999984,0.3707835714285728,-4.285012734,0.315687,0.0460976,ViennaCod,4.63185,Cod,48.2083537,16.3725042,80588.23529411765,4.0,0.0,0.0,20147.058823529413,1.5329563563266508
1691,-1.7574065110518644,Vienna,-0.8867335135562053,-0.5473085360929315,-0.3026811155507373,4,16.25,48.25,1.2403448357325182,0.43522542675818543,0.10003205304786025,5.695440048185122,2.2627256392612884,-1.0570305974177958,2.032272680533043,0.0676367333333335,0.06886602000000025,0.10149140000000001,0.09173255102040968,-2.431562704,0.318654,-0.0422589,ViennaCod,4.63185,Cod,48.2083537,16.3725042,80588.23529411765,3.0,0.0,0.0,26862.745098039217,1.5329563563266508
1692,-2.755230831458712,Vienna,-0.6089124897669158,-1.1244829045213676,-0.2331525206167534,4,16.25,48.25,0.3386467808085494,-0.004074259846530357,0.6231456551053528,8.476109536100681,5.836537614032483,2.7444153970273466,4.604868484274756,1.3929934000000004,1.4505540200000002,1.3591680666666666,1.2135998979591853,-0.386287474,-0.268317,-1.21465,ViennaCod,4.889175,Cod,48.2083537,16.3725042,80588.23529411765,3.0,1.0,1.0,26862.745098039217,1.5870235775969266
1693,0.22043517881228558,Vienna,-0.9417712810030257,0.337801019686083,-0.04755137452669358,4,16.25,48.25,1.3431628944840295,-0.42466414873526476,-1.2468970905597134,0.6477304489619966,15.658746936751125,5.801189576658092,3.4189839147895795,0.8054334000000002,0.7849700200000002,0.7511814,0.8486509183673482,0.420132894,0.261385,0.424926,ViennaCod,4.278053571,Cod,48.2083537,16.3725042,80588.23529411765,2.0,0.0,0.0,40294.117647058825,1.4534981330222014
1694,-1.5747160518262013,Vienna,-0.7282821500447095,-0.37970466910799,-0.1191961068678376,4,16.25,48.25,-0.4373847578635722,-0.3038640205925833,-0.5760875744180972,9.131634307318633,3.9836258201238186,1.6265455712282688,2.8157997993266033,-0.045658266666666586,-0.04345797999999981,0.04504473333333341,0.06536520408163425,-1.674852788,0.599743,0.765101,ViennaCod,4.503214286,Cod,48.2083537,16.3725042,80588.23529411765,2.0,0.0,0.0,40294.117647058825,1.504791427573378
1695,-1.6361086696705478,Vienna,-0.6415829386054803,-0.8006518231018477,-0.7401444658815829,4,16.25,48.25,-2.080025648869861,-0.2937140749246883,0.823147895174609,19.092330178615455,0.9638681596635199,5.204168126922949,2.0336388982166613,1.7769600666666672,1.8770780200000001,1.7708780666666666,1.5214876530612258,-2.041568279,0.227544,-0.136875,ViennaCod,4.728375,Cod,48.2083537,16.3725042,85588.23529411765,3.0,1.0,6.0,28529.411764705885,1.553581591679363
1696,0.8043460743788083,Vienna,-0.8180773142417082,0.47179902454110073,-0.4783479146911287,4,16.25,48.25,0.3672073526839692,-0.19874981849032197,-0.6891345751927703,7.326519621256577,13.399879729066232,7.667890106351887,2.63940820366513,-0.2965782666666665,-0.37500397999999985,-0.3199419333333334,-0.08051234693877399,1.906401767,0.169716,0.216441,ViennaCod,4.503214286,Cod,48.2083537,16.3725042,91188.23529411765,4.0,1.0,2.0,22797.058823529413,1.504791427573378
1697,-1.9820699006480398,Vienna,-0.612008442524685,-0.7985418044048344,-0.31976869558935056,4,16.25,48.25,-1.122838482873648,-0.5852109090907814,-1.0108672373720973,6.3433350977413445,3.202248402800122,2.6822319821220098,1.411463355786076,-0.42677659999999984,-0.39325797999999973,-0.2759619333333333,-0.3790429591836718,-0.003707393,-0.0269484,0.339377,ViennaCod,4.503214286,Cod,48.2083537,16.3725042,91188.23529411765,4.0,0.0,0.0,22797.058823529413,1.504791427573378
1698,-1.5304034000732996,Vienna,-0.7742451409869755,-0.9045287893723457,-0.29024105942231443,4,16.25,48.25,-0.9620832640319994,-0.18711384999796474,-0.7828484223477228,5.389767062321159,5.699153243943083,1.8961447180686366,3.757267147886611,0.10206840000000016,0.13079802000000024,0.0962247333333334,0.007855000000001635,-2.423745178,0.249314,-0.0478581,ViennaCod,4.052892857,Cod,48.2083537,16.3725042,27588.235294117647,3.0,1.0,1.0,9196.078431372549,1.3994309118168566
1699,0.15340216120682082,Vienna,-1.1984220043555858,0.30665667076778497,-0.3993273439698394,4,16.25,48.25,-0.17707554562760291,-0.09233254592301006,-0.9404168259738539,1.9171747706105233,5.626491763980584,7.72851221323567,1.7188360195917682,0.18324840000000017,0.1658600200000003,0.13187139999999997,0.1647121428571443,-3.702363235,0.723668,0.859226,ViennaCod,4.503214286,Cod,48.2083537,16.3725042,27588.235294117647,4.0,2.0,3.0,6897.058823529412,1.504791427573378
1700,-1.1084680733504966,Vienna,-0.7538268938517284,0.0026137939496990864,-0.21078163963062155,4,16.25,48.25,-0.9563711496569153,-0.2855754413049023,-0.217315696747592,-2.816381361937149,9.553216126919564,5.386875920181827,4.305468197276891,0.09355006666666689,0.08534202000000024,0.08912473333333325,0.118630510204083,-1.606769315,0.330346,0.29928,ViennaCod,4.728375,Cod,48.2083537,16.3725042,41363.63636363636,4.0,2.0,29.0,10340.90909090909,1.553581591679363
1701,-0.5818218586179609,Vienna,-1.2649849886476237,-0.25960757684125213,-0.507633947498929,4,16.25,48.25,-0.9327066758172818,-0.3434575810007384,-0.7356223723913848,-1.5757266524573865,2.6900718684958633,5.844818212023565,2.510418408338562,0.11861673333333347,0.12898202000000022,0.1298680666666667,0.11573255102040947,-0.222015937,1.22309,0.420721,ViennaCod,5.629017857,Cod,48.2083537,16.3725042,122435.06493506493,4.0,2.0,17.0,30608.766233766233,1.7279349787987621
1702,0.46863783674485987,Vienna,-0.9999238025401522,0.30284025174425355,-0.3638780873857036,4,16.25,48.25,-0.9563711496569153,0.002497941110904435,-0.8079968001478522,8.490288424934992,9.27120011940091,6.436048608867453,2.017801078888865,0.12368673333333352,0.12897002000000027,0.12450806666666665,0.11486520408163416,-0.509720905,0.205248,-0.615973,ViennaCod,6.754821429,Cod,48.2083537,16.3725042,123235.06493506493,5.0,1.0,5.0,24647.012987012986,1.9102565356815422
1703,-0.672310583081882,Vienna,-0.5379938634371255,-0.372225206753793,0.16223753300707144,4,16.25,48.25,-1.2395288193932203,-0.2173616361733478,-0.5595057270735867,1.752935652200162,1.6150992759691691,2.7621285543674308,3.026976013772555,-0.22303493333333313,-0.2344339799999997,-0.20847193333333328,-0.1806552040816312,-2.634760102,0.138811,0.202666,ViennaCod,7.655464286,Cod,48.2083537,16.3725042,128035.06493506493,6.0,1.0,9.0,21339.177489177488,2.035419678609423
1704,-1.4791467895033767,Vienna,-0.06409374261883746,-0.4988497609086991,-0.09729329513049761,4,16.25,48.25,-1.007780179032671,0.2376513788600406,-0.691558535968835,5.611067720062899,-1.5875572394807518,4.089870244665569,2.0624455885497235,-0.7800599333333332,-0.7975379799999999,-0.7335086000000001,-0.7014715306122432,1.765555726,0.185523,0.105612,ViennaCod,5.854178571,Cod,48.2083537,16.3725042,128035.06493506493,5.0,0.0,0.0,25607.012987012986,1.7671556919042144
1705,-1.0328115112213672,Vienna,-1.6760447890162116,-0.07208226500378753,-0.7015968378420296,4,16.25,48.25,-0.8837456954594192,0.1407359570478448,-0.5577033138990679,8.649328746537945,20.60391617520473,7.267482112955301,3.0742055624571094,-0.7266849333333333,-0.7288479799999998,-0.6978252666666669,-0.7222776530612233,-0.189651672,0.933562,0.785918,ViennaCod,4.953535714,Cod,48.2083537,16.3725042,128035.06493506493,8.0,3.0,20.0,16004.383116883117,1.600101607256577
1706,-0.646022142121175,Vienna,-0.2992482757706923,-0.34355876391829454,-0.03277290951875882,4,16.25,48.25,-1.2101522311785031,-0.32913677694513416,-0.6612713685326685,12.350167195574096,-3.8238325314888506,4.044401884541526,1.7717952570484659,-0.01589326666666647,-0.011747979999999856,-0.0633786000000001,-0.09924704081632521,1.623314574,0.581229,0.290916,ViennaCod,4.278053571,Cod,48.2083537,16.3725042,128035.06493506493,8.0,0.0,0.0,16004.383116883117,1.4534981330222014
1707,0.4244505272088717,Vienna,-0.4186868742677886,-0.06846796239926821,-0.07567021016111074,4,16.25,48.25,-1.091829861980335,-0.5013721066033389,0.225826522353635,3.410421033540487,-7.795122021194892,5.42515076681828,2.8556120803067677,-0.3109799333333331,-0.3474199799999998,-0.35712193333333325,-0.26347153061224343,-0.184869195,0.0804694,0.178386,ViennaCod,3.565044643,Cod,48.2083537,16.3725042,141485.06493506493,6.0,1.0,2.0,23580.844155844155,1.2711765763684975
1708,-0.6700711354730234,Vienna,0.24508163673142247,-0.29317255339351367,-0.3798365345913126,4,16.25,48.25,0.16157123518094646,-0.250705937787668,-0.11791402823680748,9.130047686688808,-4.959139955948162,10.360133093761345,4.712298417203722,0.1107117333333335,0.12325602000000026,0.10858473333333336,0.07769173469387909,1.279126263,-0.178762,-0.0558336,ViennaCod,4.052892857,Cod,48.2083537,16.3725042,141485.06493506493,6.0,0.0,0.0,23580.844155844155,1.3994309118168566
1709,-2.911290247664104,Vienna,0.5076297113897736,-1.091914015819243,-0.15639409082105998,4,16.25,48.25,0.22848457500335864,-0.002519546421052289,0.29498905273251996,10.923335658682655,1.5759286916181416,3.560433631281057,4.582996297980219,0.10044673333333345,0.09657802000000024,0.07443806666666664,0.0955794897959199,-0.294012792,-0.396237,-0.0100813,ViennaCod,4.052892857,Cod,48.2083537,16.3725042,127235.06493506493,7.0,2.0,23.0,18176.43784786642,1.3994309118168566
1710,0.3712218657595064,Vienna,-0.03162384132733488,-0.09550388652262796,-0.08823739473192216,4,16.25,48.25,1.3913078585025944,-0.04646639300131722,-0.38163430532849907,0.11881903679212098,11.189676202944604,1.9746788713575836,2.559147130881394,0.8076784000000001,0.8340440200000002,0.7766447333333334,0.7166713265306137,1.719064611,-0.20029,-1.16209,ViennaCod,5.629017857,Cod,48.2083537,16.3725042,127235.06493506493,8.0,1.0,2.0,15904.383116883117,1.7279349787987621
1711,0.2614471521864589,Vienna,0.031918395537082145,-0.00302093045853192,0.16602348536110603,4,16.25,48.25,-1.0241005058186252,-0.21807341316005188,0.9998513115625062,7.010340599033367,1.3184778704294038,4.521570029874178,2.73492677927789,0.01271673333333353,-0.014005979999999838,0.005984733333333215,0.10104887755102175,-3.69458061,-0.0383654,-0.233402,ViennaCod,6.979982143,Cod,48.2083537,16.3725042,129235.06493506493,9.0,1.0,1.0,14359.451659451659,1.943046358461553
1712,-0.9168866728717525,Vienna,-0.5874539022312847,-0.08099753852994891,-0.1244170651315348,4,16.25,48.25,1.1799596266244876,1.0066597654086662,-0.4957647537935203,0.06470417084363557,9.901725933311223,3.5023129616841446,3.6321227201135895,0.5749550666666668,0.6171280200000003,0.6106747333333333,0.5072121428571443,-0.453219556,0.014745,-0.41923,ViennaCod,0.0,Cod,48.2083537,16.3725042,122435.06493506493,6.0,1.0,1.0,20405.844155844155,
1713,0.9526342731355492,Vienna,-0.8031678575398193,0.5724240341866116,-0.4537822752629466,4,16.25,48.25,1.8817336784205179,0.926629191991107,0.05928576183370077,3.593314885963031,9.803594931989359,7.128232446654505,5.461763690525851,0.06891340000000017,0.05654802000000022,0.0612813999999999,0.10807948979591996,-1.722910087,-0.264324,0.411527,ViennaCod,6.3045,Cod,48.2083537,16.3725042,122435.06493506493,5.0,0.0,0.0,24487.012987012986,1.841263664131144
1714,-0.09241063845659835,Vienna,-0.6202684946193,0.38308342794094935,-0.29723712299078153,4,16.25,48.25,0.5826356662585644,0.15840200560123927,0.41788033334014413,-1.565055370011387,6.613479529461207,1.1105426241360334,2.4869892402038087,-0.09920993333333325,-0.09481597999999986,-0.05727526666666666,-0.07400214285714135,-1.93168639,0.183938,0.264389,ViennaCod,5.178696429,Cod,48.2083537,16.3725042,131435.06493506493,7.0,2.0,6.0,18776.43784786642,1.6445533699678465
1715,0.07663423142105648,Vienna,0.14313454460463762,0.024583117081226295,-0.07239368234166665,4,16.25,48.25,0.37944759777343484,-0.2054242346663259,-2.251163325854333,5.525117808206221,0.8045667363336491,2.134819428921825,4.790580782375626,-0.6806632666666665,-0.6968759799999998,-0.6415586,-0.6088898979591822,1.540699062,-0.510178,-0.380715,ViennaCod,4.278053571,Cod,48.2083537,16.3725042,48196.969696969696,9.0,4.0,16.0,5355.218855218855,1.4534981330222014
1716,-0.6891231524439109,Vienna,-1.2786723587346034,-0.22894831621165787,-0.21041191442099114,4,16.25,48.25,-2.163259315478227,-0.5504424428401808,-0.0451100826281868,7.525384249766643,9.541650514578276,2.4490625004690565,0.9658394976361734,-0.7290149333333332,-0.7338159799999998,-0.6945019333333333,-0.7121245918367333,-3.149660084,-1.04314,-0.67571,ViennaCod,3.827732143,Cod,48.2083537,16.3725042,57696.969696969696,10.0,2.0,5.0,5769.69696969697,1.3422724980494778
1717,-0.03782828106456463,Vienna,-0.3151228675428166,0.1608436940292873,-0.1454556132008901,4,16.25,48.25,0.9286265941207932,0.05662050891105328,0.14476828899957225,4.274039685410586,7.282269172096127,7.360498693556809,3.078919135222119,-0.28686326666666645,-0.2896359799999998,-0.3145486,-0.3343286734693864,-0.867230737,-1.1155,-0.974807,ViennaCod,4.278053571,Cod,48.2083537,16.3725042,64284.469696969696,11.0,2.0,5.0,5844.042699724518,1.4534981330222014
1718,-0.7171580282936157,Vienna,1.509991420048898,0.005434256485062429,0.013053846238728664,4,16.25,48.25,-2.2726055049441207,-0.9814076384005495,-0.8372852967728267,-2.7968390757012043,2.9350909877460496,5.741187238071279,2.754500654410487,0.38080840000000016,0.3809620200000002,0.3100547333333333,0.30474275510204213,1.961015518,-0.379794,-0.200809,ViennaCod,4.503214286,Cod,48.2083537,16.3725042,61451.13636363636,9.0,1.0,1.0,6827.90404040404,1.504791427573378
1719,1.1078330061181336,Vienna,-0.18240426116371022,0.26487037960768245,-0.17504043477557613,4,16.25,48.25,-1.2517690644826862,-0.9282642794946673,-0.30205782247828417,-0.8379590329617171,-1.7681976774937262,7.1024280767754195,0.11276630774763471,0.6132667333333335,0.6104480200000003,0.5560747333333333,0.5874264285714301,0.231280521,-0.306846,-0.499665,ViennaCod,6.754821429,Cod,48.2083537,16.3725042,43951.13636363636,8.0,2.0,4.0,5493.892045454545,1.9102565356815422
1720,0.6781013935032965,Vienna,0.19186133142985137,0.34265700200335125,-0.17181144911116714,4,16.25,48.25,-1.151399054749068,-0.13959509053020425,1.128479127343846,-2.1481662076507035,-5.674278705319903,7.353146753075707,3.7113677815963,0.47900006666666683,0.48491002000000016,0.47743473333333336,0.4938141836734708,0.956734805,0.109869,-0.178693,ViennaCod,6.3045,Cod,48.2083537,16.3725042,43451.13636363636,6.0,1.0,2.0,7241.85606060606,1.841263664131144
1721,0.36017503837550935,Vienna,-0.09369957425386125,0.11225150192417203,-0.2764041299963065,4,16.25,48.25,0.5344907022399996,1.040372126538366,0.024604827876189526,-1.7268022417774225,3.09180140407506,3.1778939585242303,4.079207409831623,0.2166400666666668,0.2276740200000002,0.24854140000000002,0.23896724489796067,-1.673246878,0.367052,0.913396,ViennaCod,5.403857143,Cod,48.2083537,16.3725042,36363.63636363636,3.0,0.0,0.0,12121.21212121212,1.6871129843303219
1722,1.5790528925314165,Vienna,0.6584665352237602,0.49862525527144674,-0.21316352941196837,4,16.25,48.25,2.1640753318175254,0.9781743251303704,-0.3771368723130052,-7.634167168758716,2.656385388648901,1.9218630036049933,4.7752434528454994,0.6262200666666669,0.6566700200000003,0.6328947333333332,0.5591509183673484,1.456654061,-0.741886,-0.261051,ViennaCod,4.052892857,Cod,48.2083537,16.3725042,2000.0,2.0,2.0,5.0,1000.0,1.3994309118168566
1723,0.17783553735720461,Vienna,-0.47854404995494193,0.3200305078890427,-0.05073199063026062,4,16.25,48.25,-0.19747595411004565,0.880081090930886,0.627297457821412,2.866829830335836,1.4973154478162192,5.639878993507837,0.06237330671265158,1.0938334,1.11588602,1.0508980666666665,1.0123652040816342,-4.956858342,0.452965,0.480528,ViennaCod,3.884022321,Cod,48.2083537,16.3725042,2000.0,2.0,0.0,0.0,1000.0,1.3568712973229669
1724,1.7861433033162866,Vienna,-0.5015380796477663,0.6046342789963982,-0.28834198823128393,4,16.25,48.25,0.9661633457284878,0.5046075378642924,-1.1279744746323919,4.3523921502318546,-3.1624392649673796,10.543223631587095,0.4631114845522195,0.1364900666666668,0.11464202000000018,0.15657806666666663,0.24450806122449129,1.71847572,0.0547503,-0.180457,ViennaCod,4.840955357,Cod,48.2083537,16.3725042,0.0,1.0,0.0,0.0,0.0,1.5771120890600472
1725,-0.09516816722870049,Vienna,-0.07212191161216207,0.1515932224783799,-0.1853736267943978,4,16.25,48.25,-1.7625952928830524,-0.12991058411763654,-0.22702354986110904,-3.908750946288386,8.28137057307293,-0.6255372826577447,5.276170386230697,-0.9094449333333333,-0.9154799799999997,-0.7871052666666666,-0.7722980612244882,-1.201635596,0.0138972,-0.360519,ViennaCod,4.503214286,Cod,48.2083537,16.3725042,0.0,0.0,0.0,0.0,0.0,1.504791427573378
1726,-0.9338162283029007,Vienna,0.1719632544947962,-0.6358135480513678,0.28291989391919004,4,16.25,48.25,-1.5447189302905637,-0.21277536386987128,0.6593633913755317,7.748551671894655,6.012398825380192,4.106458973650291,-0.12853943034569174,-0.28181659999999986,-0.24658997999999982,-0.23814193333333336,-0.3665225510204065,-2.233127217,0.518359,-0.742788,ViennaCod,4.503214286,Cod,48.2083537,16.3725042,0.0,0.0,0.0,0.0,0.0,1.504791427573378
1727,0.58884102276513,Vienna,-0.10715506123955049,0.3193840592601723,0.041666725135216964,4,16.25,48.25,-0.8829296791201215,0.6751843671729084,0.506350190052665,8.194393359860529,9.075665264088142,6.628180247178173,3.6835004994337126,0.5032967333333336,0.5040080200000002,0.41303140000000005,0.3912325510204096,-2.231793338,-0.206899,-0.710125,ViennaCod,4.33434375,Cod,48.2083537,16.3725042,0.0,2.0,2.0,2.0,0.0,1.4665702146897335
1728,-0.6022526399748994,Vienna,0.7738941827796171,-0.34702194131403935,-0.07798935238161354,4,16.25,48.25,-1.0804056332301673,0.027087690970730292,-0.2667465894503915,10.247897443026096,-5.407275724352766,3.9911475590820262,2.866657378832114,-0.6522765999999998,-0.7142939799999997,-0.6629352666666667,-0.49147153061224313,1.856624179,-0.430913,-0.492281,ViennaCod,4.503214286,Cod,48.2083537,16.3725042,0.0,0.0,0.0,0.0,0.0,1.504791427573378
1729,-1.109454098790218,Vienna,-0.2312814586492205,-0.6606752844456109,-0.2630129745313992,4,16.25,48.25,-1.4084442016278462,0.38553841061097616,0.31997738313255386,-3.9626147156441127,-8.215680896514653,-0.351338331877171,0.6171757126059604,-0.4275932666666664,-0.4032599799999998,-0.3567486000000001,-0.42790010204081497,-0.573970449,-1.21809,-0.760171,ViennaCod,3.715151786,Cod,48.2083537,16.3725042,0.0,1.0,1.0,17.0,0.0,1.3124195349393801
1730,-0.46509483008009833,Vienna,-0.8816258182169707,-0.10573293197263241,-0.06362609372865999,4,16.25,48.25,0.5402028166150836,0.21369855881459512,-0.22531965269888596,2.1514691929081544,2.1810488879291996,2.7168498456721544,4.24616871353207,0.1061667333333335,0.11832002000000019,0.06643806666666659,0.024161122448981037,-3.762188085,-1.08449,-1.18953,ViennaCod,3.715151786,Cod,48.2083537,16.3725042,0.0,2.0,1.0,2.0,0.0,1.3124195349393801
1731,-1.942670663798156,Vienna,-0.7959168102913601,-0.5678730823014069,-0.4839870014317713,4,16.25,48.25,-1.658961217792243,-0.011735451359136182,1.3084415774158193,4.7716485830065265,-4.774263957350259,4.423651801193415,1.8100200415051817,-0.032646599999999845,-0.05824397999999985,-0.07378193333333338,-0.01220622448979433,-2.242799649,-0.257217,-1.10569,ViennaCod,3.377410714,Cod,48.2083537,16.3725042,0.0,3.0,1.0,1.0,0.0,1.2171093549735545
1732,-1.264368722747798,Vienna,0.41148596390609476,-0.4435299683517354,-0.10075850076688266,4,16.25,48.25,-1.3888598094847013,0.588587129031624,0.7885663700243509,2.8089536794361742,-4.857000930156915,4.249188032184531,3.830951017598,0.4054084000000001,0.4206140200000002,0.3944813999999999,0.3630998979591849,0.034932014,-0.489,-0.966742,ViennaCod,4.052892857,Cod,48.2083537,16.3725042,0.0,1.0,0.0,0.0,0.0,1.3994309118168566
1733,0.7410148302461964,Vienna,-0.1817399474140674,1.012626974450151,-0.1291609950487925,4,16.25,48.25,0.8209124373334956,0.9936800927052932,0.5047994525172307,0.15556369885590815,-8.914525155296896,4.618804778053438,1.2781619374111288,-1.2401365999999998,-1.2970679799999998,-1.192335266666667,-1.034277653061223,-0.102425538,-0.225486,-0.309223,ViennaCod,4.953535714,Cod,48.2083537,16.3725042,28333.333333333332,2.0,1.0,3.0,14166.666666666666,1.600101607256577
1734,0.03409308300053541,Vienna,0.7292535522257911,0.36721217891215413,0.058018520999530095,4,16.25,48.25,0.08078561759047323,1.177279847952128,0.5071358558876006,2.566224606296428,-17.33253407047187,2.9819341080907975,1.2182629265210034,0.10484173333333341,0.16615202000000015,0.15205139999999995,-0.044277653061223055,-2.443968207,-0.063905,0.559148,ViennaCod,4.503214286,Cod,48.2083537,16.3725042,28333.333333333332,4.0,2.0,3.0,7083.333333333333,1.504791427573378
1735,0.025193785599660384,Vienna,-0.16830952887176096,0.4981630551247708,-0.08825662238751653,4,16.25,48.25,0.9131222836741367,0.8312549033604248,1.0744713669739623,-2.957901725389283,-6.761162087316364,7.837333349816158,3.6408829043002444,0.24250340000000012,0.21804802000000018,0.1387013999999999,0.2007121428571443,-3.672193157,-0.508593,0.79585,ViennaCod,5.25375,Cod,48.2083537,16.3725042,28333.333333333332,4.0,1.0,1.0,7083.333333333333,1.6589421073371895
1736,0.052476608147882985,Vienna,-0.3687756034927401,0.22514095839716852,-0.0947965385184245,4,16.25,48.25,-0.3663913363446715,0.2432063244903443,0.894821742924417,6.834526508640086,-0.5753516947260495,8.280484010612518,2.2667043066282364,0.3373684000000001,0.32932802000000017,0.3149313999999999,0.3445386734693893,-2.84722466,-0.871766,-0.286241,ViennaCod,0.0,Cod,48.2083537,16.3725042,50000.0,2.0,1.0,4.0,25000.0,
1737,-0.7069050349500724,Vienna,-0.5050664630538879,0.38235404723153826,-0.15500994334943433,4,16.25,48.25,-0.7107502315283049,0.714951561549794,0.4124382302075948,-2.4574836443185686,-2.5580152323460146,6.200929190475151,0.8776093109895101,0.4362784000000001,0.4513920200000001,0.43532806666666657,0.4228550000000013,0.391891584,-0.298875,0.829519,ViennaCod,0.0,Cod,48.2083537,16.3725042,50000.0,2.0,0.0,0.0,25000.0,
1738,-1.2164295028521919,Vienna,-0.23799353436495088,0.2698339618461902,-0.03906608113517262,4,16.25,48.25,-1.1758795449279993,0.5267223312781004,-0.39197833930511916,-7.665047531220403,-4.6784601179591006,2.96322571009958,2.29264481629869,0.32698173333333347,0.33617602000000024,0.33329473333333337,0.3266713265306137,-3.897267319,0.132986,1.05688,ViennaCod,0.0,Cod,48.2083537,16.3725042,50000.0,2.0,0.0,0.0,25000.0,
1739,-0.7509586461213525,Vienna,-0.41835471739296726,0.06607839572487793,-0.5016317774542567,4,16.25,48.25,-0.9106742346562438,-0.18565834878222082,0.08765240250279072,-3.229064744315765,-13.680361078103434,8.519711287056536,3.027987886002954,0.24071006666666675,0.2487180200000002,0.2566647333333333,0.24238561224489943,-0.40373382,-0.386681,-0.137031,ViennaCod,0.0,Cod,48.2083537,16.3725042,50000.0,2.0,0.0,0.0,25000.0,
1740,-3.637088532776973,Vienna,-1.9679981477625246,-0.8516944100719493,-0.8523144815640901,4,16.25,48.25,-1.712818296185892,-0.7173092461019213,0.28485425891042226,14.973190625743667,11.211655223467607,5.508233143828309,1.803652067763158,0.26364006666666673,0.2735440200000003,0.27287473333333334,0.2520386734693893,-2.974397837,-0.967676,-0.619613,ViennaCod,0.0,Cod,48.2083537,16.3725042,44496.666666666664,4.0,3.0,13.0,11124.166666666666,
1741,0.0679020569760664,Vienna,-1.81804498655778,0.2783513519627498,-0.74558668288751,4,16.25,48.25,-1.1750635285887014,-0.7228106279265648,0.2602438122491157,4.195379966146764,3.910893658729681,4.117966336079449,0.6781992104892995,0.48143006666666677,0.49599002000000025,0.4740147333333333,0.44401826530612404,-4.029758764,-0.0922972,0.353436,ViennaCod,0.0,Cod,48.2083537,16.3725042,47830.0,4.0,1.0,3.0,11957.5,
1742,-0.8827100283932744,Vienna,-1.6959867357271867,0.19955793747428088,-0.8011322717158033,4,16.25,48.25,-1.2183123945714802,-0.7581485957852987,1.1239257580310127,6.717547771040651,3.110263297194987,6.509193851229052,1.1780648986989273,-0.6077999333333332,-0.6415439799999997,-0.5706585999999999,-0.47519602040816167,-2.512045511,-0.584601,0.127061,ViennaCod,1.688705357,Cod,48.2083537,16.3725042,47830.0,4.0,0.0,0.0,11957.5,0.5239621744136091
1743,-0.7078158550596455,Vienna,-1.3026252563868177,0.5973049622140638,-0.34371859810078,4,16.25,48.25,0.23256465669984713,-0.4015459237388627,1.4483941191935894,-4.026730842796223,9.4836210592036,2.5335874509017713,4.059959565933656,-0.27607159999999986,-0.24990997999999975,-0.2167519333333333,-0.3059103061224476,-2.123283132,-0.162895,0.0615899,ViennaCod,2.626875,Cod,48.2083537,16.3725042,40030.0,3.0,0.0,0.0,13343.333333333334,0.9657949267772441
1744,-2.5340603116405322,Vienna,-0.687552196658592,-0.4641811015986074,-0.21513585193923507,4,16.25,48.25,-0.3076381599152364,-0.47169683145530483,1.1344948368942,-0.7969354009406033,0.6682251594206043,-0.6754520928799747,2.3196397569345253,0.1578084000000002,0.16149402000000027,0.11219140000000005,0.09017132653061377,-0.285092007,-0.070602,0.600982,ViennaCod,2.626875,Cod,48.2083537,16.3725042,50596.666666666664,3.0,1.0,2.0,16865.555555555555,0.9657949267772441
1745,-2.0555120836116934,Vienna,-0.570006265636893,-0.4491176016953448,-0.247821171464575,4,16.25,48.25,-1.0706134371585947,-0.5276145332906271,0.43962161069302075,5.470559488892118,-2.815625812935029,3.2621040038834637,2.421106942132403,0.6067250666666668,0.6074680200000002,0.5496947333333334,0.5524672448979606,-0.480550127,-0.477895,-0.182705,ViennaCod,2.626875,Cod,48.2083537,16.3725042,51846.666666666664,4.0,1.0,2.0,12961.666666666666,0.9657949267772441
1746,-0.1164930563996236,Vienna,-0.5135646653606389,0.5425848727669883,-0.2931709697556172,4,16.25,48.25,-2.052281093333739,-1.0774944697678477,1.1455867999190685,-0.897505718519632,-0.9444433530673741,6.428094713361498,1.47446565209292,0.8691734000000002,0.8811780200000003,0.8325747333333333,0.8334264285714299,3.821283269,0.875006,0.431728,ViennaCod,2.626875,Cod,48.2083537,16.3725042,37946.666666666664,2.0,0.0,0.0,18973.333333333332,0.9657949267772441
1747,0.9285936359314952,Vienna,-0.6313738150378568,0.13298241156458898,-0.2408799386172087,4,16.25,48.25,-1.7707554562760293,-0.1509103174952873,1.2860432634248926,-8.028368809122219,-4.9544991874298026,5.0816440917940175,1.5592623306787876,1.3420634,1.3786220200000001,1.3174180666666666,1.2645794897959197,-0.161715567,0.743432,0.142835,ViennaCod,2.626875,Cod,48.2083537,16.3725042,36696.666666666664,2.0,1.0,1.0,18348.333333333332,0.9657949267772441
1748,-0.4061756319828494,Vienna,-0.11558432532699903,-0.03050725915407999,-0.14932531003331762,4,16.25,48.25,-2.4056161682496473,-0.6586151027906365,0.5934418332913405,-5.36036423225234,3.5634653750659613,1.66085542780338,2.887976636881316,-0.5918499333333331,-0.6373919799999999,-0.5220552666666667,-0.36868581632652925,0.564548772,-0.766917,-0.954901,ViennaCod,2.626875,Cod,48.2083537,16.3725042,36696.666666666664,1.0,0.0,0.0,36696.666666666664,0.9657949267772441
1749,0.7191551476164412,Vienna,-0.19706303343177128,0.28202366699943304,-0.20497612347575864,4,16.25,48.25,-0.3280385683976792,-0.08529108821858823,0.9274375180024285,6.057982216607606,-1.7701419009831634,6.371148132566942,1.8136829288329088,0.7189367333333334,0.8063580200000002,0.8014947333333333,0.5562121428571444,-1.633543135,0.803211,0.219042,ViennaCod,2.560125,Cod,48.2083537,16.3725042,0.0,0.0,0.0,0.0,0.0,0.9400560854244171
1750,-1.0008659582039536,Vienna,-0.23846983478922307,0.22371711997145802,0.000975125877300177,4,16.25,48.25,0.2529650651822899,-0.25036735800942184,-0.3592718819111265,1.5545770898307731,9.463825417151055,4.609364555188424,3.8964905994540633,-0.7920599333333331,-0.8566099799999998,-0.8104986000000001,-0.6406654081632637,-0.370073206,0.276164,0.274324,ViennaCod,2.43925,Cod,48.2083537,16.3725042,0.0,0.0,0.0,0.0,0.0,0.8916906150059223
